{
	"format_version": "1.12.0",
	"minecraft:geometry": [
		{
			"description": {
				"identifier": "geometry.arip_grtlm_sight_a",
				"texture_width": 128,
				"texture_height": 128,
				"visible_bounds_width": 128,
				"visible_bounds_height": 11,
				"visible_bounds_offset": [0, 0.5, 0]
			},
			"bones": [
				{
					"name": "scope_view",
					"pivot": [0, 0, 2.5]
				},
				{
					"name": "division",
					"pivot": [0, 0, -69.9995],
					"cubes": [
						{
							"origin": [-31, -31, -70],
							"size": [62, 62, 0.001],
							"uv": {
								"south": {"uv": [0, 0], "uv_size": [62, 62]}
							}
						},
						{
							"origin": [-31, -84, -70],
							"size": [62, 53, 0.001],
							"uv": {
								"south": {"uv": [0, 0], "uv_size": [1, 0.5]}
							}
						},
						{
							"origin": [31, -84, -70],
							"size": [65, 168, 0.001],
							"uv": {
								"south": {"uv": [0, 0], "uv_size": [1, 0.5]}
							}
						},
						{
							"origin": [-31, 31, -70],
							"size": [62, 53, 0.001],
							"uv": {
								"south": {"uv": [0, 0], "uv_size": [1, 0.5]}
							}
						},
						{
							"origin": [-96, -84, -70],
							"size": [65, 168, 0.001],
							"uv": {
								"south": {"uv": [0, 0], "uv_size": [1, 0.5]}
							}
						}
					]
				},
				{
					"name": "division_illuminated",
					"parent": "division",
					"pivot": [0, -1.1, -52],
					"cubes": [
						{
							"origin": [-31, -31, -70.0001],
							"size": [62, 62, 0.001],
							"uv": {
								"south": {"uv": [0, 63], "uv_size": [62, 62]}
							}
						}
					]
				},
				{
					"name": "ocular",
					"pivot": [0, 0, -0.05],
					"cubes": [
						{
							"origin": [-0.1989, -1, 0],
							"size": [0.3978, 2, 0.1],
							"pivot": [0, 0, 0.05],
							"rotation": [0, 0, -11.25],
							"uv": {
								"south": {"uv": [63, 0], "uv_size": [0.5, 2]}
							}
						},
						{
							"origin": [-0.1989, -1, 0],
							"size": [0.3978, 2, 0.1],
							"pivot": [0, 0, 0.05],
							"rotation": [0, 0, -33.75],
							"uv": {
								"south": {"uv": [63, 3], "uv_size": [0.5, 2]}
							}
						},
						{
							"origin": [-0.1989, -1, 0],
							"size": [0.3978, 2, 0.1],
							"pivot": [0, 0, 0.05],
							"rotation": [0, 0, -56.25],
							"uv": {
								"south": {"uv": [63, 6], "uv_size": [0.5, 2]}
							}
						},
						{
							"origin": [-0.1989, -1, 0],
							"size": [0.3978, 2, 0.1],
							"pivot": [0, 0, 0.05],
							"rotation": [0, 0, -78.75],
							"uv": {
								"south": {"uv": [63, 9], "uv_size": [0.5, 2]}
							}
						},
						{
							"origin": [-0.1989, -1, 0],
							"size": [0.3978, 2, 0.1],
							"pivot": [0, 0, 0.05],
							"rotation": [0, 0, -101.25],
							"uv": {
								"south": {"uv": [63, 12], "uv_size": [0.5, 2]}
							}
						},
						{
							"origin": [-0.1989, -1, 0],
							"size": [0.3978, 2, 0.1],
							"pivot": [0, 0, 0.05],
							"rotation": [0, 0, -123.75],
							"uv": {
								"south": {"uv": [63, 15], "uv_size": [0.5, 2]}
							}
						},
						{
							"origin": [-0.1989, -1, 0],
							"size": [0.3978, 2, 0.1],
							"pivot": [0, 0, 0.05],
							"rotation": [0, 0, -146.25],
							"uv": {
								"south": {"uv": [63, 18], "uv_size": [0.5, 2]}
							}
						},
						{
							"origin": [-0.1989, -1, 0],
							"size": [0.3978, 2, 0.1],
							"pivot": [0, 0, 0.05],
							"rotation": [0, 0, -168.75],
							"uv": {
								"south": {"uv": [63, 21], "uv_size": [0.5, 2]}
							}
						}
					]
				},
				{
					"name": "ocular_ring",
					"pivot": [0, 0, 0.05],
					"cubes": [
						{
							"origin": [-0.2188, 1, 0],
							"size": [0.4376, 0.1, 0.2],
							"pivot": [0, 0, 0.325],
							"rotation": [0, 0, -11.25],
							"uv": {}
						},
						{
							"origin": [-0.2188, 1, 0],
							"size": [0.4376, 0.1, 0.2],
							"pivot": [0, 0, 0.325],
							"rotation": [0, 0, -33.75],
							"uv": {}
						},
						{
							"origin": [-0.2188, 1, 0],
							"size": [0.4376, 0.1, 0.2],
							"pivot": [0, 0, 0.325],
							"rotation": [0, 0, -56.25],
							"uv": {}
						},
						{
							"origin": [-0.2188, 1, 0],
							"size": [0.4376, 0.1, 0.2],
							"pivot": [0, 0, 0.325],
							"rotation": [0, 0, -78.75],
							"uv": {}
						},
						{
							"origin": [-0.2188, 1, 0],
							"size": [0.4376, 0.1, 0.2],
							"pivot": [0, 0, 0.325],
							"rotation": [0, 0, -101.25],
							"uv": {}
						},
						{
							"origin": [-0.2188, -1.1, 0],
							"size": [0.4376, 0.1, 0.2],
							"pivot": [0, 0, 0.325],
							"rotation": [0, 0, 56.25],
							"uv": {}
						},
						{
							"origin": [-0.2188, -1.1, 0],
							"size": [0.4376, 0.1, 0.2],
							"pivot": [0, 0, 0.325],
							"rotation": [0, 0, 33.75],
							"uv": {}
						},
						{
							"origin": [-0.2188, -1.1, 0],
							"size": [0.4376, 0.1, 0.2],
							"pivot": [0, 0, 0.325],
							"rotation": [0, 0, 11.25],
							"uv": {}
						},
						{
							"origin": [-0.2188, -1.1, 0],
							"size": [0.4376, 0.1, 0.2],
							"pivot": [0, 0, 0.325],
							"rotation": [0, 0, -11.25],
							"uv": {}
						},
						{
							"origin": [-0.2188, -1.1, 0],
							"size": [0.4376, 0.1, 0.2],
							"pivot": [0, 0, 0.325],
							"rotation": [0, 0, -33.75],
							"uv": {}
						},
						{
							"origin": [-0.2188, -1.1, 0],
							"size": [0.4376, 0.1, 0.2],
							"pivot": [0, 0, 0.325],
							"rotation": [0, 0, -56.25],
							"uv": {}
						},
						{
							"origin": [-0.2188, -1.1, 0],
							"size": [0.4376, 0.1, 0.2],
							"pivot": [0, 0, 0.325],
							"rotation": [0, 0, -78.75],
							"uv": {}
						},
						{
							"origin": [-0.2188, 1, 0],
							"size": [0.4376, 0.1, 0.2],
							"pivot": [0, 0, 0.325],
							"rotation": [0, 0, 78.75],
							"uv": {}
						},
						{
							"origin": [-0.2188, 1, 0],
							"size": [0.4376, 0.1, 0.2],
							"pivot": [0, 0, 0.325],
							"rotation": [0, 0, 56.25],
							"uv": {}
						},
						{
							"origin": [-0.2188, 1, 0],
							"size": [0.4376, 0.1, 0.2],
							"pivot": [0, 0, 0.325],
							"rotation": [0, 0, 33.75],
							"uv": {}
						},
						{
							"origin": [-0.2188, 1, 0],
							"size": [0.4376, 0.1, 0.2],
							"pivot": [0, 0, 0.325],
							"rotation": [0, 0, 11.25],
							"uv": {}
						}
					]
				},
				{
					"name": "scope_body",
					"pivot": [0, 0, 0]
				}
			]
		}
	]
}