{
	"format_version": "1.12.0",
	"minecraft:geometry": [
		{
			"description": {
				"identifier": "geometry.arip_breach",
				"texture_width": 16,
				"texture_height": 16,
				"visible_bounds_width": 2,
				"visible_bounds_height": 2.5,
				"visible_bounds_offset": [0, 0.75, 0]
			},
			"bones": [
				{
					"name": "compensator",
					"pivot": [0, 0, 0],
					"cubes": [
						{
							"origin": [-0.2796, -0.675, -3.75],
							"size": [0.5592, 0.4, 3.75],
							"uv": {
								"north": {"uv": [4, 6], "uv_size": [1, 1]},
								"south": {"uv": [6, 4], "uv_size": [1, 1]},
								"up": {"uv": [0, 0], "uv_size": [1, 4]},
								"down": {"uv": [1, 4], "uv_size": [1, -4]}
							}
						},
						{
							"origin": [-0.2796, -0.675, -3.75],
							"size": [0.5592, 0.4, 3.75],
							"pivot": [0, 0, -2.25],
							"rotation": [0, 0, 45],
							"uv": {
								"north": {"uv": [5, 6], "uv_size": [1, 1]},
								"south": {"uv": [6, 5], "uv_size": [1, 1]},
								"up": {"uv": [2, 0], "uv_size": [1, 4]},
								"down": {"uv": [3, 4], "uv_size": [1, -4]}
							}
						},
						{
							"origin": [-0.2796, -0.675, -3.75],
							"size": [0.5592, 0.4, 3.75],
							"pivot": [0, 0, -2.25],
							"rotation": [0, 0, -45],
							"uv": {
								"north": {"uv": [6, 6], "uv_size": [1, 1]},
								"south": {"uv": [7, 0], "uv_size": [1, 1]},
								"up": {"uv": [0, 4], "uv_size": [1, 4]},
								"down": {"uv": [4, 4], "uv_size": [1, -4]}
							}
						},
						{
							"origin": [-0.2796, -0.675, -2.25],
							"size": [0.5592, 0.4, 2.25],
							"pivot": [0, 0, -2.25],
							"rotation": [0, 0, 90],
							"uv": {
								"north": {"uv": [7, 1], "uv_size": [1, 1]},
								"south": {"uv": [7, 2], "uv_size": [1, 1]},
								"up": {"uv": [1, 4], "uv_size": [1, 2]},
								"down": {"uv": [2, 6], "uv_size": [1, -2]}
							}
						},
						{
							"origin": [-0.0046, -0.675, -2.625],
							"size": [0.2842, 0.4, 0.375],
							"pivot": [0, 0, -4.875],
							"rotation": [0, 0, 90],
							"uv": {
								"east": {"uv": [7, 3], "uv_size": [1, 1]},
								"up": {"uv": [4, 7], "uv_size": [1, 1]},
								"down": {"uv": [7, 5], "uv_size": [1, -1]}
							}
						},
						{
							"origin": [-0.2796, -0.675, -3],
							"size": [0.5592, 0.4, 0.375],
							"pivot": [0, 0, -4.875],
							"rotation": [0, 0, 90],
							"uv": {
								"north": {"uv": [5, 7], "uv_size": [1, 1]},
								"south": {"uv": [7, 5], "uv_size": [1, 1]},
								"up": {"uv": [6, 7], "uv_size": [1, 1]},
								"down": {"uv": [7, 7], "uv_size": [1, -1]}
							}
						},
						{
							"origin": [-0.0046, -0.675, -3.375],
							"size": [0.2842, 0.4, 0.375],
							"pivot": [0, 0, -5.625],
							"rotation": [0, 0, 90],
							"uv": {
								"east": {"uv": [7, 7], "uv_size": [1, 1]},
								"up": {"uv": [0, 8], "uv_size": [1, 1]},
								"down": {"uv": [8, 1], "uv_size": [1, -1]}
							}
						},
						{
							"origin": [-0.2796, -0.675, -3.75],
							"size": [0.5592, 0.4, 0.375],
							"pivot": [0, 0, -5.625],
							"rotation": [0, 0, 90],
							"uv": {
								"north": {"uv": [1, 8], "uv_size": [1, 1]},
								"south": {"uv": [8, 1], "uv_size": [1, 1]},
								"up": {"uv": [2, 8], "uv_size": [1, 1]},
								"down": {"uv": [8, 3], "uv_size": [1, -1]}
							}
						},
						{
							"origin": [-0.2796, -0.675, -2.25],
							"size": [0.5592, 0.4, 2.25],
							"pivot": [0, 0, -2.25],
							"rotation": [0, 0, -90],
							"uv": {
								"north": {"uv": [3, 8], "uv_size": [1, 1]},
								"south": {"uv": [8, 3], "uv_size": [1, 1]},
								"up": {"uv": [3, 4], "uv_size": [1, 2]},
								"down": {"uv": [4, 6], "uv_size": [1, -2]}
							}
						},
						{
							"origin": [-0.2796, -0.675, -2.625],
							"size": [0.2842, 0.4, 0.375],
							"pivot": [0, 0, -4.875],
							"rotation": [0, 0, -90],
							"uv": {
								"west": {"uv": [4, 8], "uv_size": [1, 1]},
								"up": {"uv": [8, 4], "uv_size": [1, 1]},
								"down": {"uv": [5, 9], "uv_size": [1, -1]}
							}
						},
						{
							"origin": [-0.2796, -0.675, -3],
							"size": [0.5592, 0.4, 0.375],
							"pivot": [0, 0, -4.875],
							"rotation": [0, 0, -90],
							"uv": {
								"north": {"uv": [8, 5], "uv_size": [1, 1]},
								"south": {"uv": [6, 8], "uv_size": [1, 1]},
								"up": {"uv": [8, 6], "uv_size": [1, 1]},
								"down": {"uv": [7, 9], "uv_size": [1, -1]}
							}
						},
						{
							"origin": [-0.2796, -0.675, -3.375],
							"size": [0.2842, 0.4, 0.375],
							"pivot": [0, 0, -5.625],
							"rotation": [0, 0, -90],
							"uv": {
								"west": {"uv": [8, 7], "uv_size": [1, 1]},
								"up": {"uv": [8, 8], "uv_size": [1, 1]},
								"down": {"uv": [0, 10], "uv_size": [1, -1]}
							}
						},
						{
							"origin": [-0.2796, -0.675, -3.75],
							"size": [0.5592, 0.4, 0.375],
							"pivot": [0, 0, -5.625],
							"rotation": [0, 0, -90],
							"uv": {
								"north": {"uv": [9, 0], "uv_size": [1, 1]},
								"south": {"uv": [1, 9], "uv_size": [1, 1]},
								"up": {"uv": [9, 1], "uv_size": [1, 1]},
								"down": {"uv": [2, 10], "uv_size": [1, -1]}
							}
						},
						{
							"origin": [-0.2796, -0.675, -1.5],
							"size": [0.5592, 0.4, 1.5],
							"pivot": [0, 0, -2.25],
							"rotation": [0, 0, 135],
							"uv": {
								"north": {"uv": [9, 2], "uv_size": [1, 1]},
								"south": {"uv": [3, 9], "uv_size": [1, 1]},
								"up": {"uv": [5, 0], "uv_size": [1, 2]},
								"down": {"uv": [5, 4], "uv_size": [1, -2]}
							}
						},
						{
							"origin": [-0.0046, -0.675, -1.875],
							"size": [0.2842, 0.4, 0.375],
							"pivot": [0, 0, -2.25],
							"rotation": [0, 0, 135],
							"uv": {
								"east": {"uv": [9, 3], "uv_size": [1, 1]},
								"up": {"uv": [4, 9], "uv_size": [1, 1]},
								"down": {"uv": [9, 5], "uv_size": [1, -1]}
							}
						},
						{
							"origin": [-0.2796, -0.675, -2.25],
							"size": [0.5592, 0.4, 0.375],
							"pivot": [0, 0, -2.25],
							"rotation": [0, 0, 135],
							"uv": {
								"north": {"uv": [5, 9], "uv_size": [1, 1]},
								"south": {"uv": [9, 5], "uv_size": [1, 1]},
								"up": {"uv": [6, 9], "uv_size": [1, 1]},
								"down": {"uv": [9, 7], "uv_size": [1, -1]}
							}
						},
						{
							"origin": [-0.2796, -0.675, -2.625],
							"size": [0.2842, 0.4, 0.375],
							"pivot": [0, 0, -4.875],
							"rotation": [0, 0, 135],
							"uv": {
								"west": {"uv": [7, 9], "uv_size": [1, 1]},
								"up": {"uv": [9, 7], "uv_size": [1, 1]},
								"down": {"uv": [8, 10], "uv_size": [1, -1]}
							}
						},
						{
							"origin": [-0.2796, -0.675, -3],
							"size": [0.5592, 0.4, 0.375],
							"pivot": [0, 0, -4.875],
							"rotation": [0, 0, 135],
							"uv": {
								"north": {"uv": [9, 8], "uv_size": [1, 1]},
								"south": {"uv": [9, 9], "uv_size": [1, 1]},
								"up": {"uv": [0, 10], "uv_size": [1, 1]},
								"down": {"uv": [10, 1], "uv_size": [1, -1]}
							}
						},
						{
							"origin": [-0.2796, -0.675, -3.375],
							"size": [0.2842, 0.4, 0.375],
							"pivot": [0, 0, -5.625],
							"rotation": [0, 0, 135],
							"uv": {
								"west": {"uv": [1, 10], "uv_size": [1, 1]},
								"up": {"uv": [10, 1], "uv_size": [1, 1]},
								"down": {"uv": [2, 11], "uv_size": [1, -1]}
							}
						},
						{
							"origin": [-0.2796, -0.675, -3.75],
							"size": [0.5592, 0.4, 0.375],
							"pivot": [0, 0, -5.625],
							"rotation": [0, 0, 135],
							"uv": {
								"north": {"uv": [10, 2], "uv_size": [1, 1]},
								"south": {"uv": [3, 10], "uv_size": [1, 1]},
								"up": {"uv": [10, 3], "uv_size": [1, 1]},
								"down": {"uv": [4, 11], "uv_size": [1, -1]}
							}
						},
						{
							"origin": [-0.2796, -0.675, -1.5],
							"size": [0.5592, 0.4, 1.5],
							"pivot": [0, 0, -2.25],
							"rotation": [0, 0, -135],
							"uv": {
								"north": {"uv": [10, 4], "uv_size": [1, 1]},
								"south": {"uv": [5, 10], "uv_size": [1, 1]},
								"up": {"uv": [5, 4], "uv_size": [1, 2]},
								"down": {"uv": [6, 2], "uv_size": [1, -2]}
							}
						},
						{
							"origin": [-0.2796, -0.675, -1.875],
							"size": [0.2842, 0.4, 0.375],
							"pivot": [0, 0, -2.25],
							"rotation": [0, 0, -135],
							"uv": {
								"west": {"uv": [10, 5], "uv_size": [1, 1]},
								"up": {"uv": [6, 10], "uv_size": [1, 1]},
								"down": {"uv": [10, 7], "uv_size": [1, -1]}
							}
						},
						{
							"origin": [-0.2796, -0.675, -2.25],
							"size": [0.5592, 0.4, 0.375],
							"pivot": [0, 0, -2.25],
							"rotation": [0, 0, -135],
							"uv": {
								"north": {"uv": [7, 10], "uv_size": [1, 1]},
								"south": {"uv": [10, 7], "uv_size": [1, 1]},
								"up": {"uv": [8, 10], "uv_size": [1, 1]},
								"down": {"uv": [10, 9], "uv_size": [1, -1]}
							}
						},
						{
							"origin": [-0.0046, -0.675, -2.625],
							"size": [0.2842, 0.4, 0.375],
							"pivot": [0, 0, -4.875],
							"rotation": [0, 0, -135],
							"uv": {
								"east": {"uv": [9, 10], "uv_size": [1, 1]},
								"up": {"uv": [10, 9], "uv_size": [1, 1]},
								"down": {"uv": [10, 11], "uv_size": [1, -1]}
							}
						},
						{
							"origin": [-0.2796, -0.675, -3],
							"size": [0.5592, 0.4, 0.375],
							"pivot": [0, 0, -4.875],
							"rotation": [0, 0, -135],
							"uv": {
								"north": {"uv": [0, 11], "uv_size": [1, 1]},
								"south": {"uv": [11, 0], "uv_size": [1, 1]},
								"up": {"uv": [1, 11], "uv_size": [1, 1]},
								"down": {"uv": [11, 2], "uv_size": [1, -1]}
							}
						},
						{
							"origin": [-0.0046, -0.675, -3.375],
							"size": [0.2842, 0.4, 0.375],
							"pivot": [0, 0, -5.625],
							"rotation": [0, 0, -135],
							"uv": {
								"east": {"uv": [2, 11], "uv_size": [1, 1]},
								"up": {"uv": [11, 2], "uv_size": [1, 1]},
								"down": {"uv": [3, 12], "uv_size": [1, -1]}
							}
						},
						{
							"origin": [-0.2796, -0.675, -3.75],
							"size": [0.5592, 0.4, 0.375],
							"pivot": [0, 0, -5.625],
							"rotation": [0, 0, -135],
							"uv": {
								"north": {"uv": [11, 3], "uv_size": [1, 1]},
								"south": {"uv": [4, 11], "uv_size": [1, 1]},
								"up": {"uv": [11, 4], "uv_size": [1, 1]},
								"down": {"uv": [5, 12], "uv_size": [1, -1]}
							}
						},
						{
							"origin": [-0.2796, -0.675, -1.5],
							"size": [0.5592, 0.4, 1.5],
							"pivot": [0, 0, -2.25],
							"rotation": [0, 0, -180],
							"uv": {
								"north": {"uv": [11, 5], "uv_size": [1, 1]},
								"south": {"uv": [6, 11], "uv_size": [1, 1]},
								"up": {"uv": [1, 6], "uv_size": [1, 2]},
								"down": {"uv": [2, 8], "uv_size": [1, -2]}
							}
						},
						{
							"origin": [-0.1296, -0.675, -1.875],
							"size": [0.2592, 0.4, 0.375],
							"pivot": [0, 0, -2.25],
							"rotation": [0, 0, -180],
							"uv": {
								"east": {"uv": [11, 6], "uv_size": [1, 1]},
								"west": {"uv": [7, 11], "uv_size": [1, 1]},
								"up": {"uv": [11, 7], "uv_size": [1, 1]},
								"down": {"uv": [8, 12], "uv_size": [1, -1]}
							}
						},
						{
							"origin": [-0.2796, -0.675, -3.75],
							"size": [0.5592, 0.4, 1.875],
							"pivot": [0, 0, -2.25],
							"rotation": [0, 0, -180],
							"uv": {
								"north": {"uv": [11, 8], "uv_size": [1, 1]},
								"south": {"uv": [9, 11], "uv_size": [1, 1]},
								"up": {"uv": [6, 2], "uv_size": [1, 2]},
								"down": {"uv": [3, 8], "uv_size": [1, -2]}
							}
						},
						{
							"origin": [-2.00402, -0.625, -4.25402],
							"size": [0.07617, 0.25, 0.07617],
							"pivot": [0, 0, -2.25],
							"rotation": [0, -45, -135],
							"uv": {
								"north": {"uv": [11, 9], "uv_size": [1, 1]},
								"east": {"uv": [10, 11], "uv_size": [1, 1]},
								"up": {"uv": [11, 10], "uv_size": [1, 1]},
								"down": {"uv": [11, 12], "uv_size": [1, -1]}
							}
						},
						{
							"origin": [-0.53582, -0.625, -4.97866],
							"size": [0.1, 0.25, 1.3],
							"pivot": [0, 0, -2.25],
							"rotation": [0, -10, -45],
							"uv": {
								"east": {"uv": [12, 10], "uv_size": [1, 1]},
								"up": {"uv": [11, 12], "uv_size": [1, 1]},
								"down": {"uv": [12, 12], "uv_size": [1, -1]}
							}
						},
						{
							"origin": [-0.0921, -0.625, -4.7625],
							"size": [0.1842, 0.25, 0.5125],
							"pivot": [0, 0, -2.25],
							"rotation": [0, 0, -45],
							"uv": {
								"up": {"uv": [12, 9], "uv_size": [1, 1]},
								"down": {"uv": [10, 13], "uv_size": [1, -1]}
							}
						},
						{
							"origin": [-0.1796, -0.625, -4.25],
							"size": [0.3592, 0.25, 0.5],
							"pivot": [0, 0, -2.25],
							"rotation": [0, 0, -45],
							"uv": {
								"up": {"uv": [12, 8], "uv_size": [1, 1]},
								"down": {"uv": [9, 13], "uv_size": [1, -1]}
							}
						},
						{
							"origin": [0.43582, -0.625, -4.97866],
							"size": [0.1, 0.25, 1.3],
							"pivot": [0, 0, -2.25],
							"rotation": [0, 10, -45],
							"uv": {
								"west": {"uv": [7, 12], "uv_size": [1, 1]},
								"up": {"uv": [12, 7], "uv_size": [1, 1]},
								"down": {"uv": [8, 13], "uv_size": [1, -1]}
							}
						},
						{
							"origin": [-2.00402, -0.625, -4.25402],
							"size": [0.07617, 0.25, 0.07617],
							"pivot": [0, 0, -2.25],
							"rotation": [0, -45, -45],
							"uv": {
								"north": {"uv": [5, 12], "uv_size": [1, 1]},
								"east": {"uv": [12, 5], "uv_size": [1, 1]},
								"up": {"uv": [6, 12], "uv_size": [1, 1]},
								"down": {"uv": [12, 7], "uv_size": [1, -1]}
							}
						},
						{
							"origin": [0.43582, -0.625, -4.97866],
							"size": [0.1, 0.25, 1.3],
							"pivot": [0, 0, -2.25],
							"rotation": [0, 10, -135],
							"uv": {
								"west": {"uv": [0, 12], "uv_size": [1, 1]},
								"up": {"uv": [12, 0], "uv_size": [1, 1]},
								"down": {"uv": [1, 13], "uv_size": [1, -1]}
							}
						},
						{
							"origin": [-0.1796, -0.625, -4.25],
							"size": [0.3592, 0.25, 0.5],
							"pivot": [0, 0, -2.25],
							"rotation": [0, 0, -135],
							"uv": {
								"up": {"uv": [3, 12], "uv_size": [1, 1]},
								"down": {"uv": [12, 4], "uv_size": [1, -1]}
							}
						},
						{
							"origin": [-0.0921, -0.625, -4.7625],
							"size": [0.1842, 0.25, 0.5125],
							"pivot": [0, 0, -2.25],
							"rotation": [0, 0, -135],
							"uv": {
								"up": {"uv": [4, 12], "uv_size": [1, 1]},
								"down": {"uv": [12, 5], "uv_size": [1, -1]}
							}
						},
						{
							"origin": [-0.53582, -0.625, -4.97866],
							"size": [0.1, 0.25, 1.3],
							"pivot": [0, 0, -2.25],
							"rotation": [0, -10, -135],
							"uv": {
								"east": {"uv": [12, 1], "uv_size": [1, 1]},
								"up": {"uv": [2, 12], "uv_size": [1, 1]},
								"down": {"uv": [12, 3], "uv_size": [1, -1]}
							}
						},
						{
							"origin": [0.43582, -0.625, -4.97866],
							"size": [0.1, 0.25, 1.3],
							"pivot": [0, 0, -2.25],
							"rotation": [0, 10, 45],
							"uv": {
								"west": {"uv": [12, 13], "uv_size": [1, 1]},
								"up": {"uv": [13, 12], "uv_size": [1, 1]},
								"down": {"uv": [13, 14], "uv_size": [1, -1]}
							}
						},
						{
							"origin": [-0.0921, -0.625, -4.7625],
							"size": [0.1842, 0.25, 0.5125],
							"pivot": [0, 0, -2.25],
							"rotation": [0, 0, 45],
							"uv": {
								"up": {"uv": [11, 13], "uv_size": [1, 1]},
								"down": {"uv": [13, 12], "uv_size": [1, -1]}
							}
						},
						{
							"origin": [-0.1796, -0.625, -4.25],
							"size": [0.3592, 0.25, 0.5],
							"pivot": [0, 0, -2.25],
							"rotation": [0, 0, 45],
							"uv": {
								"up": {"uv": [10, 13], "uv_size": [1, 1]},
								"down": {"uv": [13, 11], "uv_size": [1, -1]}
							}
						},
						{
							"origin": [-0.53582, -0.625, -4.97866],
							"size": [0.1, 0.25, 1.3],
							"pivot": [0, 0, -2.25],
							"rotation": [0, -10, 45],
							"uv": {
								"east": {"uv": [13, 8], "uv_size": [1, 1]},
								"up": {"uv": [9, 13], "uv_size": [1, 1]},
								"down": {"uv": [13, 10], "uv_size": [1, -1]}
							}
						},
						{
							"origin": [1.92785, -0.625, -4.25402],
							"size": [0.07617, 0.25, 0.07617],
							"pivot": [0, 0, -2.25],
							"rotation": [0, 45, 45],
							"uv": {
								"north": {"uv": [13, 6], "uv_size": [1, 1]},
								"west": {"uv": [7, 13], "uv_size": [1, 1]},
								"up": {"uv": [13, 7], "uv_size": [1, 1]},
								"down": {"uv": [8, 14], "uv_size": [1, -1]}
							}
						},
						{
							"origin": [-0.0921, -0.625, -4.7625],
							"size": [0.1842, 0.25, 0.5125],
							"pivot": [0, 0, -2.25],
							"rotation": [0, 0, 135],
							"uv": {
								"up": {"uv": [13, 5], "uv_size": [1, 1]},
								"down": {"uv": [6, 14], "uv_size": [1, -1]}
							}
						},
						{
							"origin": [-0.1796, -0.625, -4.25],
							"size": [0.3592, 0.25, 0.5],
							"pivot": [0, 0, -2.25],
							"rotation": [0, 0, 135],
							"uv": {
								"up": {"uv": [13, 4], "uv_size": [1, 1]},
								"down": {"uv": [5, 14], "uv_size": [1, -1]}
							}
						},
						{
							"origin": [0.43582, -0.625, -4.97866],
							"size": [0.1, 0.25, 1.3],
							"pivot": [0, 0, -2.25],
							"rotation": [0, 10, 135],
							"uv": {
								"west": {"uv": [3, 13], "uv_size": [1, 1]},
								"up": {"uv": [13, 3], "uv_size": [1, 1]},
								"down": {"uv": [4, 14], "uv_size": [1, -1]}
							}
						},
						{
							"origin": [-0.53582, -0.625, -4.97866],
							"size": [0.1, 0.25, 1.3],
							"pivot": [0, 0, -2.25],
							"rotation": [0, -10, 135],
							"uv": {
								"east": {"uv": [13, 1], "uv_size": [1, 1]},
								"up": {"uv": [2, 13], "uv_size": [1, 1]},
								"down": {"uv": [13, 3], "uv_size": [1, -1]}
							}
						},
						{
							"origin": [1.92785, -0.625, -4.25402],
							"size": [0.07617, 0.25, 0.07617],
							"pivot": [0, 0, -2.25],
							"rotation": [0, 45, 135],
							"uv": {
								"north": {"uv": [12, 12], "uv_size": [1, 1]},
								"west": {"uv": [0, 13], "uv_size": [1, 1]},
								"up": {"uv": [13, 0], "uv_size": [1, 1]},
								"down": {"uv": [1, 14], "uv_size": [1, -1]}
							}
						}
					]
				}
			]
		}
	]
}