{
	"format_version": "1.12.0",
	"minecraft:geometry": [
		{
			"description": {
				"identifier": "geometry.bayonet_sks",
				"texture_width": 32,
				"texture_height": 32,
				"visible_bounds_width": 3,
				"visible_bounds_height": 2.5,
				"visible_bounds_offset": [0, 0.75, 0]
			},
			"bones": [
				{
					"name": "6Kh2",
					"pivot": [0.25, 3, -19]
				},
				{
					"name": "base",
					"parent": "6Kh2",
					"pivot": [0, 0, 0.075],
					"cubes": [
						{
							"origin": [0.3375, -0.18122, -0.25],
							"size": [0.1, 0.36244, 0.5],
							"uv": {
								"north": {"uv": [10, 8], "uv_size": [1, 1]},
								"east": {"uv": [10, 9], "uv_size": [1, 1]},
								"south": {"uv": [10, 10], "uv_size": [1, 1]},
								"west": {"uv": [4, 11], "uv_size": [1, 1]}
							}
						},
						{
							"origin": [-0.18122, 0.3375, -0.25],
							"size": [0.36244, 0.1, 0.5],
							"uv": {
								"north": {"uv": [11, 4], "uv_size": [1, 1]},
								"south": {"uv": [5, 11], "uv_size": [1, 1]},
								"up": {"uv": [11, 5], "uv_size": [1, 1]},
								"down": {"uv": [6, 12], "uv_size": [1, -1]}
							}
						},
						{
							"origin": [-0.18122, 0.3375, -0.25],
							"size": [0.36244, 0.1, 0.5],
							"pivot": [0, 0, 0.075],
							"rotation": [0, 0, 45],
							"uv": {
								"north": {"uv": [11, 6], "uv_size": [1, 1]},
								"south": {"uv": [7, 11], "uv_size": [1, 1]},
								"up": {"uv": [11, 7], "uv_size": [1, 1]},
								"down": {"uv": [8, 12], "uv_size": [1, -1]}
							}
						},
						{
							"origin": [0.3375, -0.18122, -0.25],
							"size": [0.1, 0.36244, 0.5],
							"pivot": [0, 0, 0.075],
							"rotation": [0, 0, -135],
							"uv": {
								"north": {"uv": [11, 8], "uv_size": [1, 1]},
								"east": {"uv": [9, 11], "uv_size": [1, 1]},
								"south": {"uv": [11, 9], "uv_size": [1, 1]},
								"west": {"uv": [10, 11], "uv_size": [1, 1]}
							}
						},
						{
							"origin": [0.3375, -0.18122, -0.25],
							"size": [0.1, 0.36244, 0.5],
							"pivot": [0, 0, 0.075],
							"rotation": [0, 0, -180],
							"uv": {
								"north": {"uv": [11, 10], "uv_size": [1, 1]},
								"east": {"uv": [11, 11], "uv_size": [1, 1]},
								"south": {"uv": [0, 12], "uv_size": [1, 1]},
								"west": {"uv": [1, 12], "uv_size": [1, 1]}
							}
						},
						{
							"origin": [-0.18122, 0.3375, -0.25],
							"size": [0.36244, 0.35, 0.5],
							"pivot": [0, 0, 0.075],
							"rotation": [0, 0, -180],
							"uv": {
								"north": {"uv": [12, 2], "uv_size": [1, 1]},
								"east": {"uv": [12, 3], "uv_size": [1, 1]},
								"south": {"uv": [4, 12], "uv_size": [1, 1]},
								"west": {"uv": [12, 4], "uv_size": [1, 1]},
								"down": {"uv": [5, 13], "uv_size": [1, -1]}
							}
						},
						{
							"origin": [-0.18122, 0.3375, -0.25],
							"size": [0.36244, 0.1, 0.5],
							"pivot": [0, 0, 0.075],
							"rotation": [0, 0, -135],
							"uv": {
								"north": {"uv": [12, 5], "uv_size": [1, 1]},
								"south": {"uv": [6, 12], "uv_size": [1, 1]},
								"up": {"uv": [12, 6], "uv_size": [1, 1]},
								"down": {"uv": [7, 13], "uv_size": [1, -1]}
							}
						},
						{
							"origin": [0.3375, -0.18122, -0.25],
							"size": [0.1, 0.36244, 0.5],
							"pivot": [0, 0, 0.075],
							"rotation": [0, 0, 45],
							"uv": {
								"north": {"uv": [12, 7], "uv_size": [1, 1]},
								"east": {"uv": [8, 12], "uv_size": [1, 1]},
								"south": {"uv": [12, 8], "uv_size": [1, 1]},
								"west": {"uv": [9, 12], "uv_size": [1, 1]}
							}
						},
						{
							"origin": [-0.1864, -1.5875, -0.25],
							"size": [0.3728, 0.9, 0.5],
							"pivot": [0, -1.1375, 0],
							"rotation": [0, 0, -180],
							"uv": {
								"north": {"uv": [12, 9], "uv_size": [1, 1]},
								"south": {"uv": [10, 12], "uv_size": [1, 1]},
								"up": {"uv": [12, 10], "uv_size": [1, 1]},
								"down": {"uv": [11, 13], "uv_size": [1, -1]}
							}
						},
						{
							"origin": [-0.1864, -1.5875, -0.25],
							"size": [0.3728, 0.9, 0.5],
							"pivot": [0, -1.1375, 0],
							"rotation": [0, 0, -135],
							"uv": {
								"north": {"uv": [12, 11], "uv_size": [1, 1]},
								"south": {"uv": [12, 12], "uv_size": [1, 1]},
								"up": {"uv": [0, 13], "uv_size": [1, 1]},
								"down": {"uv": [1, 14], "uv_size": [1, -1]}
							}
						},
						{
							"origin": [-0.1864, -1.5875, -0.25],
							"size": [0.3728, 0.9, 0.5],
							"pivot": [0, -1.1375, 0],
							"rotation": [0, 0, -90],
							"uv": {
								"north": {"uv": [13, 2], "uv_size": [1, 1]},
								"south": {"uv": [13, 3], "uv_size": [1, 1]},
								"up": {"uv": [4, 13], "uv_size": [1, 1]},
								"down": {"uv": [13, 5], "uv_size": [1, -1]}
							}
						},
						{
							"origin": [-0.1864, -1.5875, -0.25],
							"size": [0.3728, 0.9, 0.5],
							"pivot": [0, -1.1375, 0],
							"rotation": [0, 0, -45],
							"uv": {
								"north": {"uv": [5, 13], "uv_size": [1, 1]},
								"south": {"uv": [13, 5], "uv_size": [1, 1]},
								"up": {"uv": [6, 13], "uv_size": [1, 1]},
								"down": {"uv": [13, 7], "uv_size": [1, -1]}
							}
						},
						{
							"origin": [0.15559, -1.4875, -0.30502],
							"size": [0.1, 0.7, 0.2],
							"pivot": [0.04279, -1.1375, -0.21973],
							"rotation": [0, 30, 180],
							"uv": {
								"west": {"uv": [7, 13], "uv_size": [1, 1]},
								"up": {"uv": [13, 7], "uv_size": [1, 1]},
								"down": {"uv": [8, 14], "uv_size": [1, -1]}
							}
						},
						{
							"origin": [-0.25559, -1.4875, -0.30502],
							"size": [0.1, 0.7, 0.2],
							"pivot": [-0.04279, -1.1375, -0.21973],
							"rotation": [0, -30, -180],
							"uv": {
								"east": {"uv": [3, 17], "uv_size": [1, 1]},
								"up": {"uv": [17, 3], "uv_size": [1, 1]},
								"down": {"uv": [4, 18], "uv_size": [1, -1]}
							}
						},
						{
							"origin": [-0.1, -1.4875, -0.9],
							"size": [0.2, 0.7, 0.65],
							"pivot": [0.00057, -1.1375, -0.6503],
							"rotation": [0, 0, -180],
							"uv": {
								"north": {"uv": [13, 8], "uv_size": [1, 1]},
								"east": {"uv": [9, 13], "uv_size": [1, 1]},
								"west": {"uv": [13, 9], "uv_size": [1, 1]},
								"up": {"uv": [10, 13], "uv_size": [1, 1]},
								"down": {"uv": [13, 11], "uv_size": [1, -1]}
							}
						},
						{
							"origin": [-0.1553, -1.5125, 0.25],
							"size": [0.3106, 0.75, 1.9],
							"pivot": [0, -1.1375, 1.2],
							"rotation": [0, 0, -180],
							"uv": {
								"south": {"uv": [11, 13], "uv_size": [1, 1]},
								"up": {"uv": [4, 9], "uv_size": [1, 2]},
								"down": {"uv": [5, 11], "uv_size": [1, -2]}
							}
						},
						{
							"origin": [-0.1553, -1.5125, 0.25],
							"size": [0.3106, 0.75, 1.9],
							"pivot": [0, -1.1375, 1.2],
							"rotation": [0, 0, -135],
							"uv": {
								"south": {"uv": [13, 11], "uv_size": [1, 1]},
								"up": {"uv": [6, 9], "uv_size": [1, 2]},
								"down": {"uv": [7, 11], "uv_size": [1, -2]}
							}
						},
						{
							"origin": [-0.1553, -1.5125, 0.25],
							"size": [0.3106, 0.75, 1.9],
							"pivot": [0, -1.1375, 1.2],
							"rotation": [0, 0, -45],
							"uv": {
								"south": {"uv": [12, 13], "uv_size": [1, 1]},
								"up": {"uv": [8, 9], "uv_size": [1, 2]},
								"down": {"uv": [9, 11], "uv_size": [1, -2]}
							}
						},
						{
							"origin": [-0.1553, -1.5125, 0.25],
							"size": [0.3106, 0.75, 1.9],
							"pivot": [0, -1.1375, 1.2],
							"rotation": [0, 0, -90],
							"uv": {
								"south": {"uv": [13, 12], "uv_size": [1, 1]},
								"up": {"uv": [0, 10], "uv_size": [1, 2]},
								"down": {"uv": [10, 6], "uv_size": [1, -2]}
							}
						},
						{
							"origin": [-0.175, -1.3125, 2.15],
							"size": [0.35, 0.35, 0.2],
							"pivot": [0, -1.1375, 2.25],
							"rotation": [0, 0, -180],
							"uv": {
								"east": {"uv": [13, 13], "uv_size": [1, 1]},
								"west": {"uv": [0, 14], "uv_size": [1, 1]},
								"up": {"uv": [1, 14], "uv_size": [1, 1]},
								"down": {"uv": [2, 15], "uv_size": [1, -1]}
							}
						},
						{
							"origin": [-0.25, -0.4375, 2.15],
							"size": [0.5, 0.15, 0.2],
							"pivot": [0, -0.9, 0.175],
							"rotation": [0, 0, -180],
							"uv": {
								"north": {"uv": [14, 2], "uv_size": [1, 1]},
								"east": {"uv": [14, 3], "uv_size": [1, 1]},
								"south": {"uv": [4, 14], "uv_size": [1, 1]},
								"west": {"uv": [14, 4], "uv_size": [1, 1]},
								"up": {"uv": [5, 14], "uv_size": [1, 1]},
								"down": {"uv": [14, 6], "uv_size": [1, -1]}
							}
						},
						{
							"origin": [-0.25, -1.0375, 2.15],
							"size": [0.5, 0.15, 0.2],
							"pivot": [0, -0.9, 0.175],
							"rotation": [0, 0, -180],
							"uv": {
								"north": {"uv": [6, 14], "uv_size": [1, 1]},
								"east": {"uv": [14, 6], "uv_size": [1, 1]},
								"south": {"uv": [7, 14], "uv_size": [1, 1]},
								"west": {"uv": [14, 7], "uv_size": [1, 1]},
								"up": {"uv": [8, 14], "uv_size": [1, 1]},
								"down": {"uv": [14, 9], "uv_size": [1, -1]}
							}
						},
						{
							"origin": [-0.38122, -1.2625, 2.625],
							"size": [0.76244, 0.25, 0.25],
							"pivot": [0, -1.1375, 2.75],
							"rotation": [-45, 0, -180],
							"uv": {
								"north": {"uv": [9, 14], "uv_size": [1, 1]},
								"east": {"uv": [14, 9], "uv_size": [1, 1]},
								"south": {"uv": [10, 14], "uv_size": [1, 1]},
								"west": {"uv": [14, 10], "uv_size": [1, 1]},
								"up": {"uv": [11, 14], "uv_size": [1, 1]},
								"down": {"uv": [14, 12], "uv_size": [1, -1]}
							}
						},
						{
							"origin": [-0.2125, -0.9375, 2.375],
							"size": [0.425, 0.3125, 0.25],
							"uv": {
								"north": {"uv": [12, 14], "uv_size": [1, 1]},
								"east": {"uv": [14, 12], "uv_size": [1, 1]},
								"south": {"uv": [13, 14], "uv_size": [1, 1]},
								"west": {"uv": [14, 13], "uv_size": [1, 1]},
								"up": {"uv": [14, 14], "uv_size": [1, 1]}
							}
						},
						{
							"origin": [-0.2125, -0.9375, 2.875],
							"size": [0.425, 0.3125, 0.25],
							"uv": {
								"north": {"uv": [17, 4], "uv_size": [1, 1]},
								"east": {"uv": [5, 17], "uv_size": [1, 1]},
								"south": {"uv": [17, 5], "uv_size": [1, 1]},
								"west": {"uv": [6, 17], "uv_size": [1, 1]},
								"up": {"uv": [17, 6], "uv_size": [1, 1]}
							}
						},
						{
							"origin": [-0.3125, -1.2375, 2.225],
							"size": [0.625, 0.3, 1.05],
							"uv": {
								"north": {"uv": [0, 15], "uv_size": [1, 1]},
								"east": {"uv": [1, 15], "uv_size": [1, 1]},
								"south": {"uv": [2, 15], "uv_size": [1, 1]},
								"west": {"uv": [15, 2], "uv_size": [1, 1]},
								"up": {"uv": [15, 3], "uv_size": [1, 1]}
							}
						},
						{
							"origin": [-0.3125, -1.5875, 2.575],
							"size": [0.625, 0.35, 0.35],
							"uv": {
								"east": {"uv": [4, 15], "uv_size": [1, 1]},
								"west": {"uv": [15, 4], "uv_size": [1, 1]},
								"down": {"uv": [5, 16], "uv_size": [1, -1]}
							}
						},
						{
							"origin": [-0.3125, -1.6284, 2.43588],
							"size": [0.625, 0.25, 0.49497],
							"pivot": [0, -1.1784, 2.8023],
							"rotation": [-45, 0, 0],
							"uv": {
								"east": {"uv": [15, 5], "uv_size": [1, 1]},
								"west": {"uv": [6, 15], "uv_size": [1, 1]},
								"down": {"uv": [15, 7], "uv_size": [1, -1]}
							}
						},
						{
							"origin": [-0.3125, -1.6284, 2.56915],
							"size": [0.625, 0.25, 0.49497],
							"pivot": [0, -1.1784, 2.6977],
							"rotation": [45, 0, 0],
							"uv": {
								"east": {"uv": [7, 15], "uv_size": [1, 1]},
								"west": {"uv": [15, 7], "uv_size": [1, 1]},
								"down": {"uv": [8, 16], "uv_size": [1, -1]}
							}
						}
					]
				},
				{
					"name": "blade",
					"parent": "6Kh2",
					"pivot": [-0.3, -1.7375, -2.6],
					"cubes": [
						{
							"origin": [-0.05, -1.6125, -0.95],
							"size": [0.1, 0.9625, 0.05],
							"uv": {
								"north": {"uv": [15, 8], "uv_size": [1, 1]},
								"east": {"uv": [9, 15], "uv_size": [1, 1]},
								"west": {"uv": [15, 9], "uv_size": [1, 1]},
								"up": {"uv": [10, 15], "uv_size": [1, 1]},
								"down": {"uv": [15, 11], "uv_size": [1, -1]}
							}
						},
						{
							"origin": [0.00029, -1.17618, -11.76171],
							"size": [0.04684, 0.08985, 0.03407],
							"pivot": [0, -1.16875, -11.762],
							"rotation": [0, -45, 0],
							"uv": {
								"north": {"uv": [11, 16], "uv_size": [1, -1]},
								"east": {"uv": [15, 12], "uv_size": [1, -1]},
								"west": {"uv": [12, 16], "uv_size": [1, -1]},
								"up": {"uv": [15, 12], "uv_size": [1, 1]}
							}
						},
						{
							"origin": [-0.05, -3.63425, -11.46999],
							"size": [0.1, 0.0625, 0.5],
							"pivot": [-0.3, -1.7375, -2.6],
							"rotation": [-15.75, 0, 0],
							"uv": {
								"east": {"uv": [13, 15], "uv_size": [1, 1]},
								"west": {"uv": [15, 13], "uv_size": [1, 1]},
								"down": {"uv": [14, 16], "uv_size": [1, -1]}
							}
						},
						{
							"origin": [-0.08131, -1.28242, -11.77987],
							"size": [0.07059, 0.07059, 0.60146],
							"pivot": [0, -1.29315, -11.40273],
							"rotation": [-11.27824, 11.06587, 43.90398],
							"uv": {
								"east": {"uv": [13, 15], "uv_size": [1, 1]},
								"west": {"uv": [15, 13], "uv_size": [1, 1]},
								"down": {"uv": [14, 16], "uv_size": [1, -1]}
							}
						},
						{
							"origin": [-0.05, -2.63705, -11.13932],
							"size": [0.1, 0.15, 1.15],
							"pivot": [-0.3, -1.7375, -2.6],
							"rotation": [-9, 0, 0],
							"uv": {
								"east": {"uv": [15, 14], "uv_size": [1, 1]},
								"west": {"uv": [15, 15], "uv_size": [1, 1]},
								"down": {"uv": [0, 17], "uv_size": [1, -1]}
							}
						},
						{
							"origin": [-0.05216, -1.4245, -11.1859],
							"size": [0.07065, 0.07065, 1.15075],
							"pivot": [0, -1.406, -10.59525],
							"rotation": [-6.3902, 6.35082, 44.64512],
							"uv": {
								"east": {"uv": [15, 14], "uv_size": [1, 1]},
								"west": {"uv": [15, 15], "uv_size": [1, 1]},
								"down": {"uv": [0, 17], "uv_size": [1, -1]}
							}
						},
						{
							"origin": [-0.05, -2.1842, -10.03275],
							"size": [0.1, 0.2625, 1.1],
							"pivot": [-0.3, -1.7375, -2.6],
							"rotation": [-5.5, 0, 0],
							"uv": {
								"east": {"uv": [16, 0], "uv_size": [1, 1]},
								"west": {"uv": [1, 16], "uv_size": [1, 1]},
								"down": {"uv": [16, 2], "uv_size": [1, -1]}
							}
						},
						{
							"origin": [-0.11851, -1.59397, -10.05526],
							"size": [0.07067, 0.07067, 1.1012],
							"pivot": [0, -1.64182, -9.4813],
							"rotation": [-3.89507, 3.8861, 44.86781],
							"uv": {
								"east": {"uv": [16, 0], "uv_size": [1, 1]},
								"west": {"uv": [1, 16], "uv_size": [1, 1]},
								"down": {"uv": [16, 2], "uv_size": [1, -1]}
							}
						},
						{
							"origin": [-0.05, -1.31349, -1.07615],
							"size": [0.1, 0.125, 0.325],
							"pivot": [-0.3, -1.7375, -0.6],
							"rotation": [22.5, 0, 0],
							"uv": {
								"east": {"uv": [2, 16], "uv_size": [1, 1]},
								"west": {"uv": [16, 2], "uv_size": [1, 1]},
								"up": {"uv": [3, 16], "uv_size": [1, 1]}
							}
						},
						{
							"origin": [-0.05, -1.575, -8.95],
							"size": [0.1, 0.1625, 8],
							"uv": {
								"east": {"uv": [0, 0], "uv_size": [8, 1]},
								"west": {"uv": [0, 1], "uv_size": [8, 1]},
								"down": {"uv": [0, 10], "uv_size": [1, -8]}
							}
						},
						{
							"origin": [-0.19003, -1.67443, -8.95],
							"size": [0.07071, 0.07071, 8],
							"pivot": [0, -1.79375, -4.95],
							"rotation": [0, 0, 45],
							"uv": {
								"east": {"uv": [0, 0], "uv_size": [8, 1]},
								"west": {"uv": [0, 1], "uv_size": [8, 1]},
								"down": {"uv": [0, 10], "uv_size": [1, -8]}
							}
						},
						{
							"origin": [-0.05, -1.54363, -8.95213],
							"size": [0.1, 0.125, 8],
							"pivot": [-0.3, -1.7375, -2.6],
							"rotation": [-1, 0, 0],
							"uv": {
								"east": {"uv": [1, 2], "uv_size": [8, 1]},
								"west": {"uv": [1, 3], "uv_size": [8, 1]},
								"up": {"uv": [1, 4], "uv_size": [1, 8]}
							}
						},
						{
							"origin": [-0.05, 1.26372, -11.14087],
							"size": [0.1, 0.0625, 0.5],
							"pivot": [-0.3, -1.7375, -2.6],
							"rotation": [15.75, 0, 0],
							"uv": {
								"east": {"uv": [16, 3], "uv_size": [1, 1]},
								"west": {"uv": [4, 16], "uv_size": [1, 1]},
								"up": {"uv": [16, 4], "uv_size": [1, 1]}
							}
						},
						{
							"origin": [-0.05734, -1.08262, -11.75273],
							"size": [0.07059, 0.07059, 0.60145],
							"pivot": [0, -1.06936, -11.40273],
							"rotation": [11.27824, -11.06587, 43.90398],
							"uv": {
								"east": {"uv": [16, 3], "uv_size": [1, 1]},
								"west": {"uv": [4, 16], "uv_size": [1, 1]},
								"up": {"uv": [16, 4], "uv_size": [1, 1]}
							}
						},
						{
							"origin": [-0.05, -1.13125, -11.35181],
							"size": [0.1, 0.1, 0.75],
							"uv": {
								"east": {"uv": [5, 16], "uv_size": [1, 1]},
								"west": {"uv": [16, 5], "uv_size": [1, 1]}
							}
						},
						{
							"origin": [-0.05, -1.23125, -11.35181],
							"size": [0.1, 0.1, 0.75],
							"uv": {
								"east": {"uv": [6, 16], "uv_size": [1, 1]},
								"west": {"uv": [16, 6], "uv_size": [1, 1]}
							}
						},
						{
							"origin": [-0.05, -1.13125, -10.60181],
							"size": [0.1, 0.2, 2.5],
							"uv": {
								"east": {"uv": [4, 8], "uv_size": [3, 1]},
								"west": {"uv": [7, 8], "uv_size": [3, 1]}
							}
						},
						{
							"origin": [-0.05, 6.10164, -11.57768],
							"size": [0.1, 0.2, 0.15],
							"pivot": [-0.3, 5.49539, -3.57587],
							"rotation": [60, 0, 0],
							"uv": {
								"east": {"uv": [7, 16], "uv_size": [1, 1]},
								"west": {"uv": [16, 7], "uv_size": [1, 1]},
								"down": {"uv": [8, 17], "uv_size": [1, -1]}
							}
						},
						{
							"origin": [-0.05, 3.00757, -8.86892],
							"size": [0.1, 0.2, 0.2625],
							"pivot": [-0.3, 2.40132, -0.86712],
							"rotation": [30, 0, 0],
							"uv": {
								"east": {"uv": [16, 8], "uv_size": [1, 1]},
								"west": {"uv": [9, 16], "uv_size": [1, 1]},
								"down": {"uv": [16, 10], "uv_size": [1, -1]}
							}
						},
						{
							"origin": [-0.05, -8.56414, -11.57768],
							"size": [0.1, 0.2, 0.15],
							"pivot": [-0.3, -7.75789, -3.57587],
							"rotation": [-60, 0, 0],
							"uv": {
								"east": {"uv": [10, 16], "uv_size": [1, 1]},
								"west": {"uv": [16, 10], "uv_size": [1, 1]},
								"up": {"uv": [11, 16], "uv_size": [1, 1]}
							}
						},
						{
							"origin": [-0.05, -5.47007, -8.86892],
							"size": [0.1, 0.2, 0.2625],
							"pivot": [-0.3, -4.66382, -0.86712],
							"rotation": [-30, 0, 0],
							"uv": {
								"east": {"uv": [16, 11], "uv_size": [1, 1]},
								"west": {"uv": [12, 16], "uv_size": [1, 1]},
								"up": {"uv": [16, 12], "uv_size": [1, 1]}
							}
						},
						{
							"origin": [-0.05, -1.13125, -11.51431],
							"size": [0.1, 0.05, 0.1625],
							"uv": {
								"east": {"uv": [13, 16], "uv_size": [1, 1]},
								"west": {"uv": [16, 13], "uv_size": [1, 1]}
							}
						},
						{
							"origin": [-0.05, -1.18125, -11.51431],
							"size": [0.1, 0.05, 0.1625],
							"uv": {
								"east": {"uv": [14, 16], "uv_size": [1, 1]},
								"west": {"uv": [16, 14], "uv_size": [1, 1]}
							}
						},
						{
							"origin": [-0.05, -1.33125, -10.60181],
							"size": [0.1, 0.2, 2.5],
							"uv": {
								"east": {"uv": [9, 2], "uv_size": [3, 1]},
								"west": {"uv": [9, 3], "uv_size": [3, 1]}
							}
						},
						{
							"origin": [-0.05, 0.20962, -10.94965],
							"size": [0.1, 0.15, 1.15],
							"pivot": [-0.3, -1.7375, -2.6],
							"rotation": [9, 0, 0],
							"uv": {
								"east": {"uv": [15, 16], "uv_size": [1, 1]},
								"west": {"uv": [16, 15], "uv_size": [1, 1]},
								"up": {"uv": [16, 16], "uv_size": [1, 1]}
							}
						},
						{
							"origin": [-0.08833, -0.93882, -11.17026],
							"size": [0.07066, 0.07066, 1.15077],
							"pivot": [0, -0.9565, -10.59526],
							"rotation": [6.3902, -6.35082, 44.64512],
							"uv": {
								"east": {"uv": [15, 16], "uv_size": [1, 1]},
								"west": {"uv": [16, 15], "uv_size": [1, 1]},
								"up": {"uv": [16, 16], "uv_size": [1, 1]}
							}
						},
						{
							"origin": [-0.05, -0.34639, -9.91653],
							"size": [0.1, 0.2625, 1.1],
							"pivot": [-0.3, -1.7375, -2.6],
							"rotation": [5.5, 0, 0],
							"uv": {
								"east": {"uv": [0, 17], "uv_size": [1, 1]},
								"west": {"uv": [17, 0], "uv_size": [1, 1]},
								"up": {"uv": [1, 17], "uv_size": [1, 1]}
							}
						},
						{
							"origin": [-0.12813, -0.81324, -10.03129],
							"size": [0.07067, 0.07067, 1.10119],
							"pivot": [0, -0.87069, -9.48129],
							"rotation": [3.89507, -3.8861, 44.86781],
							"uv": {
								"east": {"uv": [0, 17], "uv_size": [1, 1]},
								"west": {"uv": [17, 0], "uv_size": [1, 1]},
								"up": {"uv": [1, 17], "uv_size": [1, 1]}
							}
						},
						{
							"origin": [-0.05, -1.1663, -1.54015],
							"size": [0.1, 0.125, 0.325],
							"pivot": [-0.3, -1.7375, -0.6],
							"rotation": [-22.5, 0, 0],
							"uv": {
								"east": {"uv": [17, 1], "uv_size": [1, 1]},
								"west": {"uv": [2, 17], "uv_size": [1, 1]},
								"down": {"uv": [17, 3], "uv_size": [1, -1]}
							}
						},
						{
							"origin": [-0.05, -0.85, -8.95],
							"size": [0.1, 0.1625, 8],
							"uv": {
								"east": {"uv": [2, 4], "uv_size": [8, 1]},
								"west": {"uv": [2, 5], "uv_size": [8, 1]},
								"up": {"uv": [2, 6], "uv_size": [1, 8]}
							}
						},
						{
							"origin": [-0.04697, -0.75214, -8.95],
							"size": [0.07071, 0.07071, 8],
							"pivot": [0.02955, -0.71616, -4.95],
							"rotation": [0, 0, 45],
							"uv": {
								"east": {"uv": [2, 4], "uv_size": [8, 1]},
								"west": {"uv": [2, 5], "uv_size": [8, 1]},
								"up": {"uv": [2, 6], "uv_size": [1, 8]}
							}
						},
						{
							"origin": [-0.03, -1.4375, -8.95],
							"size": [0.06, 0.6, 8],
							"uv": {
								"east": {"uv": [3, 6], "uv_size": [8, 1]},
								"west": {"uv": [3, 7], "uv_size": [8, 1]}
							}
						},
						{
							"origin": [-0.05, -0.84406, -8.93097],
							"size": [0.1, 0.125, 8],
							"pivot": [-0.3, -1.7375, -2.6],
							"rotation": [1, 0, 0],
							"uv": {
								"east": {"uv": [8, 0], "uv_size": [8, 1]},
								"west": {"uv": [8, 1], "uv_size": [8, 1]},
								"down": {"uv": [3, 16], "uv_size": [1, -8]}
							}
						}
					]
				}
			]
		}
	]
}