{
	"format_version": "1.12.0",
	"minecraft:geometry": [
		{
			"description": {
				"identifier": "geometry.buttstock_viper2",
				"texture_width": 32,
				"texture_height": 32,
				"visible_bounds_width": 3,
				"visible_bounds_height": 2.5,
				"visible_bounds_offset": [0, 0.75, 0]
			},
			"bones": [
				{
					"name": "StrikeIndus_ViperMOD2",
					"pivot": [0, 0, -0.1]
				},
				{
					"name": "main",
					"parent": "StrikeIndus_ViperMOD2",
					"pivot": [1, -5, 7],
					"cubes": [
						{
							"origin": [-0.25, -2.32451, 2.8],
							"size": [0.5, 1.3625, 0.65442],
							"pivot": [-0.25, -2.32451, 2.8],
							"rotation": [37.5, 0, 0],
							"uv": {
								"north": {"uv": [10, 12], "uv_size": [1, 2]},
								"east": {"uv": [12, 10], "uv_size": [1, 2]},
								"west": {"uv": [11, 12], "uv_size": [1, 2]}
							}
						},
						{
							"origin": [-0.25, -2.32452, 2.8],
							"size": [0.5, 1.075, 0.55],
							"uv": {
								"east": {"uv": [15, 16], "uv_size": [1, 1]},
								"west": {"uv": [16, 15], "uv_size": [1, 1]},
								"down": {"uv": [16, 17], "uv_size": [1, -1]}
							}
						},
						{
							"origin": [-0.25, -1.64952, 5.77567],
							"size": [0.5, 0.45, 0.17433],
							"pivot": [-0.25, -1.64952, 5.95],
							"rotation": [-25, 0, 0],
							"uv": {
								"east": {"uv": [17, 14], "uv_size": [1, 1]},
								"south": {"uv": [15, 17], "uv_size": [1, 1]},
								"west": {"uv": [17, 15], "uv_size": [1, 1]}
							}
						},
						{
							"origin": [-0.25, -1.64952, 3.85],
							"size": [0.5, 0.4125, 2.1],
							"uv": {
								"east": {"uv": [17, 14], "uv_size": [1, 1]},
								"west": {"uv": [17, 15], "uv_size": [1, 1]},
								"down": {"uv": [16, 18], "uv_size": [1, -1]}
							}
						},
						{
							"origin": [-0.25, -2.32451, 2.69559],
							"size": [0.5, 1.1625, 0.65442],
							"pivot": [-0.25, -2.32451, 3.35],
							"rotation": [-37.5, 0, 0],
							"uv": {
								"east": {"uv": [8, 12], "uv_size": [1, 2]},
								"south": {"uv": [12, 8], "uv_size": [1, 2]},
								"west": {"uv": [9, 12], "uv_size": [1, 2]}
							}
						},
						{
							"origin": [-0.85, -1.10229, 3.5227],
							"size": [0.25, 0.35, 2.8],
							"pivot": [-0.85, -0.50228, 1.27271],
							"rotation": [4.62112, 1.91134, -22.42287],
							"uv": {
								"north": {"uv": [16, 14], "uv_size": [1, 1]},
								"east": {"uv": [9, 6], "uv_size": [3, 1]},
								"down": {"uv": [5, 10], "uv_size": [1, -3]}
							}
						},
						{
							"origin": [-0.85, -1.05229, 2.6227],
							"size": [0.25, 0.35, 0.8],
							"pivot": [-0.85, -0.50228, 1.27271],
							"rotation": [4.62112, 1.91134, -22.42287],
							"uv": {
								"north": {"uv": [16, 12], "uv_size": [1, 1]},
								"east": {"uv": [13, 16], "uv_size": [1, 1]},
								"south": {"uv": [16, 13], "uv_size": [1, 1]},
								"down": {"uv": [14, 17], "uv_size": [1, -1]}
							}
						},
						{
							"origin": [-0.85, -1.10228, 1.27271],
							"size": [0.25, 0.6, 1.25],
							"pivot": [-0.85, -0.50228, 1.27271],
							"rotation": [4.62112, 1.91134, -22.42287],
							"uv": {
								"east": {"uv": [11, 16], "uv_size": [1, 1]},
								"south": {"uv": [16, 11], "uv_size": [1, 1]},
								"down": {"uv": [12, 17], "uv_size": [1, -1]}
							}
						},
						{
							"origin": [0.6, -1.05229, 2.6227],
							"size": [0.25, 0.35, 0.8],
							"pivot": [0.85, -0.50228, 1.27271],
							"rotation": [4.62112, -1.91134, 22.42287],
							"uv": {
								"north": {"uv": [18, 2], "uv_size": [1, 1]},
								"south": {"uv": [3, 18], "uv_size": [1, 1]},
								"west": {"uv": [18, 3], "uv_size": [1, 1]},
								"down": {"uv": [4, 19], "uv_size": [1, -1]}
							}
						},
						{
							"origin": [0.6, -1.10228, 1.27271],
							"size": [0.25, 0.6, 1.25],
							"pivot": [0.85, -0.50228, 1.27271],
							"rotation": [4.62112, -1.91134, 22.42287],
							"uv": {
								"south": {"uv": [1, 18], "uv_size": [1, 1]},
								"west": {"uv": [18, 1], "uv_size": [1, 1]},
								"down": {"uv": [2, 19], "uv_size": [1, -1]}
							}
						},
						{
							"origin": [0.6, -1.10229, 3.5227],
							"size": [0.25, 0.35, 2.8],
							"pivot": [0.85, -0.50228, 1.27271],
							"rotation": [4.62112, -1.91134, 22.42287],
							"uv": {
								"north": {"uv": [18, 0], "uv_size": [1, 1]},
								"west": {"uv": [10, 0], "uv_size": [3, 1]},
								"down": {"uv": [5, 13], "uv_size": [1, -3]}
							}
						},
						{
							"origin": [-0.89019, -0.58301, 1.75],
							"size": [1.78038, 0.1, 4.5],
							"uv": {
								"down": {"uv": [0, 5], "uv_size": [2, -5]}
							}
						},
						{
							"origin": [-1.15, -0.43301, 1.75],
							"size": [0.3, 0.6625, 0.32139],
							"pivot": [-1.15, -0.43301, 1.75],
							"rotation": [40, 0, 30],
							"uv": {
								"north": {"uv": [10, 16], "uv_size": [1, 1]},
								"east": {"uv": [16, 10], "uv_size": [1, 1]}
							}
						},
						{
							"origin": [-0.9, -0.5, 1.75],
							"size": [0.3, 0.5, 4.5],
							"pivot": [-0.9, 0, 1.75],
							"rotation": [0, 0, 30],
							"uv": {
								"east": {"uv": [7, 5], "uv_size": [5, 1]},
								"down": {"uv": [4, 12], "uv_size": [1, -5]}
							}
						},
						{
							"origin": [0.85, -0.43301, 1.75],
							"size": [0.3, 0.6625, 0.32139],
							"pivot": [1.15, -0.43301, 1.75],
							"rotation": [40, 0, -30],
							"uv": {
								"north": {"uv": [9, 16], "uv_size": [1, 1]},
								"west": {"uv": [16, 9], "uv_size": [1, 1]}
							}
						},
						{
							"origin": [0.6, -0.5, 1.75],
							"size": [0.3, 0.5, 4.5],
							"pivot": [0.9, 0, 1.75],
							"rotation": [0, 0, -30],
							"uv": {
								"west": {"uv": [6, 4], "uv_size": [5, 1]},
								"down": {"uv": [6, 10], "uv_size": [1, -5]}
							}
						},
						{
							"origin": [-0.525, -1.24952, 0.5],
							"size": [1.05, 0.1, 0.65],
							"uv": {
								"north": {"uv": [16, 7], "uv_size": [1, 1]},
								"south": {"uv": [8, 16], "uv_size": [1, 1]},
								"down": {"uv": [16, 9], "uv_size": [1, -1]}
							}
						},
						{
							"origin": [-0.425, -1.24952, 0],
							"size": [0.85, 1.1, 8],
							"uv": {
								"north": {"uv": [7, 16], "uv_size": [1, 1]},
								"east": {"uv": [2, 0], "uv_size": [8, 1]},
								"west": {"uv": [2, 1], "uv_size": [8, 1]},
								"down": {"uv": [2, 10], "uv_size": [1, -8]}
							}
						},
						{
							"origin": [-0.9, -0.74142, 1.30711],
							"size": [0.25, 0.84853, 0.21213],
							"pivot": [-0.9, -0.6, 0.6],
							"rotation": [-45, 0, -30],
							"uv": {
								"east": {"uv": [6, 16], "uv_size": [1, 1]},
								"south": {"uv": [16, 6], "uv_size": [1, 1]}
							}
						},
						{
							"origin": [-0.9, -1.05, 1.15],
							"size": [0.25, 0.45, 0.3],
							"pivot": [-0.9, -0.6, 0.6],
							"rotation": [0, 0, -30],
							"uv": {
								"east": {"uv": [16, 5], "uv_size": [1, 1]}
							}
						},
						{
							"origin": [-0.9, -0.75, 1.45],
							"size": [0.25, 0.15, 0.3],
							"pivot": [-0.9, -0.6, 0.6],
							"rotation": [0, 0, -30],
							"uv": {
								"east": {"uv": [16, 4], "uv_size": [1, 1]},
								"south": {"uv": [5, 16], "uv_size": [1, 1]}
							}
						},
						{
							"origin": [-0.9, -1.35, 0.5],
							"size": [0.25, 0.75, 0.65],
							"pivot": [-0.9, -0.6, 0.6],
							"rotation": [0, 0, -30],
							"uv": {
								"north": {"uv": [16, 3], "uv_size": [1, 1]},
								"east": {"uv": [4, 16], "uv_size": [1, 1]}
							}
						},
						{
							"origin": [-0.8, -1.35, 0],
							"size": [0.32476, 0.75, 0.5],
							"pivot": [-0.8, -0.6, 0.1],
							"rotation": [0, 0, -30],
							"uv": {
								"north": {"uv": [16, 2], "uv_size": [1, 1]},
								"east": {"uv": [3, 16], "uv_size": [1, 1]}
							}
						},
						{
							"origin": [0.65, -0.74142, 1.30711],
							"size": [0.25, 0.84853, 0.21213],
							"pivot": [0.9, -0.6, 0.6],
							"rotation": [-45, 0, 30],
							"uv": {
								"south": {"uv": [16, 1], "uv_size": [1, 1]},
								"west": {"uv": [2, 16], "uv_size": [1, 1]}
							}
						},
						{
							"origin": [0.65, -1.05, 1.15],
							"size": [0.25, 0.45, 0.3],
							"pivot": [0.9, -0.6, 0.6],
							"rotation": [0, 0, 30],
							"uv": {
								"west": {"uv": [1, 16], "uv_size": [1, 1]}
							}
						},
						{
							"origin": [0.65, -0.75, 1.45],
							"size": [0.25, 0.15, 0.3],
							"pivot": [0.9, -0.6, 0.6],
							"rotation": [0, 0, 30],
							"uv": {
								"south": {"uv": [0, 16], "uv_size": [1, 1]},
								"west": {"uv": [16, 0], "uv_size": [1, 1]}
							}
						},
						{
							"origin": [0.65, -1.35, 0.5],
							"size": [0.25, 0.75, 0.65],
							"pivot": [0.9, -0.6, 0.6],
							"rotation": [0, 0, 30],
							"uv": {
								"north": {"uv": [15, 14], "uv_size": [1, 1]},
								"west": {"uv": [15, 15], "uv_size": [1, 1]}
							}
						},
						{
							"origin": [0.47524, -1.35, 0],
							"size": [0.32476, 0.75, 0.5],
							"pivot": [0.8, -0.6, 0.1],
							"rotation": [0, 0, 30],
							"uv": {
								"north": {"uv": [15, 13], "uv_size": [1, 1]},
								"west": {"uv": [14, 15], "uv_size": [1, 1]}
							}
						},
						{
							"origin": [-0.8, -0.6, 0],
							"size": [1.6, 0.5, 0.5],
							"uv": {
								"north": {"uv": [12, 7], "uv_size": [2, 1]},
								"east": {"uv": [15, 12], "uv_size": [1, 1]},
								"west": {"uv": [13, 15], "uv_size": [1, 1]}
							}
						},
						{
							"origin": [-0.9, -0.26213, 0.10858],
							"size": [1.8, 0.14142, 0.70711],
							"pivot": [0, -0.05, 0.25],
							"rotation": [-45, 0, 0],
							"uv": {
								"east": {"uv": [15, 11], "uv_size": [1, 1]},
								"west": {"uv": [12, 15], "uv_size": [1, 1]},
								"down": {"uv": [12, 7], "uv_size": [2, -1]}
							}
						},
						{
							"origin": [-0.9, -0.4, 0.35],
							"size": [1.8, 0.15, 0.15],
							"uv": {
								"east": {"uv": [15, 10], "uv_size": [1, 1]},
								"west": {"uv": [11, 15], "uv_size": [1, 1]}
							}
						},
						{
							"origin": [-0.9, -0.25, 0.2],
							"size": [1.8, 0.25, 0.3],
							"uv": {
								"east": {"uv": [15, 9], "uv_size": [1, 1]},
								"west": {"uv": [10, 15], "uv_size": [1, 1]}
							}
						},
						{
							"origin": [-0.9, -0.1, 0],
							"size": [1.8, 0.1, 0.2],
							"uv": {
								"north": {"uv": [6, 12], "uv_size": [2, 1]},
								"east": {"uv": [15, 8], "uv_size": [1, 1]},
								"west": {"uv": [9, 15], "uv_size": [1, 1]}
							}
						},
						{
							"origin": [-0.9, -0.6, 0.5],
							"size": [1.8, 0.6, 1.25],
							"uv": {
								"east": {"uv": [15, 7], "uv_size": [1, 1]},
								"west": {"uv": [8, 15], "uv_size": [1, 1]}
							}
						},
						{
							"origin": [-0.3625, 0, 7.25],
							"size": [0.725, 0.93098, 1.4],
							"uv": {
								"north": {"uv": [6, 15], "uv_size": [1, 1]},
								"south": {"uv": [15, 6], "uv_size": [1, 1]},
								"up": {"uv": [7, 15], "uv_size": [1, 1]}
							}
						},
						{
							"origin": [-0.9, 0, 0],
							"size": [0.40054, 0.925, 7.25],
							"pivot": [-0.9, 0, 0],
							"rotation": [0, 0, 30],
							"uv": {
								"north": {"uv": [15, 5], "uv_size": [1, 1]},
								"east": {"uv": [4, 3], "uv_size": [7, 1]}
							}
						},
						{
							"origin": [-0.9, 0, 7.25],
							"size": [0.46549, 1.075, 1.4],
							"pivot": [-0.9, 0, 7.25],
							"rotation": [0, 0, 30],
							"uv": {
								"north": {"uv": [4, 15], "uv_size": [1, 1]},
								"east": {"uv": [15, 4], "uv_size": [1, 1]},
								"south": {"uv": [5, 15], "uv_size": [1, 1]}
							}
						},
						{
							"origin": [0.49946, 0, 0],
							"size": [0.40054, 0.925, 7.25],
							"pivot": [0.9, 0, 0],
							"rotation": [0, 0, -30],
							"uv": {
								"north": {"uv": [15, 3], "uv_size": [1, 1]},
								"west": {"uv": [4, 2], "uv_size": [7, 1]}
							}
						},
						{
							"origin": [0.43451, 0, 7.25],
							"size": [0.46549, 1.075, 1.4],
							"pivot": [0.9, 0, 7.25],
							"rotation": [0, 0, -30],
							"uv": {
								"north": {"uv": [1, 15], "uv_size": [1, 1]},
								"south": {"uv": [15, 1], "uv_size": [1, 1]},
								"west": {"uv": [15, 2], "uv_size": [1, 1]}
							}
						},
						{
							"origin": [-0.4375, 0, 0],
							"size": [0.875, 0.80107, 7.25],
							"uv": {
								"north": {"uv": [15, 0], "uv_size": [1, 1]},
								"up": {"uv": [3, 2], "uv_size": [1, 7]}
							}
						},
						{
							"origin": [-1.06, -0.5, 7.15],
							"size": [2.12, 0.25, 0.3728],
							"pivot": [0.5607, -0.7, 7.3364],
							"rotation": [45, 0, 0],
							"uv": {
								"east": {"uv": [14, 14], "uv_size": [1, 1]},
								"west": {"uv": [0, 15], "uv_size": [1, 1]},
								"up": {"uv": [3, 12], "uv_size": [2, 1]},
								"down": {"uv": [12, 6], "uv_size": [2, -1]}
							}
						},
						{
							"origin": [-1.06, -0.5, 7.15],
							"size": [2.12, 0.25, 0.3728],
							"pivot": [0.5607, -0.7, 7.3364],
							"rotation": [90, 0, 0],
							"uv": {
								"east": {"uv": [14, 12], "uv_size": [1, 1]},
								"west": {"uv": [13, 14], "uv_size": [1, 1]},
								"up": {"uv": [10, 11], "uv_size": [2, 1]},
								"down": {"uv": [12, 2], "uv_size": [2, -1]}
							}
						},
						{
							"origin": [-1.06, -0.5, 7.15],
							"size": [2.12, 0.25, 0.3728],
							"pivot": [0.5607, -0.7, 7.3364],
							"rotation": [135, 0, 0],
							"uv": {
								"east": {"uv": [11, 14], "uv_size": [1, 1]},
								"west": {"uv": [14, 11], "uv_size": [1, 1]},
								"up": {"uv": [6, 11], "uv_size": [2, 1]},
								"down": {"uv": [8, 12], "uv_size": [2, -1]}
							}
						},
						{
							"origin": [-1.06, -0.5, 7.15],
							"size": [2.12, 0.25, 0.3728],
							"pivot": [0.5607, -0.7, 7.3364],
							"rotation": [-180, 0, 0],
							"uv": {
								"east": {"uv": [10, 14], "uv_size": [1, 1]},
								"west": {"uv": [14, 10], "uv_size": [1, 1]},
								"up": {"uv": [11, 3], "uv_size": [2, 1]},
								"down": {"uv": [11, 5], "uv_size": [2, -1]}
							}
						},
						{
							"origin": [-1.06, -0.5, 7.15],
							"size": [2.12, 0.25, 0.3728],
							"pivot": [0.5607, -0.7, 7.3364],
							"rotation": [-135, 0, 0],
							"uv": {
								"east": {"uv": [9, 14], "uv_size": [1, 1]},
								"west": {"uv": [14, 9], "uv_size": [1, 1]},
								"up": {"uv": [10, 10], "uv_size": [2, 1]},
								"down": {"uv": [11, 3], "uv_size": [2, -1]}
							}
						},
						{
							"origin": [-1.06, -0.5, 7.15],
							"size": [2.12, 0.25, 0.3728],
							"pivot": [0.5607, -0.7, 7.3364],
							"rotation": [-90, 0, 0],
							"uv": {
								"east": {"uv": [8, 14], "uv_size": [1, 1]},
								"west": {"uv": [14, 8], "uv_size": [1, 1]},
								"up": {"uv": [10, 8], "uv_size": [2, 1]},
								"down": {"uv": [10, 10], "uv_size": [2, -1]}
							}
						},
						{
							"origin": [-1.06, -0.5, 7.15],
							"size": [2.12, 0.25, 0.3728],
							"pivot": [0.5607, -0.7, 7.3364],
							"rotation": [-45, 0, 0],
							"uv": {
								"east": {"uv": [14, 6], "uv_size": [1, 1]},
								"west": {"uv": [14, 7], "uv_size": [1, 1]},
								"up": {"uv": [10, 7], "uv_size": [2, 1]},
								"down": {"uv": [8, 11], "uv_size": [2, -1]}
							}
						},
						{
							"origin": [-1.06, -0.5, 7.15],
							"size": [2.12, 0.25, 0.3728],
							"uv": {
								"east": {"uv": [14, 5], "uv_size": [1, 1]},
								"west": {"uv": [6, 14], "uv_size": [1, 1]},
								"up": {"uv": [10, 1], "uv_size": [2, 1]},
								"down": {"uv": [6, 11], "uv_size": [2, -1]}
							}
						},
						{
							"origin": [-1.15, -0.43301, 5.92861],
							"size": [0.3, 0.6625, 0.32139],
							"pivot": [-1.15, -0.43301, 6.25],
							"rotation": [-40, 0, 30],
							"uv": {
								"east": {"uv": [14, 4], "uv_size": [1, 1]},
								"south": {"uv": [5, 14], "uv_size": [1, 1]}
							}
						},
						{
							"origin": [0.85, -0.43301, 5.92861],
							"size": [0.3, 0.6625, 0.32139],
							"pivot": [1.15, -0.43301, 6.25],
							"rotation": [-40, 0, -30],
							"uv": {
								"south": {"uv": [14, 1], "uv_size": [1, 1]},
								"west": {"uv": [14, 3], "uv_size": [1, 1]}
							}
						},
						{
							"origin": [-0.9, -4.78571, 7.63746],
							"size": [1.8, 1.6, 0.725],
							"pivot": [0.9, -3.18571, 8.36246],
							"rotation": [-25, 0, 0],
							"uv": {
								"north": {"uv": [0, 8], "uv_size": [2, 2]},
								"east": {"uv": [13, 3], "uv_size": [1, 2]},
								"south": {"uv": [7, 8], "uv_size": [2, 2]},
								"west": {"uv": [4, 13], "uv_size": [1, 2]},
								"down": {"uv": [5, 14], "uv_size": [2, -1]}
							}
						},
						{
							"origin": [-0.9, -3.19952, 7.925],
							"size": [1.8, 3, 0.725],
							"pivot": [0.9, -0.19952, 8.65],
							"rotation": [-5.5, 0, 0],
							"uv": {
								"north": {"uv": [4, 4], "uv_size": [2, 3]},
								"east": {"uv": [3, 9], "uv_size": [1, 3]},
								"south": {"uv": [0, 5], "uv_size": [2, 3]},
								"west": {"uv": [9, 7], "uv_size": [1, 3]}
							}
						},
						{
							"origin": [-0.9, -0.42406, 6.64003],
							"size": [1.8, 0.65441, 0.18528],
							"pivot": [-1.55, -0.33125, 6.45],
							"rotation": [-45, 0, 0],
							"uv": {
								"east": {"uv": [2, 17], "uv_size": [1, 1]},
								"south": {"uv": [13, 2], "uv_size": [2, 1]},
								"west": {"uv": [17, 2], "uv_size": [1, 1]}
							}
						},
						{
							"origin": [-0.9, -0.4, 6.65],
							"size": [1.8, 0.2, 0.2],
							"uv": {
								"east": {"uv": [1, 17], "uv_size": [1, 1]},
								"west": {"uv": [17, 1], "uv_size": [1, 1]}
							}
						},
						{
							"origin": [-0.9, -0.6625, 6.2],
							"size": [1.8, 0.6625, 0.45],
							"uv": {
								"east": {"uv": [0, 17], "uv_size": [1, 1]},
								"west": {"uv": [17, 0], "uv_size": [1, 1]},
								"down": {"uv": [2, 14], "uv_size": [2, -1]}
							}
						},
						{
							"origin": [-0.77782, -0.6625, 5.62218],
							"size": [1.27279, 0.6625, 1.27279],
							"pivot": [0, -0.33125, 6.4],
							"rotation": [0, -45, 0],
							"uv": {
								"north": {"uv": [17, 16], "uv_size": [1, 1]},
								"east": {"uv": [17, 17], "uv_size": [1, 1]},
								"down": {"uv": [0, 19], "uv_size": [1, -1]}
							}
						},
						{
							"origin": [-0.9, -0.19952, 6.65],
							"size": [1.8, 0.19952, 2],
							"uv": {
								"east": {"uv": [12, 12], "uv_size": [2, 1]},
								"south": {"uv": [0, 13], "uv_size": [2, 1]},
								"west": {"uv": [13, 0], "uv_size": [2, 1]},
								"down": {"uv": [7, 8], "uv_size": [2, -2]}
							}
						},
						{
							"origin": [-0.25, -3.88034, 6.29467],
							"size": [0.5, 0.28284, 0.14142],
							"uv": {
								"north": {"uv": [13, 17], "uv_size": [1, 1]},
								"east": {"uv": [17, 13], "uv_size": [1, 1]},
								"west": {"uv": [14, 17], "uv_size": [1, 1]}
							}
						},
						{
							"origin": [-0.25, -3.32678, 6.11893],
							"size": [0.5, 0.2, 0.55],
							"pivot": [0, -3.15, 6.775],
							"rotation": [45, 0, 0],
							"uv": {
								"east": {"uv": [17, 11], "uv_size": [1, 1]},
								"west": {"uv": [12, 17], "uv_size": [1, 1]},
								"up": {"uv": [17, 12], "uv_size": [1, 1]}
							}
						},
						{
							"origin": [-0.6, -1.57452, 5.7115],
							"size": [1.2, 0.56569, 1.5],
							"pivot": [-0.5, -1, 6.9375],
							"rotation": [-45, 0, 0],
							"uv": {
								"east": {"uv": [13, 13], "uv_size": [2, 1]},
								"west": {"uv": [0, 14], "uv_size": [2, 1]},
								"up": {"uv": [2, 14], "uv_size": [1, 2]},
								"down": {"uv": [3, 16], "uv_size": [1, -2]}
							}
						},
						{
							"origin": [-0.25, -3.9, 7.075],
							"size": [0.5, 2.55, 0.75],
							"uv": {
								"north": {"uv": [0, 10], "uv_size": [1, 3]},
								"east": {"uv": [1, 10], "uv_size": [1, 3]},
								"west": {"uv": [2, 10], "uv_size": [1, 3]}
							}
						},
						{
							"origin": [-0.6, -4.41066, 6.825],
							"size": [1.2, 0.3125, 0.4875],
							"uv": {
								"east": {"uv": [10, 17], "uv_size": [1, 1]},
								"west": {"uv": [17, 10], "uv_size": [1, 1]},
								"down": {"uv": [11, 18], "uv_size": [1, -1]}
							}
						},
						{
							"origin": [-0.6, -4.07678, 5.91893],
							"size": [1.2, 0.75, 0.75],
							"pivot": [0, -3.15, 6.775],
							"rotation": [45, 0, 0],
							"uv": {
								"north": {"uv": [17, 7], "uv_size": [1, 1]},
								"east": {"uv": [8, 17], "uv_size": [1, 1]},
								"south": {"uv": [17, 8], "uv_size": [1, 1]},
								"west": {"uv": [9, 17], "uv_size": [1, 1]},
								"up": {"uv": [17, 9], "uv_size": [1, 1]}
							}
						},
						{
							"origin": [-0.6, -3.5, 6.675],
							"size": [1.2, 1.95, 0.15],
							"uv": {
								"north": {"uv": [7, 13], "uv_size": [1, 2]},
								"east": {"uv": [13, 8], "uv_size": [1, 2]},
								"south": {"uv": [13, 10], "uv_size": [1, 2]},
								"west": {"uv": [12, 13], "uv_size": [1, 2]},
								"up": {"uv": [7, 17], "uv_size": [1, 1]}
							}
						},
						{
							"origin": [-0.6, -1.64523, 7.2115],
							"size": [1.2, 0.6364, 0.15],
							"pivot": [-0.5, -1, 6.9375],
							"rotation": [-45, 0, 0],
							"uv": {
								"north": {"uv": [5, 17], "uv_size": [1, 1]},
								"east": {"uv": [17, 5], "uv_size": [1, 1]},
								"south": {"uv": [6, 17], "uv_size": [1, 1]},
								"west": {"uv": [17, 6], "uv_size": [1, 1]}
							}
						},
						{
							"origin": [-0.6, -1.35, 7.125],
							"size": [1.2, 0.15, 0.7125],
							"uv": {
								"east": {"uv": [3, 17], "uv_size": [1, 1]},
								"west": {"uv": [17, 3], "uv_size": [1, 1]},
								"up": {"uv": [4, 17], "uv_size": [1, 1]},
								"down": {"uv": [17, 5], "uv_size": [1, -1]}
							}
						}
					]
				},
				{
					"name": "adjust",
					"parent": "StrikeIndus_ViperMOD2",
					"pivot": [-0.75, -1.225, 3.05],
					"cubes": [
						{
							"origin": [-0.6, -1.35, 2.925],
							"size": [1.2, 0.25, 0.25],
							"pivot": [0, -1.225, 3.05],
							"rotation": [-45, 0, 0],
							"uv": {
								"north": {"uv": [6, 12], "uv_size": [1, 1]},
								"east": {"uv": [18, 16], "uv_size": [1, 1]},
								"south": {"uv": [17, 18], "uv_size": [1, 1]},
								"west": {"uv": [18, 17], "uv_size": [1, 1]},
								"up": {"uv": [18, 18], "uv_size": [1, 1]},
								"down": {"uv": [0, 20], "uv_size": [1, -1]}
							}
						},
						{
							"origin": [-0.5, -1.6375, 2.25],
							"size": [1, 0.4875, 0.15],
							"uv": {
								"north": {"uv": [4, 24], "uv_size": [1, 1]},
								"east": {"uv": [24, 4], "uv_size": [1, 1]},
								"south": {"uv": [5, 24], "uv_size": [1, 1]},
								"west": {"uv": [24, 5], "uv_size": [1, 1]},
								"up": {"uv": [6, 24], "uv_size": [1, 1]},
								"down": {"uv": [24, 7], "uv_size": [1, -1]}
							}
						},
						{
							"origin": [-0.5, -1.3375, 1.9],
							"size": [1, 0.15, 0.2],
							"uv": {
								"north": {"uv": [1, 24], "uv_size": [1, 1]},
								"east": {"uv": [24, 1], "uv_size": [1, 1]},
								"south": {"uv": [2, 24], "uv_size": [1, 1]},
								"west": {"uv": [24, 2], "uv_size": [1, 1]},
								"up": {"uv": [3, 24], "uv_size": [1, 1]},
								"down": {"uv": [24, 4], "uv_size": [1, -1]}
							}
						},
						{
							"origin": [-0.5, -1.4875, 2.1],
							"size": [1, 0.325, 0.15],
							"uv": {
								"north": {"uv": [23, 21], "uv_size": [1, 1]},
								"east": {"uv": [22, 23], "uv_size": [1, 1]},
								"south": {"uv": [23, 22], "uv_size": [1, 1]},
								"west": {"uv": [23, 23], "uv_size": [1, 1]},
								"up": {"uv": [0, 24], "uv_size": [1, 1]},
								"down": {"uv": [24, 1], "uv_size": [1, -1]}
							}
						},
						{
							"origin": [-0.5, -2.21657, 2.07773],
							"size": [1, 0.14142, 0.70711],
							"pivot": [0, -1.5625, 3.05],
							"rotation": [-45, 0, 0],
							"uv": {
								"north": {"uv": [23, 18], "uv_size": [1, 1]},
								"east": {"uv": [19, 23], "uv_size": [1, 1]},
								"south": {"uv": [23, 19], "uv_size": [1, 1]},
								"west": {"uv": [20, 23], "uv_size": [1, 1]},
								"up": {"uv": [23, 20], "uv_size": [1, 1]},
								"down": {"uv": [21, 24], "uv_size": [1, -1]}
							}
						},
						{
							"origin": [-0.5, -1.8375, 2.4],
							"size": [1, 0.65, 1.5],
							"uv": {
								"north": {"uv": [23, 17], "uv_size": [1, 1]},
								"east": {"uv": [9, 17], "uv_size": [2, 1]},
								"south": {"uv": [18, 23], "uv_size": [1, 1]},
								"west": {"uv": [11, 17], "uv_size": [2, 1]},
								"up": {"uv": [15, 17], "uv_size": [1, 2]},
								"down": {"uv": [17, 17], "uv_size": [1, -2]}
							}
						},
						{
							"origin": [-0.5, -1.1875, 2.4],
							"size": [1, 0.1375, 1.225],
							"uv": {
								"north": {"uv": [7, 24], "uv_size": [1, 1]},
								"east": {"uv": [24, 7], "uv_size": [1, 1]},
								"south": {"uv": [8, 24], "uv_size": [1, 1]},
								"west": {"uv": [24, 8], "uv_size": [1, 1]},
								"up": {"uv": [9, 24], "uv_size": [1, 1]},
								"down": {"uv": [24, 10], "uv_size": [1, -1]}
							}
						},
						{
							"origin": [-0.5, -1.2125, 2.075],
							"size": [1, 0.2, 1.55],
							"pivot": [0.5, -1.0125, 2.075],
							"rotation": [5, 0, 0],
							"uv": {
								"north": {"uv": [10, 24], "uv_size": [1, 1]},
								"east": {"uv": [17, 13], "uv_size": [2, 1]},
								"south": {"uv": [24, 10], "uv_size": [1, 1]},
								"west": {"uv": [16, 17], "uv_size": [2, 1]},
								"up": {"uv": [18, 0], "uv_size": [1, 2]},
								"down": {"uv": [18, 4], "uv_size": [1, -2]}
							}
						},
						{
							"origin": [-0.5, -1.81228, 2.24164],
							"size": [1, 0.24749, 0.14142],
							"pivot": [0, -1.0875, 2.825],
							"rotation": [-45, 0, 0],
							"uv": {
								"north": {"uv": [14, 24], "uv_size": [1, 1]},
								"east": {"uv": [24, 14], "uv_size": [1, 1]},
								"south": {"uv": [15, 24], "uv_size": [1, 1]},
								"west": {"uv": [24, 15], "uv_size": [1, 1]},
								"up": {"uv": [16, 24], "uv_size": [1, 1]},
								"down": {"uv": [24, 17], "uv_size": [1, -1]}
							}
						},
						{
							"origin": [-0.5, -1.17741, 3.6191],
							"size": [1, 0.3, 0.3625],
							"pivot": [0.6, -0.87741, 3.6191],
							"rotation": [-15, 0, 0],
							"uv": {
								"north": {"uv": [11, 24], "uv_size": [1, 1]},
								"east": {"uv": [24, 11], "uv_size": [1, 1]},
								"south": {"uv": [12, 24], "uv_size": [1, 1]},
								"west": {"uv": [24, 12], "uv_size": [1, 1]},
								"up": {"uv": [13, 24], "uv_size": [1, 1]},
								"down": {"uv": [24, 14], "uv_size": [1, -1]}
							}
						},
						{
							"origin": [-0.5, -1.17741, 3.9816],
							"size": [1, 0.3, 2.2],
							"pivot": [0.6, -0.87741, 3.6191],
							"rotation": [-15, 0, 0],
							"uv": {
								"north": {"uv": [17, 24], "uv_size": [1, 1]},
								"east": {"uv": [3, 18], "uv_size": [2, 1]},
								"south": {"uv": [24, 17], "uv_size": [1, 1]},
								"west": {"uv": [18, 4], "uv_size": [2, 1]},
								"up": {"uv": [5, 18], "uv_size": [1, 2]},
								"down": {"uv": [18, 7], "uv_size": [1, -2]}
							}
						},
						{
							"origin": [-0.5, -1.80453, 4.13255],
							"size": [1, 0.1875, 1.7875],
							"pivot": [0.6, -1.80453, 5.92005],
							"rotation": [-10, 0, 0],
							"uv": {
								"north": {"uv": [24, 24], "uv_size": [1, 1]},
								"east": {"uv": [18, 7], "uv_size": [2, 1]},
								"south": {"uv": [0, 25], "uv_size": [1, 1]},
								"west": {"uv": [18, 8], "uv_size": [2, 1]},
								"up": {"uv": [6, 18], "uv_size": [1, 2]},
								"down": {"uv": [9, 20], "uv_size": [1, -2]}
							}
						},
						{
							"origin": [-0.5, -2.20453, 3.83255],
							"size": [1, 0.5875, 0.3],
							"pivot": [0.6, -1.80453, 5.92005],
							"rotation": [-10, 0, 0],
							"uv": {
								"north": {"uv": [25, 1], "uv_size": [1, 1]},
								"east": {"uv": [2, 25], "uv_size": [1, 1]},
								"south": {"uv": [25, 2], "uv_size": [1, 1]},
								"west": {"uv": [3, 25], "uv_size": [1, 1]},
								"up": {"uv": [25, 3], "uv_size": [1, 1]},
								"down": {"uv": [4, 26], "uv_size": [1, -1]}
							}
						},
						{
							"origin": [-0.5, -1.88806, 4.09025],
							"size": [1, 0.2, 1.9],
							"pivot": [0.6, -1.88806, 4.09025],
							"rotation": [-10, 0, 0],
							"uv": {
								"north": {"uv": [25, 0], "uv_size": [1, 1]},
								"east": {"uv": [18, 9], "uv_size": [2, 1]},
								"south": {"uv": [1, 25], "uv_size": [1, 1]},
								"west": {"uv": [10, 18], "uv_size": [2, 1]},
								"up": {"uv": [18, 10], "uv_size": [1, 2]},
								"down": {"uv": [12, 20], "uv_size": [1, -2]}
							}
						},
						{
							"origin": [-0.35, -1.68806, 4.09025],
							"size": [0.7, 0.2, 1.7875],
							"pivot": [0.6, -1.88806, 4.09025],
							"rotation": [-10, 0, 0],
							"uv": {
								"north": {"uv": [25, 4], "uv_size": [1, 1]},
								"east": {"uv": [18, 12], "uv_size": [2, 1]},
								"south": {"uv": [5, 25], "uv_size": [1, 1]},
								"west": {"uv": [13, 18], "uv_size": [2, 1]},
								"up": {"uv": [18, 14], "uv_size": [1, 2]},
								"down": {"uv": [16, 20], "uv_size": [1, -2]}
							}
						},
						{
							"origin": [-0.35, -0.87741, 5.5816],
							"size": [0.7, 0.1625, 0.6],
							"pivot": [0.6, -0.87741, 3.6191],
							"rotation": [-15, 0, 0],
							"uv": {
								"north": {"uv": [18, 24], "uv_size": [1, 1]},
								"east": {"uv": [24, 18], "uv_size": [1, 1]},
								"south": {"uv": [19, 24], "uv_size": [1, 1]},
								"west": {"uv": [24, 19], "uv_size": [1, 1]},
								"up": {"uv": [20, 24], "uv_size": [1, 1]},
								"down": {"uv": [24, 21], "uv_size": [1, -1]}
							}
						},
						{
							"origin": [-0.35, -1.25224, 5.42811],
							"size": [0.7, 0.1149, 0.22981],
							"pivot": [0, -1.37156, 5.77724],
							"rotation": [30, 0, 0],
							"uv": {
								"north": {"uv": [21, 24], "uv_size": [1, 1]},
								"east": {"uv": [24, 21], "uv_size": [1, 1]},
								"south": {"uv": [22, 24], "uv_size": [1, 1]},
								"west": {"uv": [24, 22], "uv_size": [1, 1]},
								"up": {"uv": [23, 24], "uv_size": [1, 1]},
								"down": {"uv": [24, 24], "uv_size": [1, -1]}
							}
						}
					]
				}
			]
		}
	]
}