{
	"format_version": "1.12.0",
	"minecraft:geometry": [
		{
			"description": {
				"identifier": "geometry.buttstock_pt3s",
				"texture_width": 32,
				"texture_height": 32,
				"visible_bounds_width": 3,
				"visible_bounds_height": 1.5,
				"visible_bounds_offset": [0, 0.25, 0]
			},
			"bones": [
				{
					"name": "buttstock_base",
					"pivot": [0.75, -0.85, -3.625],
					"rotation": [-5, 0, 0],
					"cubes": [
						{
							"origin": [0.6, -0.25, -3.775],
							"size": [0.3, 0.3, 0.3],
							"pivot": [0.75, -0.1, -3.625],
							"rotation": [0, -45, 0],
							"uv": {
								"north": {"uv": [13, 9], "uv_size": [1, 1]},
								"east": {"uv": [16, 0], "uv_size": [1, 1]},
								"south": {"uv": [16, 8], "uv_size": [1, 1]},
								"west": {"uv": [11, 16], "uv_size": [1, 1]},
								"up": {"uv": [12, 16], "uv_size": [1, 1]},
								"down": {"uv": [16, 13], "uv_size": [1, -1]}
							}
						},
						{
							"origin": [0.65, -1.45, -3.725],
							"size": [0.2, 1.2, 0.2],
							"pivot": [0.75, -0.85, -3.625],
							"rotation": [0, -45, 0],
							"uv": {
								"north": {"uv": [13, 16], "uv_size": [1, 1]},
								"east": {"uv": [16, 13], "uv_size": [1, 1]},
								"south": {"uv": [15, 16], "uv_size": [1, 1]},
								"west": {"uv": [16, 16], "uv_size": [1, 1]}
							}
						},
						{
							"origin": [0.6, -1.75, -3.775],
							"size": [0.3, 0.3, 0.3],
							"pivot": [0.75, -1.6, -3.625],
							"rotation": [0, -45, 0],
							"uv": {
								"north": {"uv": [0, 17], "uv_size": [1, 1]},
								"east": {"uv": [17, 0], "uv_size": [1, 1]},
								"south": {"uv": [1, 17], "uv_size": [1, 1]},
								"west": {"uv": [17, 1], "uv_size": [1, 1]},
								"up": {"uv": [2, 17], "uv_size": [1, 1]},
								"down": {"uv": [17, 3], "uv_size": [1, -1]}
							}
						}
					]
				},
				{
					"name": "stock_adapter",
					"pivot": [0.75, -1.8461, -3.7038],
					"rotation": [-5, 0, 0],
					"cubes": [
						{
							"origin": [0.66022, -0.54692, -3.85171],
							"size": [0.25, 0.3, 0.6125],
							"pivot": [0.75, -1.60128, -3.76193],
							"rotation": [0, -45, 0],
							"uv": {
								"north": {"uv": [3, 17], "uv_size": [1, 1]},
								"east": {"uv": [17, 3], "uv_size": [1, 1]},
								"west": {"uv": [4, 17], "uv_size": [1, 1]},
								"up": {"uv": [17, 4], "uv_size": [1, 1]},
								"down": {"uv": [17, 6], "uv_size": [1, -1]}
							}
						},
						{
							"origin": [0.66022, -1.44692, -3.85171],
							"size": [0.25, 0.3, 0.6125],
							"pivot": [0.75, -0.10128, -3.76193],
							"rotation": [0, -45, 0],
							"uv": {
								"north": {"uv": [17, 6], "uv_size": [1, 1]},
								"east": {"uv": [17, 7], "uv_size": [1, 1]},
								"west": {"uv": [17, 8], "uv_size": [1, 1]},
								"up": {"uv": [17, 9], "uv_size": [1, 1]},
								"down": {"uv": [17, 11], "uv_size": [1, -1]}
							}
						},
						{
							"origin": [-0.5, -1.39749, -4.11993],
							"size": [1, 0.55, 0.9],
							"uv": {
								"north": {"uv": [11, 17], "uv_size": [1, 1]},
								"east": {"uv": [17, 11], "uv_size": [1, 1]},
								"south": {"uv": [12, 17], "uv_size": [1, 1]},
								"west": {"uv": [17, 12], "uv_size": [1, 1]},
								"up": {"uv": [13, 17], "uv_size": [1, 1]},
								"down": {"uv": [17, 14], "uv_size": [1, -1]}
							}
						},
						{
							"origin": [-0.5, -0.59749, -3.66993],
							"size": [1, 0.45, 0.45],
							"uv": {
								"north": {"uv": [14, 17], "uv_size": [1, 1]},
								"east": {"uv": [17, 14], "uv_size": [1, 1]},
								"south": {"uv": [15, 17], "uv_size": [1, 1]},
								"west": {"uv": [17, 15], "uv_size": [1, 1]},
								"up": {"uv": [16, 17], "uv_size": [1, 1]},
								"down": {"uv": [17, 17], "uv_size": [1, -1]}
							}
						},
						{
							"origin": [-0.5, -0.84749, -3.66993],
							"size": [1, 0.25, 0.325],
							"uv": {
								"north": {"uv": [17, 17], "uv_size": [1, 1]},
								"east": {"uv": [0, 18], "uv_size": [1, 1]},
								"south": {"uv": [18, 0], "uv_size": [1, 1]},
								"west": {"uv": [1, 18], "uv_size": [1, 1]}
							}
						},
						{
							"origin": [-0.5, -0.84749, -4.11993],
							"size": [0.2, 0.25, 0.45],
							"uv": {
								"north": {"uv": [18, 1], "uv_size": [1, 1]},
								"east": {"uv": [2, 18], "uv_size": [1, 1]},
								"west": {"uv": [18, 2], "uv_size": [1, 1]},
								"up": {"uv": [3, 18], "uv_size": [1, 1]}
							}
						},
						{
							"origin": [0.3, -0.84749, -4.11993],
							"size": [0.2, 0.25, 0.45],
							"uv": {
								"north": {"uv": [18, 3], "uv_size": [1, 1]},
								"east": {"uv": [4, 18], "uv_size": [1, 1]},
								"west": {"uv": [18, 4], "uv_size": [1, 1]},
								"up": {"uv": [5, 18], "uv_size": [1, 1]}
							}
						}
					]
				},
				{
					"name": "Zenit_PT3S",
					"parent": "stock_adapter",
					"pivot": [0, -0.80583, -2.97902],
					"rotation": [5, 0, 0],
					"cubes": [
						{
							"origin": [-0.45, -1.03425, -3.15],
							"size": [0.9, 1.08425, 0.77221],
							"uv": {
								"east": {"uv": [18, 5], "uv_size": [1, 1]},
								"south": {"uv": [6, 18], "uv_size": [1, 1]},
								"west": {"uv": [18, 6], "uv_size": [1, 1]}
							}
						},
						{
							"origin": [-0.3, -1.6, -3.15],
							"size": [0.6, 0.15, 0.6],
							"uv": {
								"north": {"uv": [7, 18], "uv_size": [1, 1]},
								"south": {"uv": [18, 7], "uv_size": [1, 1]},
								"down": {"uv": [8, 19], "uv_size": [1, -1]}
							}
						},
						{
							"origin": [-0.37123, -1.79017, -3.15],
							"size": [0.21213, 0.10607, 0.6],
							"pivot": [0, -1.525, -2.85],
							"rotation": [0, 0, 45],
							"uv": {
								"north": {"uv": [18, 8], "uv_size": [1, 1]},
								"south": {"uv": [9, 18], "uv_size": [1, 1]},
								"down": {"uv": [18, 10], "uv_size": [1, -1]}
							}
						},
						{
							"origin": [0.1591, -1.79017, -3.15],
							"size": [0.21213, 0.10607, 0.6],
							"pivot": [0, -1.525, -2.85],
							"rotation": [0, 0, -45],
							"uv": {
								"north": {"uv": [10, 18], "uv_size": [1, 1]},
								"south": {"uv": [18, 10], "uv_size": [1, 1]},
								"down": {"uv": [11, 19], "uv_size": [1, -1]}
							}
						},
						{
							"origin": [-0.45, -1.45, -3.15],
							"size": [0.9, 0.41575, 0.6],
							"uv": {
								"east": {"uv": [18, 11], "uv_size": [1, 1]},
								"west": {"uv": [12, 18], "uv_size": [1, 1]}
							}
						},
						{
							"origin": [-0.45, -1.45, -2.7091],
							"size": [0.9, 0.45, 0.1591],
							"pivot": [-0.45, -1.45, -2.55],
							"rotation": [-22.5, 0, 0],
							"uv": {
								"east": {"uv": [18, 12], "uv_size": [1, 1]},
								"south": {"uv": [13, 18], "uv_size": [1, 1]},
								"west": {"uv": [18, 13], "uv_size": [1, 1]}
							}
						},
						{
							"origin": [-0.45, -1.47332, -3.22732],
							"size": [0.9, 1.49429, 0.13073],
							"pivot": [-0.2, -0.85, -2.85625],
							"rotation": [-5, 0, 0],
							"uv": {
								"north": {"uv": [14, 18], "uv_size": [1, 1]},
								"east": {"uv": [18, 14], "uv_size": [1, 1]},
								"west": {"uv": [15, 18], "uv_size": [1, 1]},
								"down": {"uv": [18, 16], "uv_size": [1, -1]}
							}
						},
						{
							"origin": [-0.45, -0.86653, -3.35232],
							"size": [0.9, 0.2625, 0.125],
							"pivot": [-0.2, -0.9, -2.86875],
							"rotation": [-5, 0, 0],
							"uv": {
								"north": {"uv": [16, 18], "uv_size": [1, 1]},
								"east": {"uv": [18, 16], "uv_size": [1, 1]},
								"west": {"uv": [17, 18], "uv_size": [1, 1]},
								"up": {"uv": [18, 17], "uv_size": [1, 1]},
								"down": {"uv": [18, 19], "uv_size": [1, -1]}
							}
						},
						{
							"origin": [-0.45, -0.55, -2.37779],
							"size": [0.9, 0.6, 6.82779],
							"uv": {
								"east": {"uv": [8, 1], "uv_size": [4, 1]},
								"west": {"uv": [11, 3], "uv_size": [4, 1]}
							}
						},
						{
							"origin": [-0.15, -0.85, -3.15],
							"size": [0.30001, 1.2, 10.475],
							"uv": {
								"north": {"uv": [0, 19], "uv_size": [1, 1]},
								"south": {"uv": [19, 0], "uv_size": [1, 1]},
								"up": {"uv": [0, 0], "uv_size": [1, 8]},
								"down": {"uv": [1, 8], "uv_size": [1, -8]}
							}
						},
						{
							"origin": [-0.17071, -1.15, 2.12929],
							"size": [0.20001, 0.2, 0.2],
							"pivot": [0, -0.95, 2.3],
							"rotation": [0, -45, 0],
							"uv": {
								"north": {"uv": [1, 19], "uv_size": [1, 1]},
								"east": {"uv": [19, 1], "uv_size": [1, 1]},
								"south": {"uv": [2, 19], "uv_size": [1, 1]},
								"west": {"uv": [19, 2], "uv_size": [1, 1]},
								"down": {"uv": [3, 20], "uv_size": [1, -1]}
							}
						},
						{
							"origin": [-0.15, -0.95, 1.8],
							"size": [0.30001, 0.1, 0.7625],
							"uv": {
								"north": {"uv": [19, 3], "uv_size": [1, 1]},
								"east": {"uv": [4, 19], "uv_size": [1, 1]},
								"south": {"uv": [19, 4], "uv_size": [1, 1]},
								"west": {"uv": [5, 19], "uv_size": [1, 1]},
								"down": {"uv": [19, 6], "uv_size": [1, -1]}
							}
						},
						{
							"origin": [-0.67175, -0.50962, -2.37779],
							"size": [0.21118, 0.42426, 6.82779],
							"pivot": [0, -0.05, 0.8125],
							"rotation": [0, 0, -45],
							"uv": {
								"east": {"uv": [11, 4], "uv_size": [4, 1]}
							}
						},
						{
							"origin": [0.46057, -0.50962, -2.37779],
							"size": [0.21118, 0.42426, 6.82779],
							"pivot": [0, -0.05, 0.8125],
							"rotation": [0, 0, 45],
							"uv": {
								"west": {"uv": [11, 5], "uv_size": [4, 1]}
							}
						},
						{
							"origin": [0.10702, -0.2682, -3.15],
							"size": [0.21118, 0.42426, 7.6],
							"pivot": [0, 0.05, 0.8125],
							"rotation": [0, 0, -45],
							"uv": {
								"north": {"uv": [6, 19], "uv_size": [1, 1]},
								"west": {"uv": [8, 0], "uv_size": [5, 1]}
							}
						},
						{
							"origin": [-0.3182, -0.2682, -3.15],
							"size": [0.21118, 0.42426, 7.6],
							"pivot": [0, 0.05, 0.8125],
							"rotation": [0, 0, 45],
							"uv": {
								"north": {"uv": [19, 6], "uv_size": [1, 1]},
								"east": {"uv": [1, 8], "uv_size": [5, 1]}
							}
						},
						{
							"origin": [-0.67175, -0.50962, 4.45],
							"size": [0.28284, 0.56569, 2.875],
							"pivot": [0, -0.05, 0.8125],
							"rotation": [0, 0, -45],
							"uv": {
								"north": {"uv": [7, 19], "uv_size": [1, 1]},
								"east": {"uv": [12, 1], "uv_size": [3, 1]},
								"south": {"uv": [19, 7], "uv_size": [1, 1]}
							}
						},
						{
							"origin": [0.38891, -0.50962, 4.45],
							"size": [0.28284, 0.56569, 2.875],
							"pivot": [0, -0.05, 0.8125],
							"rotation": [0, 0, 45],
							"uv": {
								"north": {"uv": [8, 19], "uv_size": [1, 1]},
								"south": {"uv": [19, 8], "uv_size": [1, 1]},
								"west": {"uv": [12, 10], "uv_size": [3, 1]}
							}
						},
						{
							"origin": [0.03536, -0.40962, 4.45],
							"size": [0.28284, 0.56569, 2.875],
							"pivot": [0, 0.05, 0.8125],
							"rotation": [0, 0, -45],
							"uv": {
								"north": {"uv": [9, 19], "uv_size": [1, 1]},
								"south": {"uv": [19, 9], "uv_size": [1, 1]},
								"west": {"uv": [12, 11], "uv_size": [3, 1]}
							}
						},
						{
							"origin": [-0.3182, -0.40962, 4.45],
							"size": [0.28284, 0.56569, 2.875],
							"pivot": [0, 0.05, 0.8125],
							"rotation": [0, 0, 45],
							"uv": {
								"north": {"uv": [10, 19], "uv_size": [1, 1]},
								"east": {"uv": [12, 12], "uv_size": [3, 1]},
								"south": {"uv": [19, 10], "uv_size": [1, 1]}
							}
						},
						{
							"origin": [-0.55, -0.45, 4.45],
							"size": [1.1, 0.4, 2.875],
							"uv": {
								"north": {"uv": [11, 19], "uv_size": [1, 1]},
								"east": {"uv": [13, 0], "uv_size": [3, 1]},
								"south": {"uv": [19, 11], "uv_size": [1, 1]},
								"west": {"uv": [13, 2], "uv_size": [3, 1]}
							}
						}
					]
				},
				{
					"name": "ext",
					"parent": "Zenit_PT3S",
					"pivot": [0, -8.65, -13.175]
				},
				{
					"name": "extbase",
					"parent": "ext",
					"pivot": [0, -4.225, 1.5125],
					"cubes": [
						{
							"origin": [-0.7, -4.45, 8.175],
							"size": [0.1, 4.7, 0.25],
							"uv": {
								"north": {"uv": [8, 3], "uv_size": [1, 5]},
								"east": {"uv": [6, 8], "uv_size": [1, 5]},
								"south": {"uv": [8, 8], "uv_size": [1, 5]}
							}
						},
						{
							"origin": [-0.7, -4.45, 7.325],
							"size": [0.1, 4.7, 0.25],
							"uv": {
								"north": {"uv": [1, 9], "uv_size": [1, 5]},
								"east": {"uv": [2, 9], "uv_size": [1, 5]},
								"south": {"uv": [3, 9], "uv_size": [1, 5]}
							}
						},
						{
							"origin": [-0.6, -4.55, 7.325],
							"size": [1, 4.9, 1.1],
							"uv": {
								"north": {"uv": [9, 3], "uv_size": [1, 5]},
								"east": {"uv": [4, 9], "uv_size": [1, 5]},
								"south": {"uv": [5, 9], "uv_size": [1, 5]},
								"west": {"uv": [7, 9], "uv_size": [1, 5]}
							}
						},
						{
							"origin": [0.4, -4.55, 7.325],
							"size": [0.2, 1.2, 1.1],
							"uv": {
								"north": {"uv": [12, 19], "uv_size": [1, 1]},
								"south": {"uv": [19, 12], "uv_size": [1, 1]},
								"west": {"uv": [13, 19], "uv_size": [1, 1]},
								"up": {"uv": [19, 13], "uv_size": [1, 1]}
							}
						},
						{
							"origin": [0.4, -1.85, 7.325],
							"size": [0.2, 2.2, 1.1],
							"uv": {
								"north": {"uv": [5, 14], "uv_size": [1, 2]},
								"south": {"uv": [14, 6], "uv_size": [1, 2]},
								"west": {"uv": [7, 14], "uv_size": [1, 2]},
								"down": {"uv": [14, 20], "uv_size": [1, -1]}
							}
						},
						{
							"origin": [0.6, -0.85, 7.675],
							"size": [0.2, 0.2, 0.4142],
							"uv": {
								"west": {"uv": [19, 14], "uv_size": [1, 1]},
								"up": {"uv": [15, 19], "uv_size": [1, 1]},
								"down": {"uv": [19, 16], "uv_size": [1, -1]}
							}
						},
						{
							"origin": [0.6, -2.61777, 6.94277],
							"size": [0.2, 0.2, 0.4142],
							"pivot": [0.7, -1.15, 5.3821],
							"rotation": [45, 0, 0],
							"uv": {
								"west": {"uv": [16, 19], "uv_size": [1, 1]},
								"up": {"uv": [19, 16], "uv_size": [1, 1]},
								"down": {"uv": [17, 20], "uv_size": [1, -1]}
							}
						},
						{
							"origin": [0.6, -3.35, 5.175],
							"size": [0.2, 0.2, 0.4142],
							"pivot": [0.7, -1.15, 5.3821],
							"rotation": [90, 0, 0],
							"uv": {
								"west": {"uv": [19, 17], "uv_size": [1, 1]},
								"up": {"uv": [18, 19], "uv_size": [1, 1]},
								"down": {"uv": [19, 19], "uv_size": [1, -1]}
							}
						},
						{
							"origin": [0.6, -2.61777, 3.40723],
							"size": [0.2, 0.2, 0.4142],
							"pivot": [0.7, -1.15, 5.3821],
							"rotation": [135, 0, 0],
							"uv": {
								"west": {"uv": [19, 19], "uv_size": [1, 1]},
								"up": {"uv": [0, 20], "uv_size": [1, 1]},
								"down": {"uv": [20, 1], "uv_size": [1, -1]}
							}
						},
						{
							"origin": [0.6, -0.85, 2.675],
							"size": [0.2, 0.2, 0.4142],
							"pivot": [0.7, -1.15, 5.3821],
							"rotation": [-180, 0, 0],
							"uv": {
								"west": {"uv": [1, 20], "uv_size": [1, 1]},
								"up": {"uv": [20, 1], "uv_size": [1, 1]},
								"down": {"uv": [2, 21], "uv_size": [1, -1]}
							}
						},
						{
							"origin": [0.6, 0.91777, 6.94277],
							"size": [0.2, 0.2, 0.4142],
							"pivot": [0.7, -1.15, 5.3821],
							"rotation": [-45, 0, 0],
							"uv": {
								"west": {"uv": [20, 2], "uv_size": [1, 1]},
								"up": {"uv": [3, 20], "uv_size": [1, 1]},
								"down": {"uv": [20, 4], "uv_size": [1, -1]}
							}
						},
						{
							"origin": [0.6, 1.65, 5.175],
							"size": [0.2, 0.2, 0.4142],
							"pivot": [0.7, -1.15, 5.3821],
							"rotation": [-90, 0, 0],
							"uv": {
								"west": {"uv": [4, 20], "uv_size": [1, 1]},
								"up": {"uv": [20, 4], "uv_size": [1, 1]},
								"down": {"uv": [5, 21], "uv_size": [1, -1]}
							}
						},
						{
							"origin": [0.6, 0.91777, 3.40723],
							"size": [0.2, 0.2, 0.4142],
							"pivot": [0.7, -1.15, 5.3821],
							"rotation": [-135, 0, 0],
							"uv": {
								"west": {"uv": [20, 5], "uv_size": [1, 1]},
								"up": {"uv": [6, 20], "uv_size": [1, 1]},
								"down": {"uv": [20, 7], "uv_size": [1, -1]}
							}
						},
						{
							"origin": [0.4, -3.35, 7.325],
							"size": [0.2, 1.5, 0.1],
							"uv": {
								"north": {"uv": [14, 8], "uv_size": [1, 2]},
								"south": {"uv": [11, 14], "uv_size": [1, 2]},
								"west": {"uv": [14, 13], "uv_size": [1, 2]}
							}
						},
						{
							"origin": [0.4, -3.35, 8.325],
							"size": [0.2, 1.5, 0.1],
							"uv": {
								"north": {"uv": [15, 3], "uv_size": [1, 2]},
								"south": {"uv": [15, 5], "uv_size": [1, 2]},
								"west": {"uv": [15, 7], "uv_size": [1, 2]}
							}
						},
						{
							"origin": [-0.55, -4.6, 6.775],
							"size": [1.1, 4.15, 0.55],
							"uv": {
								"north": {"uv": [11, 6], "uv_size": [1, 4]},
								"east": {"uv": [11, 10], "uv_size": [1, 4]},
								"west": {"uv": [12, 6], "uv_size": [1, 4]},
								"up": {"uv": [7, 20], "uv_size": [1, 1]}
							}
						},
						{
							"origin": [-0.55, -1.325, 5.175],
							"size": [1.1, 0.875, 1.6],
							"uv": {
								"north": {"uv": [20, 7], "uv_size": [1, 1]},
								"east": {"uv": [15, 1], "uv_size": [2, 1]},
								"west": {"uv": [15, 9], "uv_size": [2, 1]},
								"up": {"uv": [15, 10], "uv_size": [1, 2]},
								"down": {"uv": [15, 14], "uv_size": [1, -2]}
							}
						},
						{
							"origin": [-0.55, -1.63615, 6.26717],
							"size": [1.1, 0.31115, 0.50783],
							"uv": {
								"north": {"uv": [8, 20], "uv_size": [1, 1]},
								"east": {"uv": [20, 8], "uv_size": [1, 1]},
								"west": {"uv": [9, 20], "uv_size": [1, 1]}
							}
						},
						{
							"origin": [-0.55, -4.6, 6.525],
							"size": [1.1, 1.45, 0.25],
							"uv": {
								"north": {"uv": [20, 9], "uv_size": [1, 1]},
								"east": {"uv": [10, 20], "uv_size": [1, 1]},
								"west": {"uv": [20, 10], "uv_size": [1, 1]}
							}
						},
						{
							"origin": [-0.55, -1.67564, 5.33441],
							"size": [1.1, 0.3536, 0.17678],
							"pivot": [0, -3.85, 4.15],
							"rotation": [-45, 0, 0],
							"uv": {
								"north": {"uv": [11, 20], "uv_size": [1, 1]},
								"east": {"uv": [20, 11], "uv_size": [1, 1]},
								"west": {"uv": [12, 20], "uv_size": [1, 1]}
							}
						},
						{
							"origin": [-0.55, -3.775, 6.12756],
							"size": [1.1, 1.025, 0.43979],
							"pivot": [0, -1.93256, 4.11889],
							"rotation": [30, 0, 0],
							"uv": {
								"north": {"uv": [20, 12], "uv_size": [1, 1]},
								"east": {"uv": [13, 20], "uv_size": [1, 1]},
								"west": {"uv": [20, 13], "uv_size": [1, 1]}
							}
						},
						{
							"origin": [-0.95, 0.01777, 6.64277],
							"size": [0.35, 1, 1],
							"pivot": [-0.725, -1.25, 5.375],
							"rotation": [-45, 0, 0],
							"uv": {
								"north": {"uv": [14, 20], "uv_size": [1, 1]},
								"east": {"uv": [20, 14], "uv_size": [1, 1]},
								"south": {"uv": [15, 20], "uv_size": [1, 1]},
								"west": {"uv": [20, 15], "uv_size": [1, 1]},
								"up": {"uv": [16, 20], "uv_size": [1, 1]},
								"down": {"uv": [20, 17], "uv_size": [1, -1]}
							}
						},
						{
							"origin": [-0.60104, -4.98891, 8.175],
							"size": [0.42426, 0.21213, 0.25],
							"pivot": [0, -4.6, 5.8],
							"rotation": [0, 0, 45],
							"uv": {
								"north": {"uv": [17, 20], "uv_size": [1, 1]},
								"south": {"uv": [20, 17], "uv_size": [1, 1]},
								"down": {"uv": [18, 21], "uv_size": [1, -1]}
							}
						},
						{
							"origin": [-0.45962, -4.98891, 7.575],
							"size": [0.28284, 0.21213, 0.6],
							"pivot": [0, -4.6, 5.3375],
							"rotation": [0, 0, 45],
							"uv": {
								"down": {"uv": [20, 19], "uv_size": [1, -1]}
							}
						},
						{
							"origin": [-0.60104, -4.98891, 7.325],
							"size": [0.42426, 0.21213, 0.25],
							"pivot": [0, -4.6, 4.95],
							"rotation": [0, 0, 45],
							"uv": {
								"north": {"uv": [19, 20], "uv_size": [1, 1]},
								"south": {"uv": [20, 19], "uv_size": [1, 1]},
								"down": {"uv": [20, 21], "uv_size": [1, -1]}
							}
						},
						{
							"origin": [0.17678, -4.98891, 7.325],
							"size": [0.28284, 0.21213, 1.1],
							"pivot": [0, -4.6, 5.3375],
							"rotation": [0, 0, -45],
							"uv": {
								"north": {"uv": [0, 21], "uv_size": [1, 1]},
								"south": {"uv": [21, 0], "uv_size": [1, 1]},
								"down": {"uv": [1, 22], "uv_size": [1, -1]}
							}
						},
						{
							"origin": [-0.38891, -4.98891, 6.525],
							"size": [0.21213, 0.10607, 0.8],
							"pivot": [0, -4.6, 5.3375],
							"rotation": [0, 0, 45],
							"uv": {
								"north": {"uv": [21, 1], "uv_size": [1, 1]},
								"down": {"uv": [2, 22], "uv_size": [1, -1]}
							}
						},
						{
							"origin": [0.17678, -4.98891, 6.525],
							"size": [0.21213, 0.10607, 0.8],
							"pivot": [0, -4.6, 5.3375],
							"rotation": [0, 0, -45],
							"uv": {
								"north": {"uv": [21, 2], "uv_size": [1, 1]},
								"down": {"uv": [3, 22], "uv_size": [1, -1]}
							}
						},
						{
							"origin": [0.17678, 0.57678, 7.325],
							"size": [0.28284, 0.21213, 1.1],
							"pivot": [0, 0.4, 5.3375],
							"rotation": [0, 0, 45],
							"uv": {
								"north": {"uv": [21, 3], "uv_size": [1, 1]},
								"south": {"uv": [4, 21], "uv_size": [1, 1]},
								"up": {"uv": [21, 4], "uv_size": [1, 1]}
							}
						},
						{
							"origin": [-0.60104, 0.57678, 7.325],
							"size": [0.42426, 0.21213, 0.25],
							"pivot": [0, 0.4, 4.95],
							"rotation": [0, 0, -45],
							"uv": {
								"north": {"uv": [5, 21], "uv_size": [1, 1]},
								"south": {"uv": [21, 5], "uv_size": [1, 1]},
								"up": {"uv": [6, 21], "uv_size": [1, 1]}
							}
						},
						{
							"origin": [-0.45962, 0.57678, 7.575],
							"size": [0.28284, 0.21213, 0.6],
							"pivot": [0, 0.4, 5.3375],
							"rotation": [0, 0, -45],
							"uv": {
								"up": {"uv": [21, 6], "uv_size": [1, 1]}
							}
						},
						{
							"origin": [-0.60104, 0.57678, 8.175],
							"size": [0.42426, 0.21213, 0.25],
							"pivot": [0, 0.4, 5.8],
							"rotation": [0, 0, -45],
							"uv": {
								"north": {"uv": [7, 21], "uv_size": [1, 1]},
								"south": {"uv": [21, 7], "uv_size": [1, 1]},
								"up": {"uv": [8, 21], "uv_size": [1, 1]}
							}
						},
						{
							"origin": [-0.4, -4.75, 6.525],
							"size": [0.8, 0.3, 1.9],
							"uv": {
								"north": {"uv": [21, 8], "uv_size": [1, 1]},
								"south": {"uv": [9, 21], "uv_size": [1, 1]},
								"down": {"uv": [14, 17], "uv_size": [1, -2]}
							}
						},
						{
							"origin": [-0.4, 0.25, 7.325],
							"size": [0.8, 0.3, 1.1],
							"uv": {
								"north": {"uv": [21, 9], "uv_size": [1, 1]},
								"south": {"uv": [10, 21], "uv_size": [1, 1]},
								"up": {"uv": [21, 10], "uv_size": [1, 1]}
							}
						},
						{
							"origin": [-0.45, -0.45, 5.325],
							"size": [0.9, 0.4, 2],
							"uv": {
								"north": {"uv": [11, 21], "uv_size": [1, 1]},
								"east": {"uv": [15, 14], "uv_size": [2, 1]},
								"west": {"uv": [15, 15], "uv_size": [2, 1]}
							}
						},
						{
							"origin": [-0.2, -0.7, 5.325],
							"size": [0.4, 0.9, 2],
							"uv": {
								"north": {"uv": [21, 11], "uv_size": [1, 1]},
								"up": {"uv": [16, 2], "uv_size": [1, 2]},
								"down": {"uv": [16, 6], "uv_size": [1, -2]}
							}
						},
						{
							"origin": [0, -0.6364, 5.325],
							"size": [0.35355, 0.91924, 2],
							"pivot": [0, 0, -2],
							"rotation": [0, 0, 45],
							"uv": {
								"north": {"uv": [12, 21], "uv_size": [1, 1]},
								"up": {"uv": [5, 16], "uv_size": [1, 2]},
								"down": {"uv": [6, 18], "uv_size": [1, -2]}
							}
						},
						{
							"origin": [-0.35355, -0.6364, 5.325],
							"size": [0.35355, 0.91924, 2],
							"pivot": [0, 0, -2],
							"rotation": [0, 0, -45],
							"uv": {
								"north": {"uv": [21, 12], "uv_size": [1, 1]},
								"up": {"uv": [16, 6], "uv_size": [1, 2]},
								"down": {"uv": [7, 18], "uv_size": [1, -2]}
							}
						}
					]
				},
				{
					"name": "cheek",
					"parent": "ext",
					"pivot": [-0.15, -5.725, 6.1],
					"cubes": [
						{
							"origin": [-0.85, -2.3, 7.325],
							"size": [0.15, 2.6, 0.25],
							"uv": {
								"north": {"uv": [6, 13], "uv_size": [1, 3]},
								"east": {"uv": [13, 6], "uv_size": [1, 3]},
								"south": {"uv": [8, 13], "uv_size": [1, 3]},
								"west": {"uv": [9, 13], "uv_size": [1, 3]},
								"down": {"uv": [13, 22], "uv_size": [1, -1]}
							}
						},
						{
							"origin": [-0.85, -2, 7.15],
							"size": [0.15, 0.3375, 0.175],
							"uv": {
								"east": {"uv": [21, 13], "uv_size": [1, 1]},
								"west": {"uv": [14, 21], "uv_size": [1, 1]}
							}
						},
						{
							"origin": [-0.85, -3.67171, 6.28581],
							"size": [0.15, 3.05, 0.15],
							"pivot": [-0.15, -1.04671, 4.24575],
							"rotation": [30, 0, 0],
							"uv": {
								"north": {"uv": [10, 13], "uv_size": [1, 3]},
								"east": {"uv": [12, 13], "uv_size": [1, 3]},
								"south": {"uv": [13, 13], "uv_size": [1, 3]},
								"west": {"uv": [0, 14], "uv_size": [1, 3]}
							}
						},
						{
							"origin": [-0.85, -3.04078, 6.0637],
							"size": [0.15, 0.1, 0.6875],
							"pivot": [-0.15, -1.19801, 4.03343],
							"rotation": [45, 0, 0],
							"uv": {
								"east": {"uv": [21, 14], "uv_size": [1, 1]},
								"west": {"uv": [15, 21], "uv_size": [1, 1]},
								"up": {"uv": [21, 15], "uv_size": [1, 1]},
								"down": {"uv": [16, 22], "uv_size": [1, -1]}
							}
						},
						{
							"origin": [-0.85, -2.41892, 5.76056],
							"size": [0.15, 0.1, 0.5875],
							"pivot": [-0.15, -0.57615, 4.20529],
							"rotation": [45, 0, 0],
							"uv": {
								"east": {"uv": [21, 16], "uv_size": [1, 1]},
								"west": {"uv": [17, 21], "uv_size": [1, 1]},
								"up": {"uv": [21, 17], "uv_size": [1, 1]},
								"down": {"uv": [18, 22], "uv_size": [1, -1]}
							}
						},
						{
							"origin": [-0.85, -2.31892, 5.79806],
							"size": [0.15, 0.25, 0.1],
							"pivot": [-0.15, -0.57615, 4.20529],
							"rotation": [45, 0, 0],
							"uv": {
								"east": {"uv": [21, 18], "uv_size": [1, 1]},
								"south": {"uv": [19, 21], "uv_size": [1, 1]},
								"west": {"uv": [21, 19], "uv_size": [1, 1]}
							}
						},
						{
							"origin": [-0.85, -2.06892, 5.86056],
							"size": [0.15, 0.2375, 0.2875],
							"pivot": [-0.15, -0.57615, 4.20529],
							"rotation": [45, 0, 0],
							"uv": {
								"east": {"uv": [20, 21], "uv_size": [1, 1]},
								"west": {"uv": [21, 20], "uv_size": [1, 1]},
								"down": {"uv": [21, 22], "uv_size": [1, -1]}
							}
						},
						{
							"origin": [-0.85, -2.31892, 6.14806],
							"size": [0.15, 0.25, 0.1375],
							"pivot": [-0.15, -0.57615, 4.20529],
							"rotation": [45, 0, 0],
							"uv": {
								"north": {"uv": [0, 22], "uv_size": [1, 1]},
								"east": {"uv": [22, 0], "uv_size": [1, 1]},
								"west": {"uv": [1, 22], "uv_size": [1, 1]}
							}
						},
						{
							"origin": [-0.85, -0.6625, 7.175],
							"size": [0.15, 0.6875, 0.15],
							"uv": {
								"north": {"uv": [22, 1], "uv_size": [1, 1]},
								"east": {"uv": [2, 22], "uv_size": [1, 1]},
								"west": {"uv": [22, 2], "uv_size": [1, 1]},
								"down": {"uv": [3, 23], "uv_size": [1, -1]}
							}
						},
						{
							"origin": [-0.85, -0.3625, 6.825],
							"size": [0.15, 0.3875, 0.35],
							"uv": {
								"east": {"uv": [22, 3], "uv_size": [1, 1]},
								"west": {"uv": [4, 22], "uv_size": [1, 1]},
								"down": {"uv": [22, 5], "uv_size": [1, -1]}
							}
						},
						{
							"origin": [-0.85, -0.25795, 6.15],
							"size": [0.15, 0.28295, 0.675],
							"uv": {
								"east": {"uv": [5, 22], "uv_size": [1, 1]},
								"west": {"uv": [22, 5], "uv_size": [1, 1]}
							}
						},
						{
							"origin": [-0.85, 0.025, 5.9875],
							"size": [0.15, 0.275, 1.3375],
							"uv": {
								"east": {"uv": [6, 22], "uv_size": [1, 1]},
								"west": {"uv": [22, 6], "uv_size": [1, 1]}
							}
						},
						{
							"origin": [-0.85, -1.2625, 6.8375],
							"size": [0.15, 0.0875, 0.1375],
							"uv": {
								"east": {"uv": [7, 22], "uv_size": [1, 1]},
								"west": {"uv": [22, 7], "uv_size": [1, 1]},
								"up": {"uv": [8, 22], "uv_size": [1, 1]}
							}
						},
						{
							"origin": [-0.85, -0.975, 6.675],
							"size": [0.15, 0.0875, 0.1375],
							"uv": {
								"east": {"uv": [22, 8], "uv_size": [1, 1]},
								"west": {"uv": [9, 22], "uv_size": [1, 1]},
								"up": {"uv": [22, 9], "uv_size": [1, 1]}
							}
						},
						{
							"origin": [-0.85, -3.27698, 6.21352],
							"size": [0.15, 0.1, 0.65],
							"pivot": [-0.15, -1.43421, 4.24575],
							"rotation": [45, 0, 0],
							"uv": {
								"east": {"uv": [10, 22], "uv_size": [1, 1]},
								"west": {"uv": [22, 10], "uv_size": [1, 1]},
								"up": {"uv": [11, 22], "uv_size": [1, 1]},
								"down": {"uv": [22, 12], "uv_size": [1, -1]}
							}
						},
						{
							"origin": [-0.85, -3.52698, 6.51352],
							"size": [0.15, 0.25, 0.25],
							"pivot": [-0.15, -1.43421, 4.24575],
							"rotation": [45, 0, 0],
							"uv": {
								"north": {"uv": [12, 22], "uv_size": [1, 1]},
								"east": {"uv": [22, 12], "uv_size": [1, 1]},
								"west": {"uv": [13, 22], "uv_size": [1, 1]}
							}
						},
						{
							"origin": [-0.85, -3.77698, 6.26352],
							"size": [0.15, 0.25, 0.25],
							"pivot": [-0.15, -1.43421, 4.24575],
							"rotation": [45, 0, 0],
							"uv": {
								"east": {"uv": [22, 13], "uv_size": [1, 1]},
								"west": {"uv": [14, 22], "uv_size": [1, 1]},
								"up": {"uv": [22, 14], "uv_size": [1, 1]}
							}
						},
						{
							"origin": [-0.85, -3.77698, 6.11352],
							"size": [0.15, 0.5, 0.15],
							"pivot": [-0.15, -1.43421, 4.24575],
							"rotation": [45, 0, 0],
							"uv": {
								"east": {"uv": [15, 22], "uv_size": [1, 1]},
								"south": {"uv": [22, 15], "uv_size": [1, 1]},
								"west": {"uv": [16, 22], "uv_size": [1, 1]}
							}
						},
						{
							"origin": [-0.85, -2.3, 7.575],
							"size": [0.15, 0.25, 0.6],
							"uv": {
								"east": {"uv": [22, 16], "uv_size": [1, 1]},
								"west": {"uv": [17, 22], "uv_size": [1, 1]},
								"up": {"uv": [22, 17], "uv_size": [1, 1]},
								"down": {"uv": [18, 23], "uv_size": [1, -1]}
							}
						},
						{
							"origin": [-0.85, 0.2, 7.575],
							"size": [0.15, 0.25, 0.6],
							"uv": {
								"east": {"uv": [22, 18], "uv_size": [1, 1]},
								"west": {"uv": [19, 22], "uv_size": [1, 1]},
								"up": {"uv": [22, 19], "uv_size": [1, 1]},
								"down": {"uv": [20, 23], "uv_size": [1, -1]}
							}
						},
						{
							"origin": [-0.85, -2.3, 8.175],
							"size": [0.15, 2.75, 0.25],
							"uv": {
								"north": {"uv": [1, 14], "uv_size": [1, 3]},
								"east": {"uv": [2, 14], "uv_size": [1, 3]},
								"south": {"uv": [3, 14], "uv_size": [1, 3]},
								"west": {"uv": [4, 14], "uv_size": [1, 3]},
								"up": {"uv": [22, 20], "uv_size": [1, 1]},
								"down": {"uv": [21, 23], "uv_size": [1, -1]}
							}
						},
						{
							"origin": [-0.85, 0.3, 2.35],
							"size": [0.15, 1.05, 5.5],
							"uv": {
								"north": {"uv": [22, 21], "uv_size": [1, 1]},
								"east": {"uv": [2, 0], "uv_size": [6, 1]},
								"south": {"uv": [22, 22], "uv_size": [1, 1]},
								"west": {"uv": [2, 1], "uv_size": [6, 1]},
								"down": {"uv": [2, 8], "uv_size": [1, -6]}
							}
						},
						{
							"origin": [-0.45, 1.6, 2.35],
							"size": [0.9, 0.15, 5.5],
							"uv": {
								"north": {"uv": [0, 23], "uv_size": [1, 1]},
								"south": {"uv": [23, 0], "uv_size": [1, 1]},
								"up": {"uv": [3, 2], "uv_size": [1, 6]},
								"down": {"uv": [4, 8], "uv_size": [1, -6]}
							}
						},
						{
							"origin": [-0.87478, 1.40984, 2.35],
							"size": [0.56569, 0.15, 5.5],
							"pivot": [-0.6091, 1.48484, 2.6],
							"rotation": [0, 0, -45],
							"uv": {
								"north": {"uv": [1, 23], "uv_size": [1, 1]},
								"south": {"uv": [23, 1], "uv_size": [1, 1]},
								"up": {"uv": [5, 2], "uv_size": [1, 6]},
								"down": {"uv": [6, 8], "uv_size": [1, -6]}
							}
						},
						{
							"origin": [0.22123, 1.62197, 2.35],
							"size": [0.56569, 0.15, 5.5],
							"pivot": [0.3091, 1.48484, 2.6],
							"rotation": [0, 0, 45],
							"uv": {
								"north": {"uv": [2, 23], "uv_size": [1, 1]},
								"south": {"uv": [23, 2], "uv_size": [1, 1]},
								"west": {"uv": [7, 2], "uv_size": [6, 1]},
								"up": {"uv": [7, 3], "uv_size": [1, 6]},
								"down": {"uv": [0, 14], "uv_size": [1, -6]}
							}
						}
					]
				},
				{
					"name": "butt",
					"parent": "ext",
					"pivot": [0.2, -2.125, 6.525],
					"cubes": [
						{
							"origin": [-0.6, -4.55, 8.425],
							"size": [1.2, 4.9, 0.325],
							"uv": {
								"east": {"uv": [9, 8], "uv_size": [1, 5]},
								"south": {"uv": [10, 3], "uv_size": [1, 5]},
								"west": {"uv": [10, 8], "uv_size": [1, 5]},
								"up": {"uv": [3, 23], "uv_size": [1, 1]},
								"down": {"uv": [23, 4], "uv_size": [1, -1]}
							}
						},
						{
							"origin": [-0.6, -4.98412, 8.71202],
							"size": [1.2, 1.45, 0.25],
							"pivot": [-0.6, -4.55, 6.25],
							"rotation": [10, 0, 0],
							"uv": {
								"east": {"uv": [4, 23], "uv_size": [1, 1]},
								"south": {"uv": [23, 4], "uv_size": [1, 1]},
								"west": {"uv": [5, 23], "uv_size": [1, 1]},
								"down": {"uv": [23, 6], "uv_size": [1, -1]}
							}
						},
						{
							"origin": [-0.6, -0.66588, 8.71202],
							"size": [1.2, 1.45, 0.25],
							"pivot": [-0.6, 0.35, 6.25],
							"rotation": [-10, 0, 0],
							"uv": {
								"east": {"uv": [6, 23], "uv_size": [1, 1]},
								"south": {"uv": [23, 6], "uv_size": [1, 1]},
								"west": {"uv": [7, 23], "uv_size": [1, 1]},
								"up": {"uv": [23, 7], "uv_size": [1, 1]}
							}
						}
					]
				},
				{
					"name": "lock",
					"parent": "ext",
					"pivot": [0, 0.375, -0.9875],
					"cubes": [
						{
							"origin": [-0.3, -3.19141, 5.17428],
							"size": [0.6, 0.55, 0.2],
							"pivot": [0, -1.57397, 3.1656],
							"rotation": [30, 0, 0],
							"uv": {
								"north": {"uv": [8, 23], "uv_size": [1, 1]},
								"east": {"uv": [23, 8], "uv_size": [1, 1]},
								"south": {"uv": [9, 23], "uv_size": [1, 1]},
								"west": {"uv": [23, 9], "uv_size": [1, 1]}
							}
						},
						{
							"origin": [-0.3, -3.18353, 5.64969],
							"size": [0.6, 0.55, 0.2375],
							"pivot": [0, -1.5661, 3.64101],
							"rotation": [30, 0, 0],
							"uv": {
								"north": {"uv": [10, 23], "uv_size": [1, 1]},
								"east": {"uv": [23, 10], "uv_size": [1, 1]},
								"west": {"uv": [11, 23], "uv_size": [1, 1]}
							}
						},
						{
							"origin": [-0.3, -3.025, 6.18709],
							"size": [0.6, 1.7, 0.58791],
							"uv": {
								"north": {"uv": [8, 16], "uv_size": [1, 2]},
								"east": {"uv": [9, 16], "uv_size": [1, 2]},
								"south": {"uv": [10, 16], "uv_size": [1, 2]},
								"west": {"uv": [16, 10], "uv_size": [1, 2]},
								"up": {"uv": [23, 11], "uv_size": [1, 1]},
								"down": {"uv": [12, 24], "uv_size": [1, -1]}
							}
						},
						{
							"origin": [-0.2, -2.8208, 5.78709],
							"size": [0.4, 1.07674, 0.4],
							"uv": {
								"east": {"uv": [23, 12], "uv_size": [1, 1]},
								"west": {"uv": [13, 23], "uv_size": [1, 1]}
							}
						},
						{
							"origin": [-0.2, -1.74406, 5.66209],
							"size": [0.4, 0.25, 0.525],
							"uv": {
								"east": {"uv": [23, 13], "uv_size": [1, 1]},
								"west": {"uv": [14, 23], "uv_size": [1, 1]}
							}
						},
						{
							"origin": [-0.3, -2.52037, 5.68709],
							"size": [0.6, 0.65, 0.2],
							"uv": {
								"north": {"uv": [23, 14], "uv_size": [1, 1]},
								"east": {"uv": [15, 23], "uv_size": [1, 1]},
								"south": {"uv": [23, 15], "uv_size": [1, 1]},
								"west": {"uv": [16, 23], "uv_size": [1, 1]}
							}
						},
						{
							"origin": [-0.3, -2.14668, 5.57138],
							"size": [0.6, 0.37807, 0.2],
							"pivot": [-0.6, -2.52037, 3.38709],
							"rotation": [-17.5, 0, 0],
							"uv": {
								"north": {"uv": [23, 16], "uv_size": [1, 1]},
								"east": {"uv": [17, 23], "uv_size": [1, 1]},
								"south": {"uv": [23, 17], "uv_size": [1, 1]},
								"west": {"uv": [18, 23], "uv_size": [1, 1]}
							}
						},
						{
							"origin": [-0.3, -2.15203, 6.07116],
							"size": [0.6, 0.3625, 0.10398],
							"pivot": [-0.6, -2.5125, 3.8875],
							"rotation": [-17.5, 0, 0],
							"uv": {
								"north": {"uv": [23, 18], "uv_size": [1, 1]},
								"east": {"uv": [19, 23], "uv_size": [1, 1]},
								"west": {"uv": [23, 19], "uv_size": [1, 1]}
							}
						},
						{
							"origin": [-0.3, -1.49406, 5.43889],
							"size": [0.6, 0.16906, 0.74821],
							"uv": {
								"north": {"uv": [20, 23], "uv_size": [1, 1]},
								"east": {"uv": [23, 20], "uv_size": [1, 1]},
								"west": {"uv": [21, 23], "uv_size": [1, 1]},
								"up": {"uv": [23, 21], "uv_size": [1, 1]},
								"down": {"uv": [22, 24], "uv_size": [1, -1]}
							}
						},
						{
							"origin": [-0.3, -3.025, 5.58266],
							"size": [0.6, 0.2042, 0.60443],
							"uv": {
								"north": {"uv": [23, 22], "uv_size": [1, 1]},
								"east": {"uv": [23, 23], "uv_size": [1, 1]},
								"west": {"uv": [0, 24], "uv_size": [1, 1]},
								"up": {"uv": [24, 0], "uv_size": [1, 1]},
								"down": {"uv": [1, 25], "uv_size": [1, -1]}
							}
						}
					]
				}
			]
		}
	]
}