{
	"format_version": "1.12.0",
	"minecraft:geometry": [
		{
			"description": {
				"identifier": "geometry.grip_zolfaqar_gc",
				"texture_width": 32,
				"texture_height": 32,
				"visible_bounds_width": 3,
				"visible_bounds_height": 2,
				"visible_bounds_offset": [0, 0, 0]
			},
			"bones": [
				{
					"name": "Zolfaqar_grippod",
					"pivot": [0, 0, 0]
				},
				{
					"name": "rail_l",
					"parent": "Zolfaqar_grippod",
					"pivot": [0, 0.25564, -1.125],
					"rotation": [0, 0, 90],
					"cubes": [
						{
							"origin": [0.23064, 1.25558, -3.175],
							"size": [1, 0.001, 1.75],
							"uv": {
								"north": {"uv": [0, 0], "uv_size": [1, 0]},
								"east": {"uv": [0, 0], "uv_size": [2, 0]},
								"south": {"uv": [0, 0], "uv_size": [1, 0]},
								"west": {"uv": [0, 0], "uv_size": [2, 0]},
								"up": {"uv": [10, 7], "uv_size": [1, 2]},
								"down": {"uv": [8, 12], "uv_size": [1, -2]}
							}
						},
						{
							"origin": [0.35564, 1.00564, -3.175],
							"size": [0.75, 0.25, 1.75],
							"uv": {
								"north": {"uv": [7, 14], "uv_size": [1, 1]},
								"east": {"uv": [9, 10], "uv_size": [2, 1]},
								"south": {"uv": [8, 14], "uv_size": [1, 1]},
								"west": {"uv": [10, 9], "uv_size": [2, 1]}
							}
						},
						{
							"origin": [0.36634, 1.12583, -1.925],
							"size": [0.177, 0.177, 0.5],
							"pivot": [0.35564, 1.11513, -4.7275],
							"rotation": [0, 0, -45],
							"uv": {
								"north": {"uv": [9, 14], "uv_size": [1, 1]},
								"east": {"uv": [14, 9], "uv_size": [1, 1]},
								"south": {"uv": [10, 14], "uv_size": [1, 1]},
								"up": {"uv": [11, 14], "uv_size": [1, 1]}
							}
						},
						{
							"origin": [0.35564, 1.25558, -1.925],
							"size": [0.75, 0.125, 0.5],
							"uv": {
								"north": {"uv": [14, 11], "uv_size": [1, 1]},
								"south": {"uv": [12, 14], "uv_size": [1, 1]},
								"up": {"uv": [14, 12], "uv_size": [1, 1]}
							}
						},
						{
							"origin": [0.91794, 1.12583, -1.925],
							"size": [0.177, 0.177, 0.5],
							"pivot": [1.10564, 1.11513, -4.7275],
							"rotation": [0, 0, 45],
							"uv": {
								"north": {"uv": [13, 14], "uv_size": [1, 1]},
								"south": {"uv": [14, 14], "uv_size": [1, 1]},
								"west": {"uv": [1, 15], "uv_size": [1, 1]},
								"up": {"uv": [2, 15], "uv_size": [1, 1]}
							}
						},
						{
							"origin": [0.36634, 1.12583, -3.175],
							"size": [0.177, 0.177, 0.5],
							"pivot": [0.35564, 1.11513, -5.7525],
							"rotation": [0, 0, -45],
							"uv": {
								"north": {"uv": [3, 15], "uv_size": [1, 1]},
								"east": {"uv": [4, 15], "uv_size": [1, 1]},
								"south": {"uv": [5, 15], "uv_size": [1, 1]},
								"up": {"uv": [15, 5], "uv_size": [1, 1]}
							}
						},
						{
							"origin": [0.35564, 1.25558, -3.175],
							"size": [0.75, 0.125, 0.5],
							"uv": {
								"north": {"uv": [6, 15], "uv_size": [1, 1]},
								"south": {"uv": [15, 6], "uv_size": [1, 1]},
								"up": {"uv": [7, 15], "uv_size": [1, 1]}
							}
						},
						{
							"origin": [0.91794, 1.12583, -3.175],
							"size": [0.177, 0.177, 0.5],
							"pivot": [1.10564, 1.11513, -5.7525],
							"rotation": [0, 0, 45],
							"uv": {
								"north": {"uv": [15, 7], "uv_size": [1, 1]},
								"south": {"uv": [8, 15], "uv_size": [1, 1]},
								"west": {"uv": [15, 8], "uv_size": [1, 1]},
								"up": {"uv": [9, 15], "uv_size": [1, 1]}
							}
						},
						{
							"origin": [0.91794, 1.12583, -2.425],
							"size": [0.177, 0.177, 0.25],
							"pivot": [1.10564, 1.11513, -5.2525],
							"rotation": [0, 0, 45],
							"uv": {
								"north": {"uv": [15, 9], "uv_size": [1, 1]},
								"south": {"uv": [10, 15], "uv_size": [1, 1]},
								"west": {"uv": [15, 10], "uv_size": [1, 1]},
								"up": {"uv": [11, 15], "uv_size": [1, 1]}
							}
						},
						{
							"origin": [0.35564, 1.25558, -2.425],
							"size": [0.75, 0.125, 0.25],
							"uv": {
								"north": {"uv": [15, 11], "uv_size": [1, 1]},
								"south": {"uv": [12, 15], "uv_size": [1, 1]},
								"up": {"uv": [15, 12], "uv_size": [1, 1]}
							}
						},
						{
							"origin": [0.36634, 1.12583, -2.425],
							"size": [0.177, 0.177, 0.25],
							"pivot": [0.35564, 1.11513, -5.2525],
							"rotation": [0, 0, -45],
							"uv": {
								"north": {"uv": [13, 15], "uv_size": [1, 1]},
								"east": {"uv": [15, 13], "uv_size": [1, 1]},
								"south": {"uv": [14, 15], "uv_size": [1, 1]},
								"up": {"uv": [15, 14], "uv_size": [1, 1]}
							}
						}
					]
				},
				{
					"name": "rail_r",
					"parent": "Zolfaqar_grippod",
					"pivot": [0, 0.20564, -1.125],
					"rotation": [0, 0, -90],
					"cubes": [
						{
							"origin": [-1.18064, 1.20564, -3.175],
							"size": [1, 0.001, 1.75],
							"uv": {
								"north": {"uv": [0, 0], "uv_size": [1, 0]},
								"east": {"uv": [0, 0], "uv_size": [2, 0]},
								"south": {"uv": [0, 0], "uv_size": [1, 0]},
								"west": {"uv": [0, 0], "uv_size": [2, 0]},
								"up": {"uv": [11, 0], "uv_size": [1, 2]},
								"down": {"uv": [1, 13], "uv_size": [1, -2]}
							}
						},
						{
							"origin": [-1.05564, 0.95564, -3.175],
							"size": [0.75, 0.25, 1.75],
							"uv": {
								"north": {"uv": [15, 15], "uv_size": [1, 1]},
								"east": {"uv": [2, 11], "uv_size": [2, 1]},
								"south": {"uv": [0, 16], "uv_size": [1, 1]},
								"west": {"uv": [11, 2], "uv_size": [2, 1]}
							}
						},
						{
							"origin": [-0.49334, 1.07589, -1.925],
							"size": [0.177, 0.177, 0.5],
							"pivot": [-0.30564, 1.06519, -4.7275],
							"rotation": [0, 0, 45],
							"uv": {
								"north": {"uv": [16, 0], "uv_size": [1, 1]},
								"south": {"uv": [1, 16], "uv_size": [1, 1]},
								"west": {"uv": [16, 1], "uv_size": [1, 1]},
								"up": {"uv": [2, 16], "uv_size": [1, 1]}
							}
						},
						{
							"origin": [-1.05564, 1.20564, -1.925],
							"size": [0.75, 0.125, 0.5],
							"uv": {
								"north": {"uv": [16, 2], "uv_size": [1, 1]},
								"south": {"uv": [3, 16], "uv_size": [1, 1]},
								"up": {"uv": [16, 3], "uv_size": [1, 1]}
							}
						},
						{
							"origin": [-1.04494, 1.07589, -1.925],
							"size": [0.177, 0.177, 0.5],
							"pivot": [-1.05564, 1.06519, -4.7275],
							"rotation": [0, 0, -45],
							"uv": {
								"north": {"uv": [4, 16], "uv_size": [1, 1]},
								"east": {"uv": [16, 4], "uv_size": [1, 1]},
								"south": {"uv": [5, 16], "uv_size": [1, 1]},
								"up": {"uv": [16, 5], "uv_size": [1, 1]}
							}
						},
						{
							"origin": [-0.49334, 1.07589, -3.175],
							"size": [0.177, 0.177, 0.5],
							"pivot": [-0.30564, 1.06519, -5.7525],
							"rotation": [0, 0, 45],
							"uv": {
								"north": {"uv": [6, 16], "uv_size": [1, 1]},
								"south": {"uv": [16, 6], "uv_size": [1, 1]},
								"west": {"uv": [7, 16], "uv_size": [1, 1]},
								"up": {"uv": [16, 7], "uv_size": [1, 1]}
							}
						},
						{
							"origin": [-1.05564, 1.20564, -3.175],
							"size": [0.75, 0.125, 0.5],
							"uv": {
								"north": {"uv": [8, 16], "uv_size": [1, 1]},
								"south": {"uv": [16, 8], "uv_size": [1, 1]},
								"up": {"uv": [9, 16], "uv_size": [1, 1]}
							}
						},
						{
							"origin": [-1.04494, 1.07589, -3.175],
							"size": [0.177, 0.177, 0.5],
							"pivot": [-1.05564, 1.06519, -5.7525],
							"rotation": [0, 0, -45],
							"uv": {
								"north": {"uv": [16, 9], "uv_size": [1, 1]},
								"east": {"uv": [10, 16], "uv_size": [1, 1]},
								"south": {"uv": [16, 10], "uv_size": [1, 1]},
								"up": {"uv": [11, 16], "uv_size": [1, 1]}
							}
						},
						{
							"origin": [-1.04494, 1.07589, -2.425],
							"size": [0.177, 0.177, 0.25],
							"pivot": [-1.05564, 1.06519, -5.2525],
							"rotation": [0, 0, -45],
							"uv": {
								"north": {"uv": [16, 11], "uv_size": [1, 1]},
								"east": {"uv": [12, 16], "uv_size": [1, 1]},
								"south": {"uv": [16, 12], "uv_size": [1, 1]},
								"up": {"uv": [13, 16], "uv_size": [1, 1]}
							}
						},
						{
							"origin": [-1.05564, 1.20564, -2.425],
							"size": [0.75, 0.125, 0.25],
							"uv": {
								"north": {"uv": [16, 13], "uv_size": [1, 1]},
								"south": {"uv": [14, 16], "uv_size": [1, 1]},
								"up": {"uv": [16, 14], "uv_size": [1, 1]}
							}
						},
						{
							"origin": [-0.49334, 1.07589, -2.425],
							"size": [0.177, 0.177, 0.25],
							"pivot": [-0.30564, 1.06519, -5.2525],
							"rotation": [0, 0, 45],
							"uv": {
								"north": {"uv": [15, 16], "uv_size": [1, 1]},
								"south": {"uv": [16, 15], "uv_size": [1, 1]},
								"west": {"uv": [16, 16], "uv_size": [1, 1]},
								"up": {"uv": [0, 17], "uv_size": [1, 1]}
							}
						}
					]
				},
				{
					"name": "bulge",
					"parent": "Zolfaqar_grippod",
					"pivot": [0, 0.05625, -2.3],
					"cubes": [
						{
							"origin": [-0.29, -1.04375, -3.075],
							"size": [0.58, 0.2, 1.55],
							"uv": {
								"north": {"uv": [17, 0], "uv_size": [1, 1]},
								"south": {"uv": [1, 17], "uv_size": [1, 1]}
							}
						},
						{
							"origin": [-0.29, -1.04375, -3.075],
							"size": [0.58, 0.2, 1.55],
							"pivot": [0, -0.94375, -2.3],
							"rotation": [0, -45, 0],
							"uv": {
								"north": {"uv": [17, 1], "uv_size": [1, 1]},
								"south": {"uv": [2, 17], "uv_size": [1, 1]}
							}
						},
						{
							"origin": [-0.29, -1.04375, -3.075],
							"size": [0.58, 0.2, 1.55],
							"pivot": [0, -0.94375, -2.3],
							"rotation": [0, -90, 0],
							"uv": {
								"north": {"uv": [17, 2], "uv_size": [1, 1]},
								"south": {"uv": [3, 17], "uv_size": [1, 1]}
							}
						},
						{
							"origin": [-0.29, -1.04375, -3.075],
							"size": [0.58, 0.2, 1.55],
							"pivot": [0, -0.94375, -2.3],
							"rotation": [-180, -45, 180],
							"uv": {
								"north": {"uv": [17, 3], "uv_size": [1, 1]},
								"south": {"uv": [4, 17], "uv_size": [1, 1]}
							}
						},
						{
							"origin": [-0.02865, -1.04375, -3.12698],
							"size": [0.05731, 0.2, 1.65397],
							"pivot": [0, -0.94375, -2.3],
							"rotation": [0, -67.5, 0],
							"uv": {
								"north": {"uv": [17, 4], "uv_size": [1, 1]},
								"south": {"uv": [5, 17], "uv_size": [1, 1]}
							}
						},
						{
							"origin": [-0.02865, -1.04375, -3.12698],
							"size": [0.05731, 0.2, 1.65397],
							"pivot": [0, -0.94375, -2.3],
							"rotation": [0, -112.5, 0],
							"uv": {
								"north": {"uv": [17, 5], "uv_size": [1, 1]},
								"south": {"uv": [6, 17], "uv_size": [1, 1]}
							}
						},
						{
							"origin": [-0.02865, -1.04375, -3.12698],
							"size": [0.05731, 0.2, 1.65397],
							"pivot": [0, -0.94375, -2.3],
							"rotation": [0, -157.5, 0],
							"uv": {
								"north": {"uv": [17, 6], "uv_size": [1, 1]},
								"south": {"uv": [7, 17], "uv_size": [1, 1]}
							}
						},
						{
							"origin": [-0.02865, -1.04375, -3.12698],
							"size": [0.05731, 0.2, 1.65397],
							"pivot": [0, -0.94375, -2.3],
							"rotation": [0, 157.5, 0],
							"uv": {
								"north": {"uv": [17, 7], "uv_size": [1, 1]},
								"south": {"uv": [8, 17], "uv_size": [1, 1]}
							}
						},
						{
							"origin": [-0.29, -1.07471, -3.07037],
							"size": [0.58, 0.26192, 1.54075],
							"pivot": [0, -0.94375, -2.3],
							"rotation": [163, -45, 180],
							"uv": {
								"south": {"uv": [17, 8], "uv_size": [1, 1]}
							}
						},
						{
							"origin": [-0.29, -1.07471, -3.07037],
							"size": [0.58, 0.26192, 1.54075],
							"pivot": [0, -0.94375, -2.3],
							"rotation": [-163, -45, -180],
							"uv": {
								"north": {"uv": [9, 17], "uv_size": [1, 1]}
							}
						},
						{
							"origin": [-0.29, -1.07471, -3.07037],
							"size": [0.58, 0.26192, 1.54075],
							"pivot": [0, -0.94375, -2.3],
							"rotation": [17, 0, 0],
							"uv": {
								"north": {"uv": [17, 9], "uv_size": [1, 1]}
							}
						},
						{
							"origin": [-0.29, -1.07471, -3.07037],
							"size": [0.58, 0.26192, 1.54075],
							"pivot": [0, -0.94375, -2.3],
							"rotation": [0, -90, -17],
							"uv": {
								"south": {"uv": [10, 17], "uv_size": [1, 1]}
							}
						},
						{
							"origin": [-0.29, -1.07471, -3.07037],
							"size": [0.58, 0.26192, 1.54075],
							"pivot": [0, -0.94375, -2.3],
							"rotation": [-17, -45, 0],
							"uv": {
								"south": {"uv": [17, 10], "uv_size": [1, 1]}
							}
						},
						{
							"origin": [-0.29, -1.07471, -3.07037],
							"size": [0.58, 0.26192, 1.54075],
							"pivot": [0, -0.94375, -2.3],
							"rotation": [-17, 0, 0],
							"uv": {
								"south": {"uv": [11, 17], "uv_size": [1, 1]}
							}
						},
						{
							"origin": [-0.29, -1.07471, -3.07037],
							"size": [0.58, 0.26192, 1.54075],
							"pivot": [0, -0.94375, -2.3],
							"rotation": [17, -45, 0],
							"uv": {
								"north": {"uv": [17, 11], "uv_size": [1, 1]}
							}
						},
						{
							"origin": [-0.29, -1.07471, -3.07037],
							"size": [0.58, 0.26192, 1.54075],
							"pivot": [0, -0.94375, -2.3],
							"rotation": [0, -90, 17],
							"uv": {
								"north": {"uv": [12, 17], "uv_size": [1, 1]}
							}
						},
						{
							"origin": [-0.02865, -1.11132, -3.11598],
							"size": [0.05731, 0.33515, 1.63196],
							"pivot": [0, -0.94375, -2.3],
							"rotation": [-18.5, -67.5, 0],
							"uv": {
								"south": {"uv": [17, 12], "uv_size": [1, 1]}
							}
						},
						{
							"origin": [-0.02865, -1.11132, -3.11598],
							"size": [0.05731, 0.33515, 1.63196],
							"pivot": [0, -0.94375, -2.3],
							"rotation": [161.5, -67.5, -180],
							"uv": {
								"south": {"uv": [13, 17], "uv_size": [1, 1]}
							}
						},
						{
							"origin": [-0.02865, -1.11132, -3.11598],
							"size": [0.05731, 0.33515, 1.63196],
							"pivot": [0, -0.94375, -2.3],
							"rotation": [161.5, -22.5, -180],
							"uv": {
								"south": {"uv": [17, 13], "uv_size": [1, 1]}
							}
						},
						{
							"origin": [-0.02865, -1.11132, -3.11598],
							"size": [0.05731, 0.33515, 1.63196],
							"pivot": [0, -0.94375, -2.3],
							"rotation": [161.5, 22.5, 180],
							"uv": {
								"south": {"uv": [14, 17], "uv_size": [1, 1]}
							}
						},
						{
							"origin": [-0.02865, -1.11132, -3.11598],
							"size": [0.05731, 0.33515, 1.63196],
							"pivot": [0, -0.94375, -2.3],
							"rotation": [161.5, 67.5, 180],
							"uv": {
								"south": {"uv": [17, 14], "uv_size": [1, 1]}
							}
						},
						{
							"origin": [-0.02865, -1.11132, -3.11598],
							"size": [0.05731, 0.33515, 1.63196],
							"pivot": [0, -0.94375, -2.3],
							"rotation": [-18.5, 67.5, 0],
							"uv": {
								"south": {"uv": [15, 17], "uv_size": [1, 1]}
							}
						},
						{
							"origin": [-0.02865, -1.11132, -3.11598],
							"size": [0.05731, 0.33515, 1.63196],
							"pivot": [0, -0.94375, -2.3],
							"rotation": [-18.5, 22.5, 0],
							"uv": {
								"south": {"uv": [17, 15], "uv_size": [1, 1]}
							}
						},
						{
							"origin": [-0.02865, -1.11132, -3.11598],
							"size": [0.05731, 0.33515, 1.63196],
							"pivot": [0, -0.94375, -2.3],
							"rotation": [-18.5, -22.5, 0],
							"uv": {
								"south": {"uv": [16, 17], "uv_size": [1, 1]}
							}
						},
						{
							"origin": [-0.29, -2.04375, -3.075],
							"size": [0.58, 0.2, 1.55],
							"uv": {
								"north": {"uv": [17, 16], "uv_size": [1, 1]},
								"south": {"uv": [17, 17], "uv_size": [1, 1]}
							}
						},
						{
							"origin": [-0.29, -2.04375, -3.075],
							"size": [0.58, 0.2, 1.55],
							"pivot": [0, -1.94375, -2.3],
							"rotation": [0, -45, 0],
							"uv": {
								"north": {"uv": [0, 18], "uv_size": [1, 1]},
								"south": {"uv": [18, 0], "uv_size": [1, 1]}
							}
						},
						{
							"origin": [-0.29, -2.04375, -3.075],
							"size": [0.58, 0.2, 1.55],
							"pivot": [0, -1.94375, -2.3],
							"rotation": [0, -90, 0],
							"uv": {
								"north": {"uv": [1, 18], "uv_size": [1, 1]},
								"south": {"uv": [18, 1], "uv_size": [1, 1]}
							}
						},
						{
							"origin": [-0.29, -2.04375, -3.075],
							"size": [0.58, 0.2, 1.55],
							"pivot": [0, -1.94375, -2.3],
							"rotation": [-180, -45, 180],
							"uv": {
								"north": {"uv": [2, 18], "uv_size": [1, 1]},
								"south": {"uv": [18, 2], "uv_size": [1, 1]}
							}
						},
						{
							"origin": [-0.02865, -2.04375, -3.12698],
							"size": [0.05731, 0.2, 1.65397],
							"pivot": [0, -1.94375, -2.3],
							"rotation": [0, -67.5, 0],
							"uv": {
								"north": {"uv": [3, 18], "uv_size": [1, 1]},
								"south": {"uv": [18, 3], "uv_size": [1, 1]}
							}
						},
						{
							"origin": [-0.02865, -2.04375, -3.12698],
							"size": [0.05731, 0.2, 1.65397],
							"pivot": [0, -1.94375, -2.3],
							"rotation": [0, -112.5, 0],
							"uv": {
								"north": {"uv": [4, 18], "uv_size": [1, 1]},
								"south": {"uv": [18, 4], "uv_size": [1, 1]}
							}
						},
						{
							"origin": [-0.02865, -2.04375, -3.12698],
							"size": [0.05731, 0.2, 1.65397],
							"pivot": [0, -1.94375, -2.3],
							"rotation": [0, -157.5, 0],
							"uv": {
								"north": {"uv": [5, 18], "uv_size": [1, 1]},
								"south": {"uv": [18, 5], "uv_size": [1, 1]}
							}
						},
						{
							"origin": [-0.02865, -2.04375, -3.12698],
							"size": [0.05731, 0.2, 1.65397],
							"pivot": [0, -1.94375, -2.3],
							"rotation": [0, 157.5, 0],
							"uv": {
								"north": {"uv": [6, 18], "uv_size": [1, 1]},
								"south": {"uv": [18, 6], "uv_size": [1, 1]}
							}
						},
						{
							"origin": [-0.29, -2.07471, -3.07037],
							"size": [0.58, 0.26192, 1.54075],
							"pivot": [0, -1.94375, -2.3],
							"rotation": [163, -45, 180],
							"uv": {
								"north": {"uv": [7, 18], "uv_size": [1, 1]},
								"south": {"uv": [18, 7], "uv_size": [1, 1]}
							}
						},
						{
							"origin": [-0.29, -2.07471, -3.07037],
							"size": [0.58, 0.26192, 1.54075],
							"pivot": [0, -1.94375, -2.3],
							"rotation": [-163, -45, -180],
							"uv": {
								"north": {"uv": [8, 18], "uv_size": [1, 1]},
								"south": {"uv": [18, 8], "uv_size": [1, 1]}
							}
						},
						{
							"origin": [-0.29, -2.07471, -3.07037],
							"size": [0.58, 0.26192, 1.54075],
							"pivot": [0, -1.94375, -2.3],
							"rotation": [17, 0, 0],
							"uv": {
								"north": {"uv": [9, 18], "uv_size": [1, 1]},
								"south": {"uv": [18, 9], "uv_size": [1, 1]}
							}
						},
						{
							"origin": [-0.29, -2.07471, -3.07037],
							"size": [0.58, 0.26192, 1.54075],
							"pivot": [0, -1.94375, -2.3],
							"rotation": [0, -90, -17],
							"uv": {
								"north": {"uv": [10, 18], "uv_size": [1, 1]},
								"south": {"uv": [18, 10], "uv_size": [1, 1]}
							}
						},
						{
							"origin": [-0.29, -2.07471, -3.07037],
							"size": [0.58, 0.26192, 1.54075],
							"pivot": [0, -1.94375, -2.3],
							"rotation": [-17, -45, 0],
							"uv": {
								"north": {"uv": [11, 18], "uv_size": [1, 1]},
								"south": {"uv": [18, 11], "uv_size": [1, 1]}
							}
						},
						{
							"origin": [-0.29, -2.07471, -3.07037],
							"size": [0.58, 0.26192, 1.54075],
							"pivot": [0, -1.94375, -2.3],
							"rotation": [-17, 0, 0],
							"uv": {
								"north": {"uv": [12, 18], "uv_size": [1, 1]},
								"south": {"uv": [18, 12], "uv_size": [1, 1]}
							}
						},
						{
							"origin": [-0.29, -2.07471, -3.07037],
							"size": [0.58, 0.26192, 1.54075],
							"pivot": [0, -1.94375, -2.3],
							"rotation": [17, -45, 0],
							"uv": {
								"north": {"uv": [13, 18], "uv_size": [1, 1]},
								"south": {"uv": [18, 13], "uv_size": [1, 1]}
							}
						},
						{
							"origin": [-0.29, -2.07471, -3.07037],
							"size": [0.58, 0.26192, 1.54075],
							"pivot": [0, -1.94375, -2.3],
							"rotation": [0, -90, 17],
							"uv": {
								"north": {"uv": [14, 18], "uv_size": [1, 1]},
								"south": {"uv": [18, 14], "uv_size": [1, 1]}
							}
						},
						{
							"origin": [-0.02865, -2.11132, -3.11598],
							"size": [0.05731, 0.33515, 1.63196],
							"pivot": [0, -1.94375, -2.3],
							"rotation": [-18.5, -67.5, 0],
							"uv": {
								"north": {"uv": [15, 18], "uv_size": [1, 1]},
								"south": {"uv": [18, 15], "uv_size": [1, 1]}
							}
						},
						{
							"origin": [-0.02865, -2.11132, -3.11598],
							"size": [0.05731, 0.33515, 1.63196],
							"pivot": [0, -1.94375, -2.3],
							"rotation": [161.5, -67.5, -180],
							"uv": {
								"north": {"uv": [16, 18], "uv_size": [1, 1]},
								"south": {"uv": [18, 16], "uv_size": [1, 1]}
							}
						},
						{
							"origin": [-0.02865, -2.11132, -3.11598],
							"size": [0.05731, 0.33515, 1.63196],
							"pivot": [0, -1.94375, -2.3],
							"rotation": [161.5, -22.5, -180],
							"uv": {
								"north": {"uv": [17, 18], "uv_size": [1, 1]},
								"south": {"uv": [18, 17], "uv_size": [1, 1]}
							}
						},
						{
							"origin": [-0.02865, -2.11132, -3.11598],
							"size": [0.05731, 0.33515, 1.63196],
							"pivot": [0, -1.94375, -2.3],
							"rotation": [161.5, 22.5, 180],
							"uv": {
								"north": {"uv": [18, 18], "uv_size": [1, 1]},
								"south": {"uv": [0, 19], "uv_size": [1, 1]}
							}
						},
						{
							"origin": [-0.02865, -2.11132, -3.11598],
							"size": [0.05731, 0.33515, 1.63196],
							"pivot": [0, -1.94375, -2.3],
							"rotation": [161.5, 67.5, 180],
							"uv": {
								"north": {"uv": [19, 0], "uv_size": [1, 1]},
								"south": {"uv": [1, 19], "uv_size": [1, 1]}
							}
						},
						{
							"origin": [-0.02865, -2.11132, -3.11598],
							"size": [0.05731, 0.33515, 1.63196],
							"pivot": [0, -1.94375, -2.3],
							"rotation": [-18.5, 67.5, 0],
							"uv": {
								"north": {"uv": [19, 1], "uv_size": [1, 1]},
								"south": {"uv": [2, 19], "uv_size": [1, 1]}
							}
						},
						{
							"origin": [-0.02865, -2.11132, -3.11598],
							"size": [0.05731, 0.33515, 1.63196],
							"pivot": [0, -1.94375, -2.3],
							"rotation": [-18.5, 22.5, 0],
							"uv": {
								"north": {"uv": [19, 2], "uv_size": [1, 1]},
								"south": {"uv": [3, 19], "uv_size": [1, 1]}
							}
						},
						{
							"origin": [-0.02865, -2.11132, -3.11598],
							"size": [0.05731, 0.33515, 1.63196],
							"pivot": [0, -1.94375, -2.3],
							"rotation": [-18.5, -22.5, 0],
							"uv": {
								"north": {"uv": [19, 3], "uv_size": [1, 1]},
								"south": {"uv": [4, 19], "uv_size": [1, 1]}
							}
						},
						{
							"origin": [-0.29, -3.04375, -3.075],
							"size": [0.58, 0.2, 1.55],
							"uv": {
								"north": {"uv": [19, 4], "uv_size": [1, 1]},
								"south": {"uv": [5, 19], "uv_size": [1, 1]}
							}
						},
						{
							"origin": [-0.29, -3.04375, -3.075],
							"size": [0.58, 0.2, 1.55],
							"pivot": [0, -2.94375, -2.3],
							"rotation": [0, -45, 0],
							"uv": {
								"north": {"uv": [19, 5], "uv_size": [1, 1]},
								"south": {"uv": [6, 19], "uv_size": [1, 1]}
							}
						},
						{
							"origin": [-0.29, -3.04375, -3.075],
							"size": [0.58, 0.2, 1.55],
							"pivot": [0, -2.94375, -2.3],
							"rotation": [0, -90, 0],
							"uv": {
								"north": {"uv": [19, 6], "uv_size": [1, 1]},
								"south": {"uv": [7, 19], "uv_size": [1, 1]}
							}
						},
						{
							"origin": [-0.29, -3.04375, -3.075],
							"size": [0.58, 0.2, 1.55],
							"pivot": [0, -2.94375, -2.3],
							"rotation": [-180, -45, 180],
							"uv": {
								"north": {"uv": [19, 7], "uv_size": [1, 1]},
								"south": {"uv": [8, 19], "uv_size": [1, 1]}
							}
						},
						{
							"origin": [-0.02865, -3.04375, -3.12698],
							"size": [0.05731, 0.2, 1.65397],
							"pivot": [0, -2.94375, -2.3],
							"rotation": [0, -67.5, 0],
							"uv": {
								"north": {"uv": [19, 8], "uv_size": [1, 1]},
								"south": {"uv": [9, 19], "uv_size": [1, 1]}
							}
						},
						{
							"origin": [-0.02865, -3.04375, -3.12698],
							"size": [0.05731, 0.2, 1.65397],
							"pivot": [0, -2.94375, -2.3],
							"rotation": [0, -112.5, 0],
							"uv": {
								"north": {"uv": [19, 9], "uv_size": [1, 1]},
								"south": {"uv": [10, 19], "uv_size": [1, 1]}
							}
						},
						{
							"origin": [-0.02865, -3.04375, -3.12698],
							"size": [0.05731, 0.2, 1.65397],
							"pivot": [0, -2.94375, -2.3],
							"rotation": [0, -157.5, 0],
							"uv": {
								"north": {"uv": [19, 10], "uv_size": [1, 1]},
								"south": {"uv": [11, 19], "uv_size": [1, 1]}
							}
						},
						{
							"origin": [-0.02865, -3.04375, -3.12698],
							"size": [0.05731, 0.2, 1.65397],
							"pivot": [0, -2.94375, -2.3],
							"rotation": [0, 157.5, 0],
							"uv": {
								"north": {"uv": [19, 11], "uv_size": [1, 1]},
								"south": {"uv": [12, 19], "uv_size": [1, 1]}
							}
						},
						{
							"origin": [-0.29, -3.07471, -3.07037],
							"size": [0.58, 0.26192, 1.54075],
							"pivot": [0, -2.94375, -2.3],
							"rotation": [163, -45, 180],
							"uv": {
								"north": {"uv": [19, 12], "uv_size": [1, 1]},
								"south": {"uv": [13, 19], "uv_size": [1, 1]}
							}
						},
						{
							"origin": [-0.29, -3.07471, -3.07037],
							"size": [0.58, 0.26192, 1.54075],
							"pivot": [0, -2.94375, -2.3],
							"rotation": [-163, -45, -180],
							"uv": {
								"north": {"uv": [19, 13], "uv_size": [1, 1]},
								"south": {"uv": [14, 19], "uv_size": [1, 1]}
							}
						},
						{
							"origin": [-0.29, -3.07471, -3.07037],
							"size": [0.58, 0.26192, 1.54075],
							"pivot": [0, -2.94375, -2.3],
							"rotation": [17, 0, 0],
							"uv": {
								"north": {"uv": [19, 14], "uv_size": [1, 1]},
								"south": {"uv": [15, 19], "uv_size": [1, 1]}
							}
						},
						{
							"origin": [-0.29, -3.07471, -3.07037],
							"size": [0.58, 0.26192, 1.54075],
							"pivot": [0, -2.94375, -2.3],
							"rotation": [0, -90, -17],
							"uv": {
								"north": {"uv": [19, 15], "uv_size": [1, 1]},
								"south": {"uv": [16, 19], "uv_size": [1, 1]}
							}
						},
						{
							"origin": [-0.29, -3.07471, -3.07037],
							"size": [0.58, 0.26192, 1.54075],
							"pivot": [0, -2.94375, -2.3],
							"rotation": [-17, -45, 0],
							"uv": {
								"north": {"uv": [19, 16], "uv_size": [1, 1]},
								"south": {"uv": [17, 19], "uv_size": [1, 1]}
							}
						},
						{
							"origin": [-0.29, -3.07471, -3.07037],
							"size": [0.58, 0.26192, 1.54075],
							"pivot": [0, -2.94375, -2.3],
							"rotation": [-17, 0, 0],
							"uv": {
								"north": {"uv": [19, 17], "uv_size": [1, 1]},
								"south": {"uv": [18, 19], "uv_size": [1, 1]}
							}
						},
						{
							"origin": [-0.29, -3.07471, -3.07037],
							"size": [0.58, 0.26192, 1.54075],
							"pivot": [0, -2.94375, -2.3],
							"rotation": [17, -45, 0],
							"uv": {
								"north": {"uv": [19, 18], "uv_size": [1, 1]},
								"south": {"uv": [19, 19], "uv_size": [1, 1]}
							}
						},
						{
							"origin": [-0.29, -3.07471, -3.07037],
							"size": [0.58, 0.26192, 1.54075],
							"pivot": [0, -2.94375, -2.3],
							"rotation": [0, -90, 17],
							"uv": {
								"north": {"uv": [0, 20], "uv_size": [1, 1]},
								"south": {"uv": [20, 0], "uv_size": [1, 1]}
							}
						},
						{
							"origin": [-0.02865, -3.11132, -3.11598],
							"size": [0.05731, 0.33515, 1.63196],
							"pivot": [0, -2.94375, -2.3],
							"rotation": [-18.5, -67.5, 0],
							"uv": {
								"north": {"uv": [1, 20], "uv_size": [1, 1]},
								"south": {"uv": [20, 1], "uv_size": [1, 1]}
							}
						},
						{
							"origin": [-0.02865, -3.11132, -3.11598],
							"size": [0.05731, 0.33515, 1.63196],
							"pivot": [0, -2.94375, -2.3],
							"rotation": [161.5, -67.5, -180],
							"uv": {
								"north": {"uv": [2, 20], "uv_size": [1, 1]},
								"south": {"uv": [20, 2], "uv_size": [1, 1]}
							}
						},
						{
							"origin": [-0.02865, -3.11132, -3.11598],
							"size": [0.05731, 0.33515, 1.63196],
							"pivot": [0, -2.94375, -2.3],
							"rotation": [161.5, -22.5, -180],
							"uv": {
								"north": {"uv": [3, 20], "uv_size": [1, 1]},
								"south": {"uv": [20, 3], "uv_size": [1, 1]}
							}
						},
						{
							"origin": [-0.02865, -3.11132, -3.11598],
							"size": [0.05731, 0.33515, 1.63196],
							"pivot": [0, -2.94375, -2.3],
							"rotation": [161.5, 22.5, 180],
							"uv": {
								"north": {"uv": [4, 20], "uv_size": [1, 1]},
								"south": {"uv": [20, 4], "uv_size": [1, 1]}
							}
						},
						{
							"origin": [-0.02865, -3.11132, -3.11598],
							"size": [0.05731, 0.33515, 1.63196],
							"pivot": [0, -2.94375, -2.3],
							"rotation": [161.5, 67.5, 180],
							"uv": {
								"north": {"uv": [5, 20], "uv_size": [1, 1]},
								"south": {"uv": [20, 5], "uv_size": [1, 1]}
							}
						},
						{
							"origin": [-0.02865, -3.11132, -3.11598],
							"size": [0.05731, 0.33515, 1.63196],
							"pivot": [0, -2.94375, -2.3],
							"rotation": [-18.5, 67.5, 0],
							"uv": {
								"north": {"uv": [6, 20], "uv_size": [1, 1]},
								"south": {"uv": [20, 6], "uv_size": [1, 1]}
							}
						},
						{
							"origin": [-0.02865, -3.11132, -3.11598],
							"size": [0.05731, 0.33515, 1.63196],
							"pivot": [0, -2.94375, -2.3],
							"rotation": [-18.5, 22.5, 0],
							"uv": {
								"north": {"uv": [7, 20], "uv_size": [1, 1]},
								"south": {"uv": [20, 7], "uv_size": [1, 1]}
							}
						},
						{
							"origin": [-0.02865, -3.11132, -3.11598],
							"size": [0.05731, 0.33515, 1.63196],
							"pivot": [0, -2.94375, -2.3],
							"rotation": [-18.5, -22.5, 0],
							"uv": {
								"north": {"uv": [8, 20], "uv_size": [1, 1]},
								"south": {"uv": [20, 8], "uv_size": [1, 1]}
							}
						},
						{
							"origin": [-0.29, -4.04375, -3.075],
							"size": [0.58, 0.2, 1.55],
							"uv": {
								"north": {"uv": [9, 20], "uv_size": [1, 1]},
								"south": {"uv": [20, 9], "uv_size": [1, 1]}
							}
						},
						{
							"origin": [-0.29, -4.04375, -3.075],
							"size": [0.58, 0.2, 1.55],
							"pivot": [0, -3.94375, -2.3],
							"rotation": [0, -45, 0],
							"uv": {
								"north": {"uv": [10, 20], "uv_size": [1, 1]},
								"south": {"uv": [20, 10], "uv_size": [1, 1]}
							}
						},
						{
							"origin": [-0.29, -4.04375, -3.075],
							"size": [0.58, 0.2, 1.55],
							"pivot": [0, -3.94375, -2.3],
							"rotation": [0, -90, 0],
							"uv": {
								"north": {"uv": [11, 20], "uv_size": [1, 1]},
								"south": {"uv": [20, 11], "uv_size": [1, 1]}
							}
						},
						{
							"origin": [-0.29, -4.04375, -3.075],
							"size": [0.58, 0.2, 1.55],
							"pivot": [0, -3.94375, -2.3],
							"rotation": [-180, -45, 180],
							"uv": {
								"north": {"uv": [12, 20], "uv_size": [1, 1]},
								"south": {"uv": [20, 12], "uv_size": [1, 1]}
							}
						},
						{
							"origin": [-0.02865, -4.04375, -3.12698],
							"size": [0.05731, 0.2, 1.65397],
							"pivot": [0, -3.94375, -2.3],
							"rotation": [0, -67.5, 0],
							"uv": {
								"north": {"uv": [13, 20], "uv_size": [1, 1]},
								"south": {"uv": [20, 13], "uv_size": [1, 1]}
							}
						},
						{
							"origin": [-0.02865, -4.04375, -3.12698],
							"size": [0.05731, 0.2, 1.65397],
							"pivot": [0, -3.94375, -2.3],
							"rotation": [0, -112.5, 0],
							"uv": {
								"north": {"uv": [14, 20], "uv_size": [1, 1]},
								"south": {"uv": [20, 14], "uv_size": [1, 1]}
							}
						},
						{
							"origin": [-0.02865, -4.04375, -3.12698],
							"size": [0.05731, 0.2, 1.65397],
							"pivot": [0, -3.94375, -2.3],
							"rotation": [0, -157.5, 0],
							"uv": {
								"north": {"uv": [15, 20], "uv_size": [1, 1]},
								"south": {"uv": [20, 15], "uv_size": [1, 1]}
							}
						},
						{
							"origin": [-0.02865, -4.04375, -3.12698],
							"size": [0.05731, 0.2, 1.65397],
							"pivot": [0, -3.94375, -2.3],
							"rotation": [0, 157.5, 0],
							"uv": {
								"north": {"uv": [16, 20], "uv_size": [1, 1]},
								"south": {"uv": [20, 16], "uv_size": [1, 1]}
							}
						},
						{
							"origin": [-0.29, -4.07471, -3.07037],
							"size": [0.58, 0.26192, 1.54075],
							"pivot": [0, -3.94375, -2.3],
							"rotation": [163, -45, 180],
							"uv": {
								"north": {"uv": [17, 20], "uv_size": [1, 1]},
								"south": {"uv": [20, 17], "uv_size": [1, 1]}
							}
						},
						{
							"origin": [-0.29, -4.07471, -3.07037],
							"size": [0.58, 0.26192, 1.54075],
							"pivot": [0, -3.94375, -2.3],
							"rotation": [-163, -45, -180],
							"uv": {
								"north": {"uv": [18, 20], "uv_size": [1, 1]},
								"south": {"uv": [20, 18], "uv_size": [1, 1]}
							}
						},
						{
							"origin": [-0.29, -4.07471, -3.07037],
							"size": [0.58, 0.26192, 1.54075],
							"pivot": [0, -3.94375, -2.3],
							"rotation": [17, 0, 0],
							"uv": {
								"north": {"uv": [19, 20], "uv_size": [1, 1]},
								"south": {"uv": [20, 19], "uv_size": [1, 1]}
							}
						},
						{
							"origin": [-0.29, -4.07471, -3.07037],
							"size": [0.58, 0.26192, 1.54075],
							"pivot": [0, -3.94375, -2.3],
							"rotation": [0, -90, -17],
							"uv": {
								"north": {"uv": [20, 20], "uv_size": [1, 1]},
								"south": {"uv": [0, 21], "uv_size": [1, 1]}
							}
						},
						{
							"origin": [-0.29, -4.07471, -3.07037],
							"size": [0.58, 0.26192, 1.54075],
							"pivot": [0, -3.94375, -2.3],
							"rotation": [-17, -45, 0],
							"uv": {
								"north": {"uv": [21, 0], "uv_size": [1, 1]},
								"south": {"uv": [1, 21], "uv_size": [1, 1]}
							}
						},
						{
							"origin": [-0.29, -4.07471, -3.07037],
							"size": [0.58, 0.26192, 1.54075],
							"pivot": [0, -3.94375, -2.3],
							"rotation": [-17, 0, 0],
							"uv": {
								"north": {"uv": [21, 1], "uv_size": [1, 1]},
								"south": {"uv": [2, 21], "uv_size": [1, 1]}
							}
						},
						{
							"origin": [-0.29, -4.07471, -3.07037],
							"size": [0.58, 0.26192, 1.54075],
							"pivot": [0, -3.94375, -2.3],
							"rotation": [17, -45, 0],
							"uv": {
								"north": {"uv": [21, 2], "uv_size": [1, 1]},
								"south": {"uv": [3, 21], "uv_size": [1, 1]}
							}
						},
						{
							"origin": [-0.29, -4.07471, -3.07037],
							"size": [0.58, 0.26192, 1.54075],
							"pivot": [0, -3.94375, -2.3],
							"rotation": [0, -90, 17],
							"uv": {
								"north": {"uv": [21, 3], "uv_size": [1, 1]},
								"south": {"uv": [4, 21], "uv_size": [1, 1]}
							}
						},
						{
							"origin": [-0.02865, -4.11132, -3.11598],
							"size": [0.05731, 0.33515, 1.63196],
							"pivot": [0, -3.94375, -2.3],
							"rotation": [-18.5, -67.5, 0],
							"uv": {
								"north": {"uv": [21, 4], "uv_size": [1, 1]},
								"south": {"uv": [5, 21], "uv_size": [1, 1]}
							}
						},
						{
							"origin": [-0.02865, -4.11132, -3.11598],
							"size": [0.05731, 0.33515, 1.63196],
							"pivot": [0, -3.94375, -2.3],
							"rotation": [161.5, -67.5, -180],
							"uv": {
								"north": {"uv": [21, 5], "uv_size": [1, 1]},
								"south": {"uv": [6, 21], "uv_size": [1, 1]}
							}
						},
						{
							"origin": [-0.02865, -4.11132, -3.11598],
							"size": [0.05731, 0.33515, 1.63196],
							"pivot": [0, -3.94375, -2.3],
							"rotation": [161.5, -22.5, -180],
							"uv": {
								"north": {"uv": [21, 6], "uv_size": [1, 1]},
								"south": {"uv": [7, 21], "uv_size": [1, 1]}
							}
						},
						{
							"origin": [-0.02865, -4.11132, -3.11598],
							"size": [0.05731, 0.33515, 1.63196],
							"pivot": [0, -3.94375, -2.3],
							"rotation": [161.5, 22.5, 180],
							"uv": {
								"north": {"uv": [21, 7], "uv_size": [1, 1]},
								"south": {"uv": [8, 21], "uv_size": [1, 1]}
							}
						},
						{
							"origin": [-0.02865, -4.11132, -3.11598],
							"size": [0.05731, 0.33515, 1.63196],
							"pivot": [0, -3.94375, -2.3],
							"rotation": [161.5, 67.5, 180],
							"uv": {
								"north": {"uv": [21, 8], "uv_size": [1, 1]},
								"south": {"uv": [9, 21], "uv_size": [1, 1]}
							}
						},
						{
							"origin": [-0.02865, -4.11132, -3.11598],
							"size": [0.05731, 0.33515, 1.63196],
							"pivot": [0, -3.94375, -2.3],
							"rotation": [-18.5, 67.5, 0],
							"uv": {
								"north": {"uv": [21, 9], "uv_size": [1, 1]},
								"south": {"uv": [10, 21], "uv_size": [1, 1]}
							}
						},
						{
							"origin": [-0.02865, -4.11132, -3.11598],
							"size": [0.05731, 0.33515, 1.63196],
							"pivot": [0, -3.94375, -2.3],
							"rotation": [-18.5, 22.5, 0],
							"uv": {
								"north": {"uv": [21, 10], "uv_size": [1, 1]},
								"south": {"uv": [11, 21], "uv_size": [1, 1]}
							}
						},
						{
							"origin": [-0.02865, -4.11132, -3.11598],
							"size": [0.05731, 0.33515, 1.63196],
							"pivot": [0, -3.94375, -2.3],
							"rotation": [-18.5, -22.5, 0],
							"uv": {
								"north": {"uv": [21, 11], "uv_size": [1, 1]},
								"south": {"uv": [12, 21], "uv_size": [1, 1]}
							}
						}
					]
				},
				{
					"name": "grip",
					"parent": "Zolfaqar_grippod",
					"pivot": [0.00001, -1.88827, 0.11569],
					"cubes": [
						{
							"origin": [-0.75, -0.85, -3.175],
							"size": [1.5, 0.68919, 1.75],
							"uv": {
								"north": {"uv": [11, 3], "uv_size": [2, 1]},
								"south": {"uv": [11, 7], "uv_size": [2, 1]},
								"up": {"uv": [4, 2], "uv_size": [2, 2]},
								"down": {"uv": [4, 6], "uv_size": [2, -2]}
							}
						},
						{
							"origin": [0.37956, -0.16081, -3.175],
							"size": [0.37044, 0.41706, 1.75],
							"uv": {
								"north": {"uv": [21, 12], "uv_size": [1, 1]},
								"east": {"uv": [11, 8], "uv_size": [2, 1]},
								"south": {"uv": [13, 21], "uv_size": [1, 1]},
								"west": {"uv": [9, 11], "uv_size": [2, 1]},
								"up": {"uv": [4, 11], "uv_size": [1, 2]}
							}
						},
						{
							"origin": [-0.75, -0.16081, -3.175],
							"size": [0.37044, 0.41706, 1.75],
							"uv": {
								"north": {"uv": [21, 13], "uv_size": [1, 1]},
								"east": {"uv": [11, 10], "uv_size": [2, 1]},
								"south": {"uv": [14, 21], "uv_size": [1, 1]},
								"west": {"uv": [11, 11], "uv_size": [2, 1]},
								"up": {"uv": [12, 0], "uv_size": [1, 2]}
							}
						},
						{
							"origin": [-0.29, -4.59375, -3],
							"size": [0.58, 4, 1.4],
							"uv": {
								"north": {"uv": [0, 6], "uv_size": [1, 4]},
								"south": {"uv": [1, 6], "uv_size": [1, 4]}
							}
						},
						{
							"origin": [-0.29, -4.59375, -3],
							"size": [0.58, 4, 1.4],
							"pivot": [0, -0.83125, -2.3],
							"rotation": [0, -45, 0],
							"uv": {
								"north": {"uv": [2, 6], "uv_size": [1, 4]},
								"south": {"uv": [6, 2], "uv_size": [1, 4]}
							}
						},
						{
							"origin": [-0.29, -4.59375, -3],
							"size": [0.58, 4, 1.4],
							"pivot": [0, -0.83125, -2.3],
							"rotation": [0, -90, 0],
							"uv": {
								"north": {"uv": [3, 6], "uv_size": [1, 4]},
								"south": {"uv": [4, 6], "uv_size": [1, 4]}
							}
						},
						{
							"origin": [-0.29, -4.59375, -3],
							"size": [0.58, 4, 1.4],
							"pivot": [0, -0.83125, -2.3],
							"rotation": [0, -135, 0],
							"uv": {
								"north": {"uv": [5, 6], "uv_size": [1, 4]},
								"south": {"uv": [6, 6], "uv_size": [1, 4]}
							}
						},
						{
							"origin": [-0.29, -4.84375, -3],
							"size": [0.58, 0.25, 0.2],
							"pivot": [0.29, -4.59375, -3],
							"rotation": [-30, 0, 0],
							"uv": {
								"north": {"uv": [21, 14], "uv_size": [1, 1]},
								"east": {"uv": [15, 21], "uv_size": [1, 1]},
								"west": {"uv": [21, 15], "uv_size": [1, 1]}
							}
						},
						{
							"origin": [-0.29, -4.84375, -1.8],
							"size": [0.58, 0.25, 0.2],
							"pivot": [0.29, -4.59375, -1.6],
							"rotation": [30, 0, 0],
							"uv": {
								"east": {"uv": [16, 21], "uv_size": [1, 1]},
								"south": {"uv": [21, 16], "uv_size": [1, 1]},
								"west": {"uv": [17, 21], "uv_size": [1, 1]}
							}
						},
						{
							"origin": [-0.29, -5.31026, -3.125],
							"size": [0.58, 0.5, 1.65],
							"uv": {
								"north": {"uv": [21, 17], "uv_size": [1, 1]},
								"south": {"uv": [18, 21], "uv_size": [1, 1]},
								"down": {"uv": [2, 14], "uv_size": [1, -2]}
							}
						},
						{
							"origin": [-0.29, -5.2356, -3.06241],
							"size": [0.58, 0.25, 0.2],
							"pivot": [0, -4.90613, -2.3],
							"rotation": [-30, -45, 0],
							"uv": {
								"north": {"uv": [21, 18], "uv_size": [1, 1]},
								"east": {"uv": [19, 21], "uv_size": [1, 1]},
								"west": {"uv": [21, 19], "uv_size": [1, 1]}
							}
						},
						{
							"origin": [-0.29, -5.2356, -1.73759],
							"size": [0.58, 0.25, 0.2],
							"pivot": [0, -4.90613, -2.3],
							"rotation": [30, -45, 0],
							"uv": {
								"east": {"uv": [20, 21], "uv_size": [1, 1]},
								"south": {"uv": [21, 20], "uv_size": [1, 1]},
								"west": {"uv": [21, 21], "uv_size": [1, 1]}
							}
						},
						{
							"origin": [-0.29, -5.31026, -3.125],
							"size": [0.58, 0.5, 1.65],
							"pivot": [0, -4.90613, -2.3],
							"rotation": [0, -45, 0],
							"uv": {
								"north": {"uv": [0, 22], "uv_size": [1, 1]},
								"south": {"uv": [22, 0], "uv_size": [1, 1]},
								"down": {"uv": [3, 14], "uv_size": [1, -2]}
							}
						},
						{
							"origin": [-0.29, -5.2356, -3.06241],
							"size": [0.58, 0.25, 0.2],
							"pivot": [0, -4.90613, -2.3],
							"rotation": [0, -90, -30],
							"uv": {
								"north": {"uv": [1, 22], "uv_size": [1, 1]},
								"east": {"uv": [22, 1], "uv_size": [1, 1]},
								"west": {"uv": [2, 22], "uv_size": [1, 1]}
							}
						},
						{
							"origin": [-0.29, -5.2356, -1.73759],
							"size": [0.58, 0.25, 0.2],
							"pivot": [0, -4.90613, -2.3],
							"rotation": [0, -90, 30],
							"uv": {
								"east": {"uv": [22, 2], "uv_size": [1, 1]},
								"south": {"uv": [3, 22], "uv_size": [1, 1]},
								"west": {"uv": [22, 3], "uv_size": [1, 1]}
							}
						},
						{
							"origin": [-0.29, -5.31026, -3.125],
							"size": [0.58, 0.5, 1.65],
							"pivot": [0, -4.90613, -2.3],
							"rotation": [0, -90, 0],
							"uv": {
								"north": {"uv": [4, 22], "uv_size": [1, 1]},
								"south": {"uv": [22, 4], "uv_size": [1, 1]},
								"down": {"uv": [8, 14], "uv_size": [1, -2]}
							}
						},
						{
							"origin": [-0.29, -5.2356, -3.06241],
							"size": [0.58, 0.25, 0.2],
							"pivot": [0, -4.90613, -2.3],
							"rotation": [150, -45, -180],
							"uv": {
								"north": {"uv": [5, 22], "uv_size": [1, 1]},
								"east": {"uv": [22, 5], "uv_size": [1, 1]},
								"west": {"uv": [6, 22], "uv_size": [1, 1]}
							}
						},
						{
							"origin": [-0.29, -5.2356, -1.73759],
							"size": [0.58, 0.25, 0.2],
							"pivot": [0, -4.90613, -2.3],
							"rotation": [-150, -45, 180],
							"uv": {
								"east": {"uv": [22, 6], "uv_size": [1, 1]},
								"south": {"uv": [7, 22], "uv_size": [1, 1]},
								"west": {"uv": [22, 7], "uv_size": [1, 1]}
							}
						},
						{
							"origin": [-0.29, -5.31026, -3.125],
							"size": [0.58, 0.5, 1.65],
							"pivot": [0, -4.90613, -2.3],
							"rotation": [-180, -45, 180],
							"uv": {
								"north": {"uv": [8, 22], "uv_size": [1, 1]},
								"south": {"uv": [22, 8], "uv_size": [1, 1]},
								"down": {"uv": [9, 14], "uv_size": [1, -2]}
							}
						},
						{
							"origin": [-0.04779, -5.31026, -3.17318],
							"size": [0.09558, 0.5, 1.74636],
							"pivot": [0, -5.06026, -2.3],
							"rotation": [0, -22.5, 0],
							"uv": {
								"north": {"uv": [9, 22], "uv_size": [1, 1]},
								"south": {"uv": [22, 9], "uv_size": [1, 1]},
								"up": {"uv": [10, 12], "uv_size": [1, 2]},
								"down": {"uv": [11, 14], "uv_size": [1, -2]}
							}
						},
						{
							"origin": [-0.04779, -5.31026, -3.17318],
							"size": [0.09558, 0.5, 1.74636],
							"pivot": [0, -5.06026, -2.3],
							"rotation": [0, -67.5, 0],
							"uv": {
								"north": {"uv": [10, 22], "uv_size": [1, 1]},
								"south": {"uv": [22, 10], "uv_size": [1, 1]},
								"up": {"uv": [12, 12], "uv_size": [1, 2]},
								"down": {"uv": [13, 2], "uv_size": [1, -2]}
							}
						},
						{
							"origin": [-0.04779, -5.31026, -3.17318],
							"size": [0.09558, 0.5, 1.74636],
							"pivot": [0, -5.06026, -2.3],
							"rotation": [0, -112.5, 0],
							"uv": {
								"north": {"uv": [11, 22], "uv_size": [1, 1]},
								"south": {"uv": [22, 11], "uv_size": [1, 1]},
								"up": {"uv": [1, 13], "uv_size": [1, 2]},
								"down": {"uv": [13, 4], "uv_size": [1, -2]}
							}
						},
						{
							"origin": [-0.04779, -5.31026, -3.17318],
							"size": [0.09558, 0.5, 1.74636],
							"pivot": [0, -5.06026, -2.3],
							"rotation": [0, -157.5, 0],
							"uv": {
								"north": {"uv": [12, 22], "uv_size": [1, 1]},
								"south": {"uv": [22, 12], "uv_size": [1, 1]},
								"up": {"uv": [4, 13], "uv_size": [1, 2]},
								"down": {"uv": [13, 7], "uv_size": [1, -2]}
							}
						}
					]
				},
				{
					"name": "pods",
					"parent": "Zolfaqar_grippod",
					"pivot": [0.35, -5.64375, -2.35],
					"cubes": [
						{
							"origin": [-0.6, -5.64375, -2.625],
							"size": [1.2, 0.45, 0.55],
							"uv": {
								"north": {"uv": [13, 22], "uv_size": [1, 1]},
								"east": {"uv": [22, 13], "uv_size": [1, 1]},
								"south": {"uv": [14, 22], "uv_size": [1, 1]},
								"west": {"uv": [22, 14], "uv_size": [1, 1]},
								"up": {"uv": [15, 22], "uv_size": [1, 1]},
								"down": {"uv": [22, 16], "uv_size": [1, -1]}
							}
						}
					]
				},
				{
					"name": "pod_l",
					"parent": "pods",
					"pivot": [-0.325, -5.64375, -2.35],
					"cubes": [
						{
							"origin": [-0.55, -9.59375, -2.625],
							"size": [0.45, 4, 0.55],
							"pivot": [-0.325, -5.64375, -2.35],
							"rotation": [0, 0, 45],
							"uv": {
								"north": {"uv": [7, 2], "uv_size": [1, 4]},
								"east": {"uv": [7, 6], "uv_size": [1, 4]},
								"south": {"uv": [8, 2], "uv_size": [1, 4]},
								"west": {"uv": [8, 6], "uv_size": [1, 4]}
							}
						},
						{
							"origin": [-3.30772, -8.62647, -2.95],
							"size": [0.45, 0.45, 1.2],
							"uv": {
								"north": {"uv": [16, 22], "uv_size": [1, 1]},
								"east": {"uv": [22, 16], "uv_size": [1, 1]},
								"south": {"uv": [17, 22], "uv_size": [1, 1]},
								"west": {"uv": [22, 17], "uv_size": [1, 1]},
								"up": {"uv": [18, 22], "uv_size": [1, 1]},
								"down": {"uv": [22, 19], "uv_size": [1, -1]}
							}
						},
						{
							"origin": [-0.525, -5.84375, -2.65],
							"size": [0.4, 0.4, 0.6],
							"uv": {
								"north": {"uv": [19, 22], "uv_size": [1, 1]},
								"east": {"uv": [22, 19], "uv_size": [1, 1]},
								"south": {"uv": [20, 22], "uv_size": [1, 1]},
								"west": {"uv": [22, 20], "uv_size": [1, 1]},
								"up": {"uv": [21, 22], "uv_size": [1, 1]},
								"down": {"uv": [22, 22], "uv_size": [1, -1]}
							}
						}
					]
				},
				{
					"name": "pod_r",
					"parent": "pods",
					"pivot": [0.325, -5.64375, -2.35],
					"cubes": [
						{
							"origin": [0.1, -9.59375, -2.625],
							"size": [0.45, 4, 0.55],
							"pivot": [0.325, -5.64375, -2.35],
							"rotation": [0, 0, -45],
							"uv": {
								"north": {"uv": [9, 2], "uv_size": [1, 4]},
								"east": {"uv": [9, 6], "uv_size": [1, 4]},
								"south": {"uv": [0, 10], "uv_size": [1, 4]},
								"west": {"uv": [10, 0], "uv_size": [1, 4]}
							}
						},
						{
							"origin": [2.85772, -8.62647, -2.95],
							"size": [0.45, 0.45, 1.2],
							"uv": {
								"north": {"uv": [22, 22], "uv_size": [1, 1]},
								"east": {"uv": [0, 23], "uv_size": [1, 1]},
								"south": {"uv": [23, 0], "uv_size": [1, 1]},
								"west": {"uv": [1, 23], "uv_size": [1, 1]},
								"up": {"uv": [23, 1], "uv_size": [1, 1]},
								"down": {"uv": [2, 24], "uv_size": [1, -1]}
							}
						},
						{
							"origin": [0.125, -5.84375, -2.65],
							"size": [0.4, 0.4, 0.6],
							"uv": {
								"north": {"uv": [23, 2], "uv_size": [1, 1]},
								"east": {"uv": [3, 23], "uv_size": [1, 1]},
								"south": {"uv": [23, 3], "uv_size": [1, 1]},
								"west": {"uv": [4, 23], "uv_size": [1, 1]},
								"up": {"uv": [23, 4], "uv_size": [1, 1]},
								"down": {"uv": [5, 24], "uv_size": [1, -1]}
							}
						}
					]
				},
				{
					"name": "Zolfaqar_angledgrip",
					"pivot": [0, 4.06846, 3.35706],
					"cubes": [
						{
							"origin": [-0.7499, -0.87501, 0.6],
							"size": [1.4998, 0.825, 3.75],
							"pivot": [0.75, -0.87501, 0.6],
							"rotation": [-30, 0, 0],
							"uv": {
								"east": {"uv": [1, 10], "uv_size": [4, 1]},
								"west": {"uv": [10, 4], "uv_size": [4, 1]},
								"down": {"uv": [5, 14], "uv_size": [1, -4]}
							}
						},
						{
							"origin": [-0.75, -1.625, -1],
							"size": [1.5, 0.74999, 0.2],
							"uv": {
								"north": {"uv": [12, 9], "uv_size": [2, 1]},
								"east": {"uv": [23, 5], "uv_size": [1, 1]},
								"south": {"uv": [6, 13], "uv_size": [2, 1]},
								"west": {"uv": [6, 23], "uv_size": [1, 1]},
								"down": {"uv": [13, 8], "uv_size": [2, -1]}
							}
						},
						{
							"origin": [-0.7499, -2.75001, 3.8476],
							"size": [1.4998, 0.49999, 1.5],
							"uv": {
								"east": {"uv": [13, 8], "uv_size": [2, 1]},
								"south": {"uv": [23, 6], "uv_size": [1, 1]},
								"west": {"uv": [13, 10], "uv_size": [2, 1]},
								"down": {"uv": [13, 13], "uv_size": [1, -2]}
							}
						},
						{
							"origin": [-0.7499, -2.25001, 3.2726],
							"size": [1.4998, 1.37499, 1.5],
							"uv": {
								"east": {"uv": [13, 13], "uv_size": [2, 1]},
								"west": {"uv": [14, 0], "uv_size": [2, 1]}
							}
						},
						{
							"origin": [-0.7499, -1.47501, 2.2476],
							"size": [1.4998, 0.59999, 1.025],
							"uv": {
								"east": {"uv": [7, 23], "uv_size": [1, 1]},
								"west": {"uv": [23, 7], "uv_size": [1, 1]}
							}
						},
						{
							"origin": [-0.7499, -2.75001, 4.2476],
							"size": [1.4998, 0.49999, 1.1],
							"pivot": [0.7499, -2.25001, 5.3476],
							"rotation": [-60, 0, 0],
							"uv": {
								"east": {"uv": [8, 23], "uv_size": [1, 1]},
								"west": {"uv": [23, 8], "uv_size": [1, 1]},
								"up": {"uv": [9, 23], "uv_size": [1, 1]}
							}
						},
						{
							"origin": [-0.7499, -2.43752, 3.6153],
							"size": [1.4998, 0.49999, 0.75],
							"pivot": [0.75, -1.93752, 4.7153],
							"rotation": [-105, 0, 0],
							"uv": {
								"east": {"uv": [23, 9], "uv_size": [1, 1]},
								"west": {"uv": [10, 23], "uv_size": [1, 1]},
								"up": {"uv": [23, 10], "uv_size": [1, 1]}
							}
						},
						{
							"origin": [-0.7499, -1.39496, -0.79388],
							"size": [1.4998, 0.50322, 0.25928],
							"pivot": [0.25006, -0.98549, -0.4721],
							"rotation": [-45, 0, 0],
							"uv": {
								"east": {"uv": [11, 23], "uv_size": [1, 1]},
								"south": {"uv": [23, 11], "uv_size": [1, 1]},
								"west": {"uv": [12, 23], "uv_size": [1, 1]}
							}
						},
						{
							"origin": [-0.75, -0.87501, -1],
							"size": [1.5, 0.7142, 6],
							"uv": {
								"north": {"uv": [14, 1], "uv_size": [2, 1]},
								"east": {"uv": [4, 0], "uv_size": [6, 1]},
								"south": {"uv": [2, 14], "uv_size": [2, 1]},
								"west": {"uv": [4, 1], "uv_size": [6, 1]},
								"up": {"uv": [0, 0], "uv_size": [2, 6]},
								"down": {"uv": [2, 6], "uv_size": [2, -6]}
							}
						},
						{
							"origin": [-0.7499, -0.16081, -1],
							"size": [0.0999, 1, 2.25],
							"uv": {
								"north": {"uv": [23, 12], "uv_size": [1, 1]},
								"east": {"uv": [14, 2], "uv_size": [2, 1]},
								"west": {"uv": [14, 3], "uv_size": [2, 1]},
								"up": {"uv": [0, 14], "uv_size": [1, 2]}
							}
						},
						{
							"origin": [-0.65, -0.16081, -1],
							"size": [0.27044, 0.3, 2.95],
							"uv": {
								"north": {"uv": [13, 23], "uv_size": [1, 1]},
								"west": {"uv": [10, 5], "uv_size": [3, 1]},
								"up": {"uv": [6, 10], "uv_size": [1, 3]}
							}
						},
						{
							"origin": [-0.7499, -0.32339, 0.59986],
							"size": [0.0999, 0.707, 1.414],
							"pivot": [-0.56478, -0.17339, 1.47486],
							"rotation": [-45, 0, 0],
							"uv": {
								"east": {"uv": [23, 13], "uv_size": [1, 1]},
								"west": {"uv": [14, 23], "uv_size": [1, 1]},
								"up": {"uv": [23, 14], "uv_size": [1, 1]}
							}
						},
						{
							"origin": [-0.65, 0.17845, 1.60548],
							"size": [0.27044, 0.207, 0.414],
							"pivot": [-0.56478, -0.15355, 1.48048],
							"rotation": [-45, 0, 0],
							"uv": {
								"west": {"uv": [15, 23], "uv_size": [1, 1]},
								"up": {"uv": [23, 15], "uv_size": [1, 1]}
							}
						},
						{
							"origin": [0.65, -0.32339, 0.59986],
							"size": [0.0999, 0.707, 1.414],
							"pivot": [0.56478, -0.17339, 1.47486],
							"rotation": [-45, 0, 0],
							"uv": {
								"east": {"uv": [16, 23], "uv_size": [1, 1]},
								"west": {"uv": [23, 16], "uv_size": [1, 1]},
								"up": {"uv": [17, 23], "uv_size": [1, 1]}
							}
						},
						{
							"origin": [0.65, -0.16081, -1],
							"size": [0.0999, 1, 2.25],
							"uv": {
								"north": {"uv": [23, 17], "uv_size": [1, 1]},
								"east": {"uv": [14, 4], "uv_size": [2, 1]},
								"west": {"uv": [5, 14], "uv_size": [2, 1]},
								"up": {"uv": [14, 5], "uv_size": [1, 2]}
							}
						},
						{
							"origin": [0.37956, -0.16081, -1],
							"size": [0.27044, 0.3, 2.95],
							"uv": {
								"north": {"uv": [18, 23], "uv_size": [1, 1]},
								"east": {"uv": [10, 6], "uv_size": [3, 1]},
								"up": {"uv": [7, 10], "uv_size": [1, 3]}
							}
						},
						{
							"origin": [0.37956, 0.17845, 1.60548],
							"size": [0.27044, 0.207, 0.414],
							"pivot": [0.56478, -0.15355, 1.48048],
							"rotation": [-45, 0, 0],
							"uv": {
								"east": {"uv": [23, 18], "uv_size": [1, 1]},
								"up": {"uv": [19, 23], "uv_size": [1, 1]}
							}
						}
					]
				}
			]
		}
	]
}