{
	"format_version": "1.12.0",
	"minecraft:geometry": [
		{
			"description": {
				"identifier": "geometry.grip_shiftshort",
				"texture_width": 16,
				"texture_height": 16,
				"visible_bounds_width": 2,
				"visible_bounds_height": 1.5,
				"visible_bounds_offset": [0, 0.25, 0]
			},
			"bones": [
				{
					"name": "Fortis_Shift",
					"pivot": [0, 0, 0],
					"cubes": [
						{
							"origin": [-0.75, -0.57501, -1.8],
							"size": [1.5, 0.4142, 3.6],
							"uv": {
								"north": {"uv": [4, 7], "uv_size": [-2, 1]},
								"east": {"uv": [6, 4], "uv_size": [-4, 1]},
								"south": {"uv": [8, 2], "uv_size": [-2, 1]},
								"west": {"uv": [8, 3], "uv_size": [-4, 1]},
								"up": {"uv": [0, 4], "uv_size": [2, -4]},
								"down": {"uv": [2, 0], "uv_size": [2, 4]}
							}
						},
						{
							"origin": [-0.75, -0.16081, -0.75],
							"size": [0.37044, 0.4, 1.75],
							"uv": {
								"north": {"uv": [10, 13], "uv_size": [-1, 1]},
								"east": {"uv": [6, 11], "uv_size": [-2, 1]},
								"south": {"uv": [14, 8], "uv_size": [-1, 1]},
								"west": {"uv": [8, 11], "uv_size": [-2, 1]},
								"up": {"uv": [8, 13], "uv_size": [1, -2]}
							}
						},
						{
							"origin": [0.37956, -0.16081, -0.75],
							"size": [0.37044, 0.4, 1.75],
							"uv": {
								"north": {"uv": [11, 13], "uv_size": [-1, 1]},
								"east": {"uv": [13, 8], "uv_size": [-2, 1]},
								"south": {"uv": [14, 9], "uv_size": [-1, 1]},
								"west": {"uv": [11, 11], "uv_size": [-2, 1]},
								"up": {"uv": [11, 13], "uv_size": [1, -2]}
							}
						},
						{
							"origin": [-0.75, -1.79287, 0.92746],
							"size": [1.5, 0.825, 0.2],
							"pivot": [0, -0.01786, -0.02254],
							"rotation": [20.5, 0, 0],
							"uv": {
								"north": {"uv": [6, 0], "uv_size": [-2, 3]},
								"east": {"uv": [1, 7], "uv_size": [-1, 3]},
								"south": {"uv": [2, 4], "uv_size": [-2, 3]},
								"west": {"uv": [2, 7], "uv_size": [-1, 3]}
							}
						},
						{
							"origin": [-0.75, -1.0731, -1.19588],
							"size": [1.5, 0.2, 1.5],
							"pivot": [0, -0.01229, -0.64588],
							"rotation": [-34.5, 0, 0],
							"uv": {
								"east": {"uv": [10, 6], "uv_size": [-2, 1]},
								"west": {"uv": [9, 8], "uv_size": [-2, 1]},
								"up": {"uv": [6, 6], "uv_size": [2, -2]},
								"down": {"uv": [6, 6], "uv_size": [2, 2]}
							}
						},
						{
							"origin": [-0.75, -1.34215, -0.66634],
							"size": [1.5, 0.2, 0.6],
							"pivot": [0, -0.28134, -0.11634],
							"rotation": [10.5, 0, 0],
							"uv": {
								"east": {"uv": [13, 3], "uv_size": [-1, 1]},
								"west": {"uv": [5, 12], "uv_size": [-1, 1]},
								"up": {"uv": [8, 8], "uv_size": [2, -1]},
								"down": {"uv": [9, 0], "uv_size": [2, 1]}
							}
						},
						{
							"origin": [-0.75, -1.37882, 0.06235],
							"size": [1.5, 0.2, 0.3],
							"pivot": [0, -1.27882, 0.36235],
							"rotation": [-12, 0, 0],
							"uv": {
								"east": {"uv": [13, 4], "uv_size": [-1, 1]},
								"west": {"uv": [6, 12], "uv_size": [-1, 1]},
								"up": {"uv": [9, 2], "uv_size": [2, -1]},
								"down": {"uv": [3, 9], "uv_size": [2, 1]}
							}
						},
						{
							"origin": [-0.75, -1.53334, 0.27374],
							"size": [1.5, 0.2, 0.2],
							"pivot": [0, -1.43334, 0.57374],
							"rotation": [-34.5, 0, 0],
							"uv": {
								"east": {"uv": [13, 5], "uv_size": [-1, 1]},
								"west": {"uv": [7, 12], "uv_size": [-1, 1]},
								"up": {"uv": [5, 10], "uv_size": [2, -1]},
								"down": {"uv": [7, 9], "uv_size": [2, 1]}
							}
						},
						{
							"origin": [-0.75, -1.53261, 0.41856],
							"size": [1.5, 0.2, 0.2],
							"pivot": [0, -1.43261, 0.51856],
							"rotation": [-57, 0, 0],
							"uv": {
								"east": {"uv": [13, 6], "uv_size": [-1, 1]},
								"west": {"uv": [8, 12], "uv_size": [-1, 1]},
								"up": {"uv": [9, 9], "uv_size": [2, -1]},
								"down": {"uv": [9, 9], "uv_size": [2, 1]}
							}
						},
						{
							"origin": [-0.75, -1.67856, 0.47679],
							"size": [1.5, 0.2, 0.2],
							"pivot": [0, -1.57856, 0.57679],
							"rotation": [-79.5, 0, 0],
							"uv": {
								"east": {"uv": [13, 7], "uv_size": [-1, 1]},
								"west": {"uv": [10, 12], "uv_size": [-1, 1]},
								"up": {"uv": [0, 11], "uv_size": [2, -1]},
								"down": {"uv": [2, 10], "uv_size": [2, 1]}
							}
						},
						{
							"origin": [-0.75, -1.83569, 0.47473],
							"size": [1.5, 0.2, 0.2],
							"pivot": [0, -1.73569, 0.57473],
							"rotation": [-102, 0, 0],
							"uv": {
								"east": {"uv": [13, 9], "uv_size": [-1, 1]},
								"west": {"uv": [11, 12], "uv_size": [-1, 1]},
								"up": {"uv": [10, 3], "uv_size": [2, -1]},
								"down": {"uv": [10, 3], "uv_size": [2, 1]}
							}
						},
						{
							"origin": [-0.75, -1.98007, 0.4127],
							"size": [1.5, 0.2, 0.2],
							"pivot": [0, -1.88007, 0.5127],
							"rotation": [-124.5, 0, 0],
							"uv": {
								"east": {"uv": [13, 10], "uv_size": [-1, 1]},
								"west": {"uv": [13, 11], "uv_size": [-1, 1]},
								"down": {"uv": [10, 4], "uv_size": [2, 1]}
							}
						},
						{
							"origin": [-0.75, -2.08972, 0.30015],
							"size": [1.5, 0.2, 0.25],
							"pivot": [0, -1.98972, 0.40015],
							"rotation": [-147, 0, 0],
							"uv": {
								"east": {"uv": [13, 12], "uv_size": [-1, 1]},
								"west": {"uv": [1, 13], "uv_size": [-1, 1]},
								"up": {"uv": [10, 6], "uv_size": [2, -1]},
								"down": {"uv": [6, 10], "uv_size": [2, 1]}
							}
						},
						{
							"origin": [-0.75, -2.64379, -0.41219],
							"size": [1.5, 0.2, 0.6],
							"pivot": [0, -0.46878, -1.36219],
							"rotation": [20.5, 0, 0],
							"uv": {
								"north": {"uv": [3, 8], "uv_size": [-1, 2]},
								"east": {"uv": [3, 8], "uv_size": [-1, 2]},
								"south": {"uv": [3, 8], "uv_size": [-1, 2]},
								"west": {"uv": [3, 8], "uv_size": [-1, 2]},
								"up": {"uv": [2, 10], "uv_size": [1, -2]},
								"down": {"uv": [2, 10], "uv_size": [1, -2]}
							}
						},
						{
							"origin": [-0.75, -1.96323, 0.85136],
							"size": [1.5, 0.2, 0.525],
							"pivot": [0.75, -1.96323, 0.85136],
							"rotation": [38.5, 0, 0],
							"uv": {
								"north": {"uv": [10, 5], "uv_size": [-2, 1]},
								"east": {"uv": [10, 5], "uv_size": [-2, 1]},
								"south": {"uv": [10, 5], "uv_size": [-2, 1]},
								"west": {"uv": [10, 5], "uv_size": [-2, 1]},
								"up": {"uv": [8, 6], "uv_size": [2, -1]},
								"down": {"uv": [8, 6], "uv_size": [2, -1]}
							}
						},
						{
							"origin": [-0.75, -1.64892, 1.20454],
							"size": [1.5, 0.2, 0.575],
							"pivot": [0.75, -1.64892, 1.25454],
							"rotation": [20.5, 0, 0],
							"uv": {
								"north": {"uv": [10, 5], "uv_size": [-2, 1]},
								"east": {"uv": [10, 5], "uv_size": [-2, 1]},
								"south": {"uv": [10, 5], "uv_size": [-2, 1]},
								"west": {"uv": [10, 5], "uv_size": [-2, 1]},
								"up": {"uv": [8, 6], "uv_size": [2, -1]},
								"down": {"uv": [8, 6], "uv_size": [2, -1]}
							}
						},
						{
							"origin": [-0.75, -0.78844, 2.47663],
							"size": [1.5, 0.4, 0.25],
							"pivot": [0, 3.03657, 1.57663],
							"rotation": [-17, 0, 0],
							"uv": {
								"east": {"uv": [12, 9], "uv_size": [-1, 1]},
								"south": {"uv": [6, 7], "uv_size": [-2, 1]},
								"west": {"uv": [1, 12], "uv_size": [-1, 1]}
							}
						}
					]
				}
			]
		}
	]
}