{
	"format_version": "1.12.0",
	"minecraft:geometry": [
		{
			"description": {
				"identifier": "geometry.muzzle_si_cc",
				"texture_width": 32,
				"texture_height": 32,
				"visible_bounds_width": 3,
				"visible_bounds_height": 2.5,
				"visible_bounds_offset": [0, 0.75, 0]
			},
			"bones": [
				{
					"name": "StrikeIndus_CookieCuter",
					"pivot": [0, 0, 0.0875],
					"cubes": [
						{
							"origin": [-0.1864, -0.45, -0.6],
							"size": [0.3728, 0.25, 0.6],
							"uv": {
								"south": {"uv": [0, 0], "uv_size": [1, 1]},
								"up": {"uv": [0, 1], "uv_size": [1, 1]},
								"down": {"uv": [1, 1], "uv_size": [1, -1]}
							}
						},
						{
							"origin": [-0.1864, 0.2, -0.6],
							"size": [0.3728, 0.25, 0.6],
							"uv": {
								"south": {"uv": [1, 10], "uv_size": [1, 1]},
								"up": {"uv": [10, 1], "uv_size": [1, 1]},
								"down": {"uv": [2, 11], "uv_size": [1, -1]}
							}
						},
						{
							"origin": [-0.375, -0.26139, -0.6],
							"size": [0.17501, 0.52279, 0.6],
							"uv": {
								"east": {"uv": [1, 1], "uv_size": [1, 1]},
								"south": {"uv": [0, 2], "uv_size": [1, 1]},
								"west": {"uv": [2, 0], "uv_size": [1, 1]}
							}
						},
						{
							"origin": [0.2, -0.26139, -0.6],
							"size": [0.17501, 0.52279, 0.6],
							"uv": {
								"east": {"uv": [10, 2], "uv_size": [1, 1]},
								"south": {"uv": [3, 10], "uv_size": [1, 1]},
								"west": {"uv": [10, 3], "uv_size": [1, 1]}
							}
						},
						{
							"origin": [0.03522, 0.21471, -0.88543],
							"size": [0.075, 0.1, 0.35],
							"pivot": [0, 0, -0.15],
							"rotation": [-30.52816, -10.15775, 5.93742],
							"uv": {
								"up": {"uv": [5, 8], "uv_size": [1, 1]}
							}
						},
						{
							"origin": [-0.11022, 0.21471, -0.88543],
							"size": [0.075, 0.1, 0.35],
							"pivot": [0, 0, -0.15],
							"rotation": [-30.52816, 10.15775, -5.93742],
							"uv": {
								"up": {"uv": [8, 4], "uv_size": [1, 1]}
							}
						},
						{
							"origin": [-0.1864, 0.21471, -0.8549],
							"size": [0.3728, 0.1, 0.35],
							"pivot": [0, 0, -0.15],
							"rotation": [-30, 0, 0],
							"uv": {
								"up": {"uv": [4, 8], "uv_size": [1, 1]}
							}
						},
						{
							"origin": [-0.11022, -0.31471, -0.88543],
							"size": [0.075, 0.1, 0.35],
							"pivot": [0, 0, -0.15],
							"rotation": [30.52816, 10.15775, 5.93742],
							"uv": {
								"down": {"uv": [10, 1], "uv_size": [1, -1]}
							}
						},
						{
							"origin": [-0.1864, -0.31471, -0.8549],
							"size": [0.3728, 0.1, 0.35],
							"pivot": [0, 0, -0.15],
							"rotation": [30, 0, 0],
							"uv": {
								"down": {"uv": [0, 11], "uv_size": [1, -1]}
							}
						},
						{
							"origin": [0.03522, -0.31471, -0.88543],
							"size": [0.075, 0.1, 0.35],
							"pivot": [0, 0, -0.15],
							"rotation": [30.52816, -10.15775, -5.93742],
							"uv": {
								"down": {"uv": [9, 10], "uv_size": [1, -1]}
							}
						},
						{
							"origin": [-0.11022, 0.21471, -0.88543],
							"size": [0.075, 0.1, 0.35],
							"pivot": [0, 0, -0.15],
							"rotation": [-30.52816, 10.15775, -50.93742],
							"uv": {
								"up": {"uv": [9, 2], "uv_size": [1, 1]}
							}
						},
						{
							"origin": [0.03522, 0.21471, -0.88543],
							"size": [0.075, 0.1, 0.35],
							"pivot": [0, 0, -0.15],
							"rotation": [-30.52816, -10.15775, -39.06258],
							"uv": {
								"up": {"uv": [2, 9], "uv_size": [1, 1]}
							}
						},
						{
							"origin": [-0.1864, 0.21471, -0.8549],
							"size": [0.3728, 0.1, 0.35],
							"pivot": [0, 0, -0.15],
							"rotation": [-30, 0, -45],
							"uv": {
								"south": {"uv": [1, 9], "uv_size": [1, 1]},
								"up": {"uv": [9, 1], "uv_size": [1, 1]}
							}
						},
						{
							"origin": [0.03522, 0.21471, -0.88543],
							"size": [0.075, 0.1, 0.35],
							"pivot": [0, 0, -0.15],
							"rotation": [-30.52816, -10.15775, -84.06258],
							"uv": {
								"up": {"uv": [9, 0], "uv_size": [1, 1]}
							}
						},
						{
							"origin": [-0.11022, 0.21471, -0.88543],
							"size": [0.075, 0.1, 0.35],
							"pivot": [0, 0, -0.15],
							"rotation": [-30.52816, 10.15775, -95.93742],
							"uv": {
								"up": {"uv": [0, 9], "uv_size": [1, 1]}
							}
						},
						{
							"origin": [-0.1864, 0.21471, -0.8549],
							"size": [0.3728, 0.1, 0.35],
							"pivot": [0, 0, -0.15],
							"rotation": [-30, 0, -90],
							"uv": {
								"south": {"uv": [8, 7], "uv_size": [1, 1]},
								"up": {"uv": [8, 8], "uv_size": [1, 1]}
							}
						},
						{
							"origin": [-0.11022, 0.21471, -0.88543],
							"size": [0.075, 0.1, 0.35],
							"pivot": [0, 0, -0.15],
							"rotation": [-30.52816, 10.15775, -140.93742],
							"uv": {
								"up": {"uv": [7, 8], "uv_size": [1, 1]}
							}
						},
						{
							"origin": [0.03522, 0.21471, -0.88543],
							"size": [0.075, 0.1, 0.35],
							"pivot": [0, 0, -0.15],
							"rotation": [-30.52816, -10.15775, -129.06258],
							"uv": {
								"up": {"uv": [8, 6], "uv_size": [1, 1]}
							}
						},
						{
							"origin": [0.03522, 0.21471, -0.88543],
							"size": [0.075, 0.1, 0.35],
							"pivot": [0, 0, -0.15],
							"rotation": [-30.52816, -10.15775, 50.93742],
							"uv": {
								"up": {"uv": [9, 8], "uv_size": [1, 1]}
							}
						},
						{
							"origin": [-0.11022, 0.21471, -0.88543],
							"size": [0.075, 0.1, 0.35],
							"pivot": [0, 0, -0.15],
							"rotation": [-30.52816, 10.15775, 39.06258],
							"uv": {
								"up": {"uv": [8, 9], "uv_size": [1, 1]}
							}
						},
						{
							"origin": [-0.1864, 0.21471, -0.8549],
							"size": [0.3728, 0.1, 0.35],
							"pivot": [0, 0, -0.15],
							"rotation": [-30, 0, 45],
							"uv": {
								"south": {"uv": [7, 9], "uv_size": [1, 1]},
								"up": {"uv": [9, 7], "uv_size": [1, 1]}
							}
						},
						{
							"origin": [-0.11022, 0.21471, -0.88543],
							"size": [0.075, 0.1, 0.35],
							"pivot": [0, 0, -0.15],
							"rotation": [-30.52816, 10.15775, 84.06258],
							"uv": {
								"up": {"uv": [9, 6], "uv_size": [1, 1]}
							}
						},
						{
							"origin": [0.03522, 0.21471, -0.88543],
							"size": [0.075, 0.1, 0.35],
							"pivot": [0, 0, -0.15],
							"rotation": [-30.52816, -10.15775, 95.93742],
							"uv": {
								"up": {"uv": [6, 9], "uv_size": [1, 1]}
							}
						},
						{
							"origin": [-0.1864, 0.21471, -0.8549],
							"size": [0.3728, 0.1, 0.35],
							"pivot": [0, 0, -0.15],
							"rotation": [-30, 0, 90],
							"uv": {
								"south": {"uv": [5, 9], "uv_size": [1, 1]},
								"up": {"uv": [9, 5], "uv_size": [1, 1]}
							}
						},
						{
							"origin": [0.03522, 0.21471, -0.88543],
							"size": [0.075, 0.1, 0.35],
							"pivot": [0, 0, -0.15],
							"rotation": [-30.52816, -10.15775, 140.93742],
							"uv": {
								"up": {"uv": [9, 4], "uv_size": [1, 1]}
							}
						},
						{
							"origin": [-0.11022, 0.21471, -0.88543],
							"size": [0.075, 0.1, 0.35],
							"pivot": [0, 0, -0.15],
							"rotation": [-30.52816, 10.15775, 129.06258],
							"uv": {
								"up": {"uv": [4, 9], "uv_size": [1, 1]}
							}
						},
						{
							"origin": [-0.1864, 0.21471, -0.8549],
							"size": [0.3728, 0.1, 0.35],
							"pivot": [0, 0, -0.15],
							"rotation": [-30, 0, 135],
							"uv": {
								"south": {"uv": [3, 9], "uv_size": [1, 1]},
								"up": {"uv": [9, 3], "uv_size": [1, 1]}
							}
						},
						{
							"origin": [-0.1864, 0.21471, -0.8549],
							"size": [0.3728, 0.1, 0.35],
							"pivot": [0, 0, -0.15],
							"rotation": [-30, 0, -135],
							"uv": {
								"south": {"uv": [8, 5], "uv_size": [1, 1]},
								"up": {"uv": [6, 8], "uv_size": [1, 1]}
							}
						},
						{
							"origin": [-0.1864, 0.2, -0.6],
							"size": [0.26673, 0.25, 0.6],
							"pivot": [0, 0, -0.15],
							"rotation": [0, 0, 45],
							"uv": {
								"south": {"uv": [0, 3], "uv_size": [1, 1]},
								"up": {"uv": [3, 0], "uv_size": [1, 1]},
								"down": {"uv": [1, 4], "uv_size": [1, -1]}
							}
						},
						{
							"origin": [-0.08033, 0.2, -0.6],
							"size": [0.26673, 0.25, 0.6],
							"pivot": [0, 0, -0.15],
							"rotation": [0, 0, -45],
							"uv": {
								"south": {"uv": [1, 2], "uv_size": [1, 1]},
								"up": {"uv": [2, 1], "uv_size": [1, 1]},
								"down": {"uv": [2, 3], "uv_size": [1, -1]}
							}
						},
						{
							"origin": [-0.1864, -0.45, -0.6],
							"size": [0.26673, 0.25, 0.6],
							"pivot": [0, 0, -0.15],
							"rotation": [0, 0, -45],
							"uv": {
								"south": {"uv": [3, 3], "uv_size": [1, 1]},
								"up": {"uv": [0, 4], "uv_size": [1, 1]},
								"down": {"uv": [4, 1], "uv_size": [1, -1]}
							}
						},
						{
							"origin": [-0.08033, -0.45, -0.6],
							"size": [0.26673, 0.25, 0.6],
							"pivot": [0, 0, -0.15],
							"rotation": [0, 0, 45],
							"uv": {
								"south": {"uv": [3, 1], "uv_size": [1, 1]},
								"up": {"uv": [2, 3], "uv_size": [1, 1]},
								"down": {"uv": [3, 3], "uv_size": [1, -1]}
							}
						},
						{
							"origin": [-0.1989, 0.2, -0.7],
							"size": [0.3978, 0.6, 0.1],
							"uv": {
								"north": {"uv": [3, 6], "uv_size": [1, 1]},
								"south": {"uv": [6, 3], "uv_size": [1, 1]},
								"down": {"uv": [4, 7], "uv_size": [1, -1]}
							}
						},
						{
							"origin": [-0.1989, 0.5, -0.7],
							"size": [0.3978, 0.5, 0.1],
							"pivot": [0, 0, -0.65],
							"rotation": [0, 0, 22.5],
							"uv": {
								"north": {"uv": [6, 1], "uv_size": [1, 1]},
								"south": {"uv": [2, 6], "uv_size": [1, 1]},
								"up": {"uv": [6, 2], "uv_size": [1, 1]}
							}
						},
						{
							"origin": [-0.1989, 0.2, -0.7],
							"size": [0.3978, 0.8, 0.1],
							"pivot": [0, 0, -0.65],
							"rotation": [0, 0, 45],
							"uv": {
								"north": {"uv": [5, 5], "uv_size": [1, 1]},
								"south": {"uv": [0, 6], "uv_size": [1, 1]},
								"up": {"uv": [6, 0], "uv_size": [1, 1]},
								"down": {"uv": [1, 7], "uv_size": [1, -1]}
							}
						},
						{
							"origin": [-0.1989, 0.5, -0.7],
							"size": [0.3978, 0.5, 0.1],
							"pivot": [0, 0, -0.65],
							"rotation": [0, 0, 67.5],
							"uv": {
								"north": {"uv": [5, 3], "uv_size": [1, 1]},
								"south": {"uv": [4, 5], "uv_size": [1, 1]},
								"up": {"uv": [5, 4], "uv_size": [1, 1]}
							}
						},
						{
							"origin": [-0.1989, 0.2, -0.7],
							"size": [0.3978, 0.8, 0.1],
							"pivot": [0, 0, -0.65],
							"rotation": [0, 0, 90],
							"uv": {
								"north": {"uv": [5, 1], "uv_size": [1, 1]},
								"south": {"uv": [2, 5], "uv_size": [1, 1]},
								"up": {"uv": [5, 2], "uv_size": [1, 1]},
								"down": {"uv": [3, 6], "uv_size": [1, -1]}
							}
						},
						{
							"origin": [-0.1989, 0.5, -0.7],
							"size": [0.3978, 0.5, 0.1],
							"pivot": [0, 0, -0.65],
							"rotation": [0, 0, 112.5],
							"uv": {
								"north": {"uv": [0, 5], "uv_size": [1, 1]},
								"south": {"uv": [5, 0], "uv_size": [1, 1]},
								"up": {"uv": [1, 5], "uv_size": [1, 1]}
							}
						},
						{
							"origin": [-0.1989, 0.2, -0.7],
							"size": [0.3978, 0.8, 0.1],
							"pivot": [0, 0, -0.65],
							"rotation": [0, 0, 135],
							"uv": {
								"north": {"uv": [4, 2], "uv_size": [1, 1]},
								"south": {"uv": [3, 4], "uv_size": [1, 1]},
								"up": {"uv": [4, 3], "uv_size": [1, 1]},
								"down": {"uv": [4, 5], "uv_size": [1, -1]}
							}
						},
						{
							"origin": [-0.1989, 0.5, -0.7],
							"size": [0.3978, 0.5, 0.1],
							"pivot": [0, 0, -0.65],
							"rotation": [0, 0, 157.5],
							"uv": {
								"north": {"uv": [1, 4], "uv_size": [1, 1]},
								"south": {"uv": [4, 1], "uv_size": [1, 1]},
								"up": {"uv": [2, 4], "uv_size": [1, 1]}
							}
						},
						{
							"origin": [-0.1989, 0.2, -0.7],
							"size": [0.3978, 0.6, 0.1],
							"pivot": [0, 0, -0.65],
							"rotation": [0, 0, -180],
							"uv": {
								"north": {"uv": [8, 2], "uv_size": [1, 1]},
								"south": {"uv": [3, 8], "uv_size": [1, 1]},
								"down": {"uv": [8, 4], "uv_size": [1, -1]}
							}
						},
						{
							"origin": [-0.1989, 0.5, -0.7],
							"size": [0.3978, 0.5, 0.1],
							"pivot": [0, 0, -0.65],
							"rotation": [0, 0, -157.5],
							"uv": {
								"north": {"uv": [1, 8], "uv_size": [1, 1]},
								"south": {"uv": [8, 1], "uv_size": [1, 1]},
								"up": {"uv": [2, 8], "uv_size": [1, 1]}
							}
						},
						{
							"origin": [-0.1989, 0.2, -0.7],
							"size": [0.3978, 0.8, 0.1],
							"pivot": [0, 0, -0.65],
							"rotation": [0, 0, -135],
							"uv": {
								"north": {"uv": [7, 6], "uv_size": [1, 1]},
								"south": {"uv": [7, 7], "uv_size": [1, 1]},
								"up": {"uv": [0, 8], "uv_size": [1, 1]},
								"down": {"uv": [8, 1], "uv_size": [1, -1]}
							}
						},
						{
							"origin": [-0.1989, 0.5, -0.7],
							"size": [0.3978, 0.5, 0.1],
							"pivot": [0, 0, -0.65],
							"rotation": [0, 0, -112.5],
							"uv": {
								"north": {"uv": [5, 7], "uv_size": [1, 1]},
								"south": {"uv": [7, 5], "uv_size": [1, 1]},
								"up": {"uv": [6, 7], "uv_size": [1, 1]}
							}
						},
						{
							"origin": [-0.1989, 0.2, -0.7],
							"size": [0.3978, 0.8, 0.1],
							"pivot": [0, 0, -0.65],
							"rotation": [0, 0, -90],
							"uv": {
								"north": {"uv": [3, 7], "uv_size": [1, 1]},
								"south": {"uv": [7, 3], "uv_size": [1, 1]},
								"up": {"uv": [4, 7], "uv_size": [1, 1]},
								"down": {"uv": [7, 5], "uv_size": [1, -1]}
							}
						},
						{
							"origin": [-0.1989, 0.5, -0.7],
							"size": [0.3978, 0.5, 0.1],
							"pivot": [0, 0, -0.65],
							"rotation": [0, 0, -67.5],
							"uv": {
								"north": {"uv": [7, 1], "uv_size": [1, 1]},
								"south": {"uv": [2, 7], "uv_size": [1, 1]},
								"up": {"uv": [7, 2], "uv_size": [1, 1]}
							}
						},
						{
							"origin": [-0.1989, 0.2, -0.7],
							"size": [0.3978, 0.8, 0.1],
							"pivot": [0, 0, -0.65],
							"rotation": [0, 0, -45],
							"uv": {
								"north": {"uv": [6, 6], "uv_size": [1, 1]},
								"south": {"uv": [0, 7], "uv_size": [1, 1]},
								"up": {"uv": [7, 0], "uv_size": [1, 1]},
								"down": {"uv": [1, 8], "uv_size": [1, -1]}
							}
						},
						{
							"origin": [-0.1989, 0.5, -0.7],
							"size": [0.3978, 0.5, 0.1],
							"pivot": [0, 0, -0.65],
							"rotation": [0, 0, -22.5],
							"uv": {
								"north": {"uv": [6, 4], "uv_size": [1, 1]},
								"south": {"uv": [5, 6], "uv_size": [1, 1]},
								"up": {"uv": [6, 5], "uv_size": [1, 1]}
							}
						},
						{
							"origin": [-0.1989, 0.8, -1.05],
							"size": [0.363, 0.2, 0.35],
							"pivot": [0, 0, -0.75],
							"rotation": [0, 0, -157.5],
							"uv": {
								"north": {"uv": [11, 1], "uv_size": [1, 1]},
								"west": {"uv": [2, 11], "uv_size": [1, 1]},
								"up": {"uv": [11, 2], "uv_size": [1, 1]},
								"down": {"uv": [3, 12], "uv_size": [1, -1]}
							}
						},
						{
							"origin": [-0.1989, 0.8, -1.05],
							"size": [0.3978, 0.2, 0.45],
							"pivot": [0, 0, -0.75],
							"rotation": [0, 0, -180],
							"uv": {
								"north": {"uv": [10, 10], "uv_size": [1, 1]},
								"south": {"uv": [0, 11], "uv_size": [1, 1]},
								"up": {"uv": [11, 0], "uv_size": [1, 1]},
								"down": {"uv": [1, 12], "uv_size": [1, -1]}
							}
						},
						{
							"origin": [-0.1641, 0.8, -1.05],
							"size": [0.363, 0.2, 0.35],
							"pivot": [0, 0, -0.75],
							"rotation": [0, 0, 157.5],
							"uv": {
								"north": {"uv": [8, 10], "uv_size": [1, 1]},
								"east": {"uv": [10, 8], "uv_size": [1, 1]},
								"up": {"uv": [9, 10], "uv_size": [1, 1]},
								"down": {"uv": [10, 10], "uv_size": [1, -1]}
							}
						},
						{
							"origin": [-0.1641, 0.8, -1.05],
							"size": [0.363, 0.2, 0.35],
							"pivot": [0, 0, -0.75],
							"rotation": [0, 0, -22.5],
							"uv": {
								"north": {"uv": [6, 10], "uv_size": [1, 1]},
								"east": {"uv": [10, 6], "uv_size": [1, 1]},
								"up": {"uv": [7, 10], "uv_size": [1, 1]},
								"down": {"uv": [10, 8], "uv_size": [1, -1]}
							}
						},
						{
							"origin": [-0.1989, 0.8, -1.05],
							"size": [0.363, 0.2, 0.35],
							"pivot": [0, 0, -0.75],
							"rotation": [0, 0, 22.5],
							"uv": {
								"north": {"uv": [12, 16], "uv_size": [1, 1]},
								"west": {"uv": [16, 12], "uv_size": [1, 1]},
								"up": {"uv": [13, 16], "uv_size": [1, 1]},
								"down": {"uv": [16, 14], "uv_size": [1, -1]}
							}
						},
						{
							"origin": [-0.1989, 0.8, -1.05],
							"size": [0.3978, 0.2, 0.45],
							"uv": {
								"north": {"uv": [4, 10], "uv_size": [1, 1]},
								"south": {"uv": [10, 4], "uv_size": [1, 1]},
								"up": {"uv": [5, 10], "uv_size": [1, 1]},
								"down": {"uv": [10, 6], "uv_size": [1, -1]}
							}
						},
						{
							"origin": [-0.2766, 0.2, -1.35],
							"size": [0.5532, 0.575, 0.2],
							"pivot": [0, 0, -1.225],
							"rotation": [0, 0, 45],
							"uv": {
								"north": {"uv": [16, 5], "uv_size": [1, 1]},
								"south": {"uv": [6, 16], "uv_size": [1, 1]},
								"up": {"uv": [16, 6], "uv_size": [1, 1]},
								"down": {"uv": [7, 17], "uv_size": [1, -1]}
							}
						},
						{
							"origin": [-0.2766, 0.2, -1.35],
							"size": [0.5532, 0.575, 0.2],
							"pivot": [0, 0, -1.225],
							"rotation": [0, 0, 90],
							"uv": {
								"north": {"uv": [16, 3], "uv_size": [1, 1]},
								"south": {"uv": [4, 16], "uv_size": [1, 1]},
								"up": {"uv": [16, 4], "uv_size": [1, 1]},
								"down": {"uv": [5, 17], "uv_size": [1, -1]}
							}
						},
						{
							"origin": [-0.2766, 0.2, -1.35],
							"size": [0.5532, 0.575, 0.2],
							"pivot": [0, 0, -1.225],
							"rotation": [0, 0, 135],
							"uv": {
								"north": {"uv": [16, 1], "uv_size": [1, 1]},
								"south": {"uv": [2, 16], "uv_size": [1, 1]},
								"up": {"uv": [16, 2], "uv_size": [1, 1]},
								"down": {"uv": [3, 17], "uv_size": [1, -1]}
							}
						},
						{
							"origin": [-0.2766, 0.2, -1.35],
							"size": [0.5532, 0.575, 0.2],
							"pivot": [0, 0, -1.225],
							"rotation": [0, 0, 180],
							"uv": {
								"north": {"uv": [15, 15], "uv_size": [1, 1]},
								"south": {"uv": [0, 16], "uv_size": [1, 1]},
								"up": {"uv": [16, 0], "uv_size": [1, 1]},
								"down": {"uv": [1, 17], "uv_size": [1, -1]}
							}
						},
						{
							"origin": [-0.2766, 0.2, -1.35],
							"size": [0.5532, 0.575, 0.2],
							"pivot": [0, 0, -1.225],
							"rotation": [0, 0, -135],
							"uv": {
								"north": {"uv": [13, 15], "uv_size": [1, 1]},
								"south": {"uv": [15, 13], "uv_size": [1, 1]},
								"up": {"uv": [14, 15], "uv_size": [1, 1]},
								"down": {"uv": [15, 15], "uv_size": [1, -1]}
							}
						},
						{
							"origin": [-0.2766, 0.2, -1.35],
							"size": [0.5532, 0.575, 0.2],
							"pivot": [0, 0, -1.225],
							"rotation": [0, 0, -90],
							"uv": {
								"north": {"uv": [11, 15], "uv_size": [1, 1]},
								"south": {"uv": [15, 11], "uv_size": [1, 1]},
								"up": {"uv": [12, 15], "uv_size": [1, 1]},
								"down": {"uv": [15, 13], "uv_size": [1, -1]}
							}
						},
						{
							"origin": [-0.2766, 0.2, -1.35],
							"size": [0.5532, 0.575, 0.2],
							"pivot": [0, 0, -1.225],
							"rotation": [0, 0, -45],
							"uv": {
								"north": {"uv": [9, 15], "uv_size": [1, 1]},
								"south": {"uv": [15, 9], "uv_size": [1, 1]},
								"up": {"uv": [10, 15], "uv_size": [1, 1]},
								"down": {"uv": [15, 11], "uv_size": [1, -1]}
							}
						},
						{
							"origin": [-0.2766, 0.2, -1.35],
							"size": [0.5532, 0.575, 0.2],
							"uv": {
								"north": {"uv": [7, 15], "uv_size": [1, 1]},
								"south": {"uv": [15, 7], "uv_size": [1, 1]},
								"up": {"uv": [8, 15], "uv_size": [1, 1]},
								"down": {"uv": [15, 9], "uv_size": [1, -1]}
							}
						},
						{
							"origin": [-0.27435, 0.57697, -1.08814],
							"size": [0.17528, 0.20155, 0.2],
							"pivot": [0, 0, -1.225],
							"rotation": [30.52816, -10.15775, -163.43742],
							"uv": {
								"north": {"uv": [11, 9], "uv_size": [1, 1]},
								"south": {"uv": [10, 11], "uv_size": [1, 1]},
								"up": {"uv": [11, 10], "uv_size": [1, 1]},
								"down": {"uv": [11, 12], "uv_size": [1, -1]}
							}
						},
						{
							"origin": [0.09907, 0.57697, -1.08814],
							"size": [0.17528, 0.20155, 0.2],
							"pivot": [0, 0, -1.225],
							"rotation": [30.52816, 10.15775, 163.43742],
							"uv": {
								"north": {"uv": [11, 7], "uv_size": [1, 1]},
								"south": {"uv": [8, 11], "uv_size": [1, 1]},
								"up": {"uv": [11, 8], "uv_size": [1, 1]},
								"down": {"uv": [9, 12], "uv_size": [1, -1]}
							}
						},
						{
							"origin": [0.09907, 0.57697, -1.08814],
							"size": [0.17528, 0.20155, 0.2],
							"pivot": [0, 0, -1.225],
							"rotation": [30.52816, 10.15775, -16.56258],
							"uv": {
								"north": {"uv": [11, 5], "uv_size": [1, 1]},
								"south": {"uv": [6, 11], "uv_size": [1, 1]},
								"up": {"uv": [11, 6], "uv_size": [1, 1]},
								"down": {"uv": [7, 12], "uv_size": [1, -1]}
							}
						},
						{
							"origin": [-0.27435, 0.57697, -1.08814],
							"size": [0.17528, 0.20155, 0.2],
							"pivot": [0, 0, -1.225],
							"rotation": [30.52816, -10.15775, 16.56258],
							"uv": {
								"north": {"uv": [11, 3], "uv_size": [1, 1]},
								"south": {"uv": [4, 11], "uv_size": [1, 1]},
								"up": {"uv": [11, 4], "uv_size": [1, 1]},
								"down": {"uv": [5, 12], "uv_size": [1, -1]}
							}
						},
						{
							"origin": [-0.1641, -0.77852, -1.24755],
							"size": [0.3282, 0.20155, 0.6741],
							"pivot": [0, 0, -1.225],
							"rotation": [-30, 0, 22.5],
							"uv": {
								"north": {"uv": [8, 13], "uv_size": [1, 1]},
								"east": {"uv": [13, 8], "uv_size": [1, 1]},
								"west": {"uv": [9, 13], "uv_size": [1, 1]},
								"up": {"uv": [13, 9], "uv_size": [1, 1]},
								"down": {"uv": [10, 14], "uv_size": [1, -1]}
							}
						},
						{
							"origin": [0.09907, 0.57697, -1.08814],
							"size": [0.17528, 0.20155, 0.2],
							"pivot": [0, 0, -1.225],
							"rotation": [30.52816, 10.15775, -151.56258],
							"uv": {
								"north": {"uv": [6, 13], "uv_size": [1, 1]},
								"south": {"uv": [13, 6], "uv_size": [1, 1]},
								"up": {"uv": [7, 13], "uv_size": [1, 1]},
								"down": {"uv": [13, 8], "uv_size": [1, -1]}
							}
						},
						{
							"origin": [-0.27435, 0.57697, -1.08814],
							"size": [0.17528, 0.20155, 0.2],
							"pivot": [0, 0, -1.225],
							"rotation": [30.52816, -10.15775, -118.43742],
							"uv": {
								"north": {"uv": [4, 13], "uv_size": [1, 1]},
								"south": {"uv": [13, 4], "uv_size": [1, 1]},
								"up": {"uv": [5, 13], "uv_size": [1, 1]},
								"down": {"uv": [13, 6], "uv_size": [1, -1]}
							}
						},
						{
							"origin": [-0.1641, 0.57697, -1.24755],
							"size": [0.3282, 0.20155, 0.5],
							"pivot": [0, 0, -1.225],
							"rotation": [30, 0, -112.5],
							"uv": {
								"north": {"uv": [1, 13], "uv_size": [1, 1]},
								"east": {"uv": [13, 1], "uv_size": [1, 1]},
								"south": {"uv": [2, 13], "uv_size": [1, 1]},
								"west": {"uv": [13, 2], "uv_size": [1, 1]},
								"up": {"uv": [3, 13], "uv_size": [1, 1]},
								"down": {"uv": [13, 4], "uv_size": [1, -1]}
							}
						},
						{
							"origin": [0.09907, 0.57697, -1.08814],
							"size": [0.17528, 0.20155, 0.2],
							"pivot": [0, 0, -1.225],
							"rotation": [30.52816, 10.15775, -106.56258],
							"uv": {
								"north": {"uv": [12, 11], "uv_size": [1, 1]},
								"south": {"uv": [12, 12], "uv_size": [1, 1]},
								"up": {"uv": [0, 13], "uv_size": [1, 1]},
								"down": {"uv": [13, 1], "uv_size": [1, -1]}
							}
						},
						{
							"origin": [-0.27435, 0.57697, -1.08814],
							"size": [0.17528, 0.20155, 0.2],
							"pivot": [0, 0, -1.225],
							"rotation": [30.52816, -10.15775, -73.43742],
							"uv": {
								"north": {"uv": [12, 9], "uv_size": [1, 1]},
								"south": {"uv": [10, 12], "uv_size": [1, 1]},
								"up": {"uv": [12, 10], "uv_size": [1, 1]},
								"down": {"uv": [11, 13], "uv_size": [1, -1]}
							}
						},
						{
							"origin": [-0.1641, 0.57697, -1.24755],
							"size": [0.3282, 0.20155, 0.5],
							"pivot": [0, 0, -1.225],
							"rotation": [30, 0, -67.5],
							"uv": {
								"north": {"uv": [12, 6], "uv_size": [1, 1]},
								"east": {"uv": [7, 12], "uv_size": [1, 1]},
								"south": {"uv": [12, 7], "uv_size": [1, 1]},
								"west": {"uv": [8, 12], "uv_size": [1, 1]},
								"up": {"uv": [12, 8], "uv_size": [1, 1]},
								"down": {"uv": [9, 13], "uv_size": [1, -1]}
							}
						},
						{
							"origin": [0.09907, 0.57697, -1.08814],
							"size": [0.17528, 0.20155, 0.2],
							"pivot": [0, 0, -1.225],
							"rotation": [30.52816, 10.15775, -61.56258],
							"uv": {
								"north": {"uv": [12, 4], "uv_size": [1, 1]},
								"south": {"uv": [5, 12], "uv_size": [1, 1]},
								"up": {"uv": [12, 5], "uv_size": [1, 1]},
								"down": {"uv": [6, 13], "uv_size": [1, -1]}
							}
						},
						{
							"origin": [-0.27435, 0.57697, -1.08814],
							"size": [0.17528, 0.20155, 0.2],
							"pivot": [0, 0, -1.225],
							"rotation": [30.52816, -10.15775, -28.43742],
							"uv": {
								"north": {"uv": [12, 2], "uv_size": [1, 1]},
								"south": {"uv": [3, 12], "uv_size": [1, 1]},
								"up": {"uv": [12, 3], "uv_size": [1, 1]},
								"down": {"uv": [4, 13], "uv_size": [1, -1]}
							}
						},
						{
							"origin": [-0.1641, 0.57697, -1.24755],
							"size": [0.3282, 0.20155, 0.6741],
							"pivot": [0, 0, -1.225],
							"rotation": [30, 0, -22.5],
							"uv": {
								"north": {"uv": [0, 12], "uv_size": [1, 1]},
								"east": {"uv": [12, 0], "uv_size": [1, 1]},
								"west": {"uv": [1, 12], "uv_size": [1, 1]},
								"up": {"uv": [12, 1], "uv_size": [1, 1]},
								"down": {"uv": [2, 13], "uv_size": [1, -1]}
							}
						},
						{
							"origin": [-0.0641, 0.29845, -0.95604],
							"size": [0.1282, 0.2125, 0.2],
							"pivot": [0, 0, -1.225],
							"rotation": [60, 0, -157.5],
							"uv": {
								"north": {"uv": [15, 5], "uv_size": [1, 1]},
								"east": {"uv": [6, 15], "uv_size": [1, 1]},
								"west": {"uv": [15, 6], "uv_size": [1, 1]}
							}
						},
						{
							"origin": [-0.0641, 0.29845, -0.95604],
							"size": [0.1282, 0.2125, 0.2],
							"pivot": [0, 0, -1.225],
							"rotation": [60, 0, -67.5],
							"uv": {
								"north": {"uv": [16, 7], "uv_size": [1, 1]},
								"east": {"uv": [8, 16], "uv_size": [1, 1]},
								"west": {"uv": [16, 8], "uv_size": [1, 1]}
							}
						},
						{
							"origin": [-0.0641, 0.29845, -0.95604],
							"size": [0.1282, 0.2125, 0.2],
							"pivot": [0, 0, -1.225],
							"rotation": [60, 0, 22.5],
							"uv": {
								"north": {"uv": [16, 10], "uv_size": [1, 1]},
								"east": {"uv": [11, 16], "uv_size": [1, 1]},
								"west": {"uv": [16, 11], "uv_size": [1, 1]}
							}
						},
						{
							"origin": [-0.0641, 0.29845, -0.95604],
							"size": [0.1282, 0.2125, 0.2],
							"pivot": [0, 0, -1.225],
							"rotation": [60, 0, 112.5],
							"uv": {
								"north": {"uv": [9, 16], "uv_size": [1, 1]},
								"east": {"uv": [16, 9], "uv_size": [1, 1]},
								"west": {"uv": [10, 16], "uv_size": [1, 1]}
							}
						},
						{
							"origin": [-0.1641, -0.77852, -1.24755],
							"size": [0.3282, 0.20155, 0.6741],
							"pivot": [0, 0, -1.225],
							"rotation": [-30, 0, -22.5],
							"uv": {
								"north": {"uv": [3, 15], "uv_size": [1, 1]},
								"east": {"uv": [15, 3], "uv_size": [1, 1]},
								"west": {"uv": [4, 15], "uv_size": [1, 1]},
								"up": {"uv": [15, 4], "uv_size": [1, 1]},
								"down": {"uv": [5, 16], "uv_size": [1, -1]}
							}
						},
						{
							"origin": [-0.27435, 0.57697, -1.08814],
							"size": [0.17528, 0.20155, 0.2],
							"pivot": [0, 0, -1.225],
							"rotation": [30.52816, -10.15775, 151.56258],
							"uv": {
								"north": {"uv": [1, 15], "uv_size": [1, 1]},
								"south": {"uv": [15, 1], "uv_size": [1, 1]},
								"up": {"uv": [2, 15], "uv_size": [1, 1]},
								"down": {"uv": [15, 3], "uv_size": [1, -1]}
							}
						},
						{
							"origin": [0.09907, 0.57697, -1.08814],
							"size": [0.17528, 0.20155, 0.2],
							"pivot": [0, 0, -1.225],
							"rotation": [30.52816, 10.15775, 118.43742],
							"uv": {
								"north": {"uv": [14, 13], "uv_size": [1, 1]},
								"south": {"uv": [14, 14], "uv_size": [1, 1]},
								"up": {"uv": [0, 15], "uv_size": [1, 1]},
								"down": {"uv": [15, 1], "uv_size": [1, -1]}
							}
						},
						{
							"origin": [-0.1641, 0.57697, -1.24755],
							"size": [0.3282, 0.20155, 0.5],
							"pivot": [0, 0, -1.225],
							"rotation": [30, 0, 112.5],
							"uv": {
								"north": {"uv": [14, 10], "uv_size": [1, 1]},
								"east": {"uv": [11, 14], "uv_size": [1, 1]},
								"south": {"uv": [14, 11], "uv_size": [1, 1]},
								"west": {"uv": [12, 14], "uv_size": [1, 1]},
								"up": {"uv": [14, 12], "uv_size": [1, 1]},
								"down": {"uv": [13, 15], "uv_size": [1, -1]}
							}
						},
						{
							"origin": [-0.27435, 0.57697, -1.08814],
							"size": [0.17528, 0.20155, 0.2],
							"pivot": [0, 0, -1.225],
							"rotation": [30.52816, -10.15775, 106.56258],
							"uv": {
								"north": {"uv": [14, 8], "uv_size": [1, 1]},
								"south": {"uv": [9, 14], "uv_size": [1, 1]},
								"up": {"uv": [14, 9], "uv_size": [1, 1]},
								"down": {"uv": [10, 15], "uv_size": [1, -1]}
							}
						},
						{
							"origin": [0.09907, 0.57697, -1.08814],
							"size": [0.17528, 0.20155, 0.2],
							"pivot": [0, 0, -1.225],
							"rotation": [30.52816, 10.15775, 73.43742],
							"uv": {
								"north": {"uv": [14, 6], "uv_size": [1, 1]},
								"south": {"uv": [7, 14], "uv_size": [1, 1]},
								"up": {"uv": [14, 7], "uv_size": [1, 1]},
								"down": {"uv": [8, 15], "uv_size": [1, -1]}
							}
						},
						{
							"origin": [-0.1641, 0.57697, -1.24755],
							"size": [0.3282, 0.20155, 0.5],
							"pivot": [0, 0, -1.225],
							"rotation": [30, 0, 67.5],
							"uv": {
								"north": {"uv": [14, 3], "uv_size": [1, 1]},
								"east": {"uv": [4, 14], "uv_size": [1, 1]},
								"south": {"uv": [14, 4], "uv_size": [1, 1]},
								"west": {"uv": [5, 14], "uv_size": [1, 1]},
								"up": {"uv": [14, 5], "uv_size": [1, 1]},
								"down": {"uv": [6, 15], "uv_size": [1, -1]}
							}
						},
						{
							"origin": [-0.27435, 0.57697, -1.08814],
							"size": [0.17528, 0.20155, 0.2],
							"pivot": [0, 0, -1.225],
							"rotation": [30.52816, -10.15775, 61.56258],
							"uv": {
								"north": {"uv": [14, 1], "uv_size": [1, 1]},
								"south": {"uv": [2, 14], "uv_size": [1, 1]},
								"up": {"uv": [14, 2], "uv_size": [1, 1]},
								"down": {"uv": [3, 15], "uv_size": [1, -1]}
							}
						},
						{
							"origin": [0.09907, 0.57697, -1.08814],
							"size": [0.17528, 0.20155, 0.2],
							"pivot": [0, 0, -1.225],
							"rotation": [30.52816, 10.15775, 28.43742],
							"uv": {
								"north": {"uv": [13, 13], "uv_size": [1, 1]},
								"south": {"uv": [0, 14], "uv_size": [1, 1]},
								"up": {"uv": [14, 0], "uv_size": [1, 1]},
								"down": {"uv": [1, 15], "uv_size": [1, -1]}
							}
						},
						{
							"origin": [-0.1641, 0.57697, -1.24755],
							"size": [0.3282, 0.20155, 0.6741],
							"pivot": [0, 0, -1.225],
							"rotation": [30, 0, 22.5],
							"uv": {
								"north": {"uv": [13, 10], "uv_size": [1, 1]},
								"east": {"uv": [11, 13], "uv_size": [1, 1]},
								"west": {"uv": [13, 11], "uv_size": [1, 1]},
								"up": {"uv": [12, 13], "uv_size": [1, 1]},
								"down": {"uv": [13, 13], "uv_size": [1, -1]}
							}
						}
					]
				}
			]
		}
	]
}