{
	"format_version": "1.12.0",
	"minecraft:geometry": [
		{
			"description": {
				"identifier": "geometry.muzzle_mxm_hb",
				"texture_width": 16,
				"texture_height": 16,
				"visible_bounds_width": 3,
				"visible_bounds_height": 2.5,
				"visible_bounds_offset": [0, 0.75, 0]
			},
			"bones": [
				{
					"name": "MaximDef_HateBrake",
					"pivot": [0, 0, 0.0875],
					"cubes": [
						{
							"origin": [-0.2071, 0.13857, -1.16715],
							"size": [0.4142, 0.1641, 0.625],
							"pivot": [0, 0, -0.125],
							"rotation": [-40, 0, 0],
							"uv": {
								"up": {"uv": [6, 5], "uv_size": [1, 1]}
							}
						},
						{
							"origin": [-0.09208, 0.13857, -1.21904],
							"size": [0.16176, 0.1641, 0.6375],
							"pivot": [0, 0, -0.125],
							"rotation": [-40.98084, 11.43563, -9.77243],
							"uv": {
								"up": {"uv": [5, 6], "uv_size": [1, 1]}
							}
						},
						{
							"origin": [-0.06968, 0.13857, -1.21904],
							"size": [0.16176, 0.1641, 0.6375],
							"pivot": [0, 0, -0.125],
							"rotation": [-40.98084, -11.43563, 9.77243],
							"uv": {
								"up": {"uv": [6, 4], "uv_size": [1, 1]}
							}
						},
						{
							"origin": [-0.09208, -0.30267, -1.21904],
							"size": [0.16176, 0.1641, 0.6375],
							"pivot": [0, 0, -0.125],
							"rotation": [40.98084, 11.43563, 9.77243],
							"uv": {
								"down": {"uv": [12, 7], "uv_size": [1, -1]}
							}
						},
						{
							"origin": [-0.2071, -0.30267, -1.16715],
							"size": [0.4142, 0.1641, 0.625],
							"pivot": [0, 0, -0.125],
							"rotation": [40, 0, 0],
							"uv": {
								"down": {"uv": [6, 13], "uv_size": [1, -1]}
							}
						},
						{
							"origin": [-0.06968, -0.30267, -1.21904],
							"size": [0.16176, 0.1641, 0.6375],
							"pivot": [0, 0, -0.125],
							"rotation": [40.98084, -11.43563, -9.77243],
							"uv": {
								"down": {"uv": [12, 6], "uv_size": [1, -1]}
							}
						},
						{
							"origin": [-0.09208, 0.13857, -1.21904],
							"size": [0.16176, 0.1641, 0.6375],
							"pivot": [0, 0, -0.125],
							"rotation": [-40.98084, 11.43563, 35.22757],
							"uv": {
								"up": {"uv": [8, 12], "uv_size": [1, 1]}
							}
						},
						{
							"origin": [-0.2071, 0.13857, -1.16715],
							"size": [0.4142, 0.1641, 0.625],
							"pivot": [0, 0, -0.125],
							"rotation": [-40, 0, 45],
							"uv": {
								"up": {"uv": [12, 7], "uv_size": [1, 1]}
							}
						},
						{
							"origin": [-0.06968, 0.13857, -1.21904],
							"size": [0.16176, 0.1641, 0.6375],
							"pivot": [0, 0, -0.125],
							"rotation": [-40.98084, -11.43563, 54.77243],
							"uv": {
								"up": {"uv": [7, 12], "uv_size": [1, 1]}
							}
						},
						{
							"origin": [-0.09208, 0.13857, -1.21904],
							"size": [0.16176, 0.1641, 0.6375],
							"pivot": [0, 0, -0.125],
							"rotation": [-40.98084, 11.43563, 80.22757],
							"uv": {
								"up": {"uv": [12, 9], "uv_size": [1, 1]}
							}
						},
						{
							"origin": [-0.2071, 0.13857, -1.16715],
							"size": [0.4142, 0.1641, 0.625],
							"pivot": [0, 0, -0.125],
							"rotation": [-40, 0, 90],
							"uv": {
								"up": {"uv": [9, 12], "uv_size": [1, 1]}
							}
						},
						{
							"origin": [-0.06968, 0.13857, -1.21904],
							"size": [0.16176, 0.1641, 0.6375],
							"pivot": [0, 0, -0.125],
							"rotation": [-40.98084, -11.43563, 99.77243],
							"uv": {
								"up": {"uv": [12, 8], "uv_size": [1, 1]}
							}
						},
						{
							"origin": [-0.09208, 0.13857, -1.21904],
							"size": [0.16176, 0.1641, 0.6375],
							"pivot": [0, 0, -0.125],
							"rotation": [-40.98084, 11.43563, 125.22757],
							"uv": {
								"up": {"uv": [11, 12], "uv_size": [1, 1]}
							}
						},
						{
							"origin": [-0.2071, 0.13857, -1.16715],
							"size": [0.4142, 0.1641, 0.625],
							"pivot": [0, 0, -0.125],
							"rotation": [-40, 0, 135],
							"uv": {
								"up": {"uv": [12, 10], "uv_size": [1, 1]}
							}
						},
						{
							"origin": [-0.06968, 0.13857, -1.21904],
							"size": [0.16176, 0.1641, 0.6375],
							"pivot": [0, 0, -0.125],
							"rotation": [-40.98084, -11.43563, 144.77243],
							"uv": {
								"up": {"uv": [10, 12], "uv_size": [1, 1]}
							}
						},
						{
							"origin": [-0.09208, 0.13857, -1.21904],
							"size": [0.16176, 0.1641, 0.6375],
							"pivot": [0, 0, -0.125],
							"rotation": [-40.98084, 11.43563, -144.77243],
							"uv": {
								"up": {"uv": [3, 13], "uv_size": [1, 1]}
							}
						},
						{
							"origin": [-0.2071, 0.13857, -1.16715],
							"size": [0.4142, 0.1641, 0.625],
							"pivot": [0, 0, -0.125],
							"rotation": [-40, 0, -135],
							"uv": {
								"up": {"uv": [13, 2], "uv_size": [1, 1]}
							}
						},
						{
							"origin": [-0.06968, 0.13857, -1.21904],
							"size": [0.16176, 0.1641, 0.6375],
							"pivot": [0, 0, -0.125],
							"rotation": [-40.98084, -11.43563, -125.22757],
							"uv": {
								"up": {"uv": [2, 13], "uv_size": [1, 1]}
							}
						},
						{
							"origin": [-0.09208, 0.13857, -1.21904],
							"size": [0.16176, 0.1641, 0.6375],
							"pivot": [0, 0, -0.125],
							"rotation": [-40.98084, 11.43563, -99.77243],
							"uv": {
								"up": {"uv": [13, 1], "uv_size": [1, 1]}
							}
						},
						{
							"origin": [-0.2071, 0.13857, -1.16715],
							"size": [0.4142, 0.1641, 0.625],
							"pivot": [0, 0, -0.125],
							"rotation": [-40, 0, -90],
							"uv": {
								"up": {"uv": [1, 13], "uv_size": [1, 1]}
							}
						},
						{
							"origin": [-0.06968, 0.13857, -1.21904],
							"size": [0.16176, 0.1641, 0.6375],
							"pivot": [0, 0, -0.125],
							"rotation": [-40.98084, -11.43563, -80.22757],
							"uv": {
								"up": {"uv": [13, 0], "uv_size": [1, 1]}
							}
						},
						{
							"origin": [-0.09208, 0.13857, -1.21904],
							"size": [0.16176, 0.1641, 0.6375],
							"pivot": [0, 0, -0.125],
							"rotation": [-40.98084, 11.43563, -54.77243],
							"uv": {
								"up": {"uv": [0, 13], "uv_size": [1, 1]}
							}
						},
						{
							"origin": [-0.2071, 0.13857, -1.16715],
							"size": [0.4142, 0.1641, 0.625],
							"pivot": [0, 0, -0.125],
							"rotation": [-40, 0, -45],
							"uv": {
								"up": {"uv": [12, 12], "uv_size": [1, 1]}
							}
						},
						{
							"origin": [-0.06968, 0.13857, -1.21904],
							"size": [0.16176, 0.1641, 0.6375],
							"pivot": [0, 0, -0.125],
							"rotation": [-40.98084, -11.43563, -35.22757],
							"uv": {
								"up": {"uv": [12, 11], "uv_size": [1, 1]}
							}
						},
						{
							"origin": [-0.3728, 0.7, -1.575],
							"size": [0.7456, 0.2, 0.85],
							"uv": {
								"up": {"uv": [4, 6], "uv_size": [1, 1]}
							}
						},
						{
							"origin": [-0.22297, 0.7, -2.425],
							"size": [0.446, 0.2, 0.85],
							"uv": {
								"north": {"uv": [3, 6], "uv_size": [1, 1]},
								"up": {"uv": [6, 3], "uv_size": [1, 1]}
							}
						},
						{
							"origin": [0.41893, 0.7, -2.35074],
							"size": [0.2, 0.2, 0.8625],
							"pivot": [0, 0, -0.125],
							"rotation": [0, 10, 0],
							"uv": {
								"west": {"uv": [2, 6], "uv_size": [1, 1]},
								"up": {"uv": [6, 2], "uv_size": [1, 1]}
							}
						},
						{
							"origin": [-0.61893, 0.7, -2.35074],
							"size": [0.2, 0.2, 0.8625],
							"pivot": [0, 0, -0.125],
							"rotation": [0, -10, 0],
							"uv": {
								"east": {"uv": [1, 6], "uv_size": [1, 1]},
								"up": {"uv": [6, 1], "uv_size": [1, 1]}
							}
						},
						{
							"origin": [-0.3728, 0.7, -1.575],
							"size": [0.7456, 0.2, 0.85],
							"pivot": [0, 0, -0.125],
							"rotation": [0, 0, 180],
							"uv": {
								"up": {"uv": [7, 2], "uv_size": [1, 1]}
							}
						},
						{
							"origin": [-0.22297, 0.7, -2.425],
							"size": [0.446, 0.2, 0.85],
							"pivot": [0, 0, -0.125],
							"rotation": [0, 0, 180],
							"uv": {
								"north": {"uv": [7, 1], "uv_size": [1, 1]},
								"up": {"uv": [2, 7], "uv_size": [1, 1]}
							}
						},
						{
							"origin": [0.41893, 0.7, -2.35074],
							"size": [0.2, 0.2, 0.8625],
							"pivot": [0, 0, -0.125],
							"rotation": [0, 10, 180],
							"uv": {
								"west": {"uv": [7, 0], "uv_size": [1, 1]},
								"up": {"uv": [1, 7], "uv_size": [1, 1]}
							}
						},
						{
							"origin": [-0.61893, 0.7, -2.35074],
							"size": [0.2, 0.2, 0.8625],
							"pivot": [0, 0, -0.125],
							"rotation": [0, -10, 180],
							"uv": {
								"east": {"uv": [6, 6], "uv_size": [1, 1]},
								"up": {"uv": [0, 7], "uv_size": [1, 1]}
							}
						},
						{
							"origin": [-0.3728, 0.7, -1.575],
							"size": [0.7456, 0.2, 0.85],
							"pivot": [0, 0, -0.125],
							"rotation": [0, 0, 45],
							"uv": {
								"up": {"uv": [6, 7], "uv_size": [1, 1]}
							}
						},
						{
							"origin": [-0.22297, 0.7, -2.425],
							"size": [0.446, 0.2, 0.85],
							"pivot": [0, 0, -0.125],
							"rotation": [0, 0, 45],
							"uv": {
								"north": {"uv": [5, 7], "uv_size": [1, 1]},
								"up": {"uv": [7, 5], "uv_size": [1, 1]}
							}
						},
						{
							"origin": [0.41893, 0.7, -2.35074],
							"size": [0.2, 0.2, 0.8625],
							"pivot": [0, 0, -0.125],
							"rotation": [0, 10, 45],
							"uv": {
								"west": {"uv": [4, 7], "uv_size": [1, 1]},
								"up": {"uv": [7, 4], "uv_size": [1, 1]}
							}
						},
						{
							"origin": [-0.61893, 0.7, -2.35074],
							"size": [0.2, 0.2, 0.8625],
							"pivot": [0, 0, -0.125],
							"rotation": [0, -10, 45],
							"uv": {
								"east": {"uv": [3, 7], "uv_size": [1, 1]},
								"up": {"uv": [7, 3], "uv_size": [1, 1]}
							}
						},
						{
							"origin": [-0.3728, 0.7, -1.575],
							"size": [0.7456, 0.2, 0.85],
							"pivot": [0, 0, -0.125],
							"rotation": [0, 0, 90],
							"uv": {
								"up": {"uv": [2, 8], "uv_size": [1, 1]}
							}
						},
						{
							"origin": [-0.22297, 0.7, -2.425],
							"size": [0.446, 0.2, 0.85],
							"pivot": [0, 0, -0.125],
							"rotation": [0, 0, 90],
							"uv": {
								"north": {"uv": [1, 8], "uv_size": [1, 1]},
								"up": {"uv": [8, 1], "uv_size": [1, 1]}
							}
						},
						{
							"origin": [0.41893, 0.7, -2.35074],
							"size": [0.2, 0.2, 0.8625],
							"pivot": [0, 0, -0.125],
							"rotation": [0, 10, 90],
							"uv": {
								"west": {"uv": [0, 8], "uv_size": [1, 1]},
								"up": {"uv": [8, 0], "uv_size": [1, 1]}
							}
						},
						{
							"origin": [-0.61893, 0.7, -2.35074],
							"size": [0.2, 0.2, 0.8625],
							"pivot": [0, 0, -0.125],
							"rotation": [0, -10, 90],
							"uv": {
								"east": {"uv": [7, 6], "uv_size": [1, 1]},
								"up": {"uv": [7, 7], "uv_size": [1, 1]}
							}
						},
						{
							"origin": [-0.3728, 0.7, -1.575],
							"size": [0.7456, 0.2, 0.85],
							"pivot": [0, 0, -0.125],
							"rotation": [0, 0, 135],
							"uv": {
								"up": {"uv": [8, 5], "uv_size": [1, 1]}
							}
						},
						{
							"origin": [-0.22297, 0.7, -2.425],
							"size": [0.446, 0.2, 0.85],
							"pivot": [0, 0, -0.125],
							"rotation": [0, 0, 135],
							"uv": {
								"north": {"uv": [8, 4], "uv_size": [1, 1]},
								"up": {"uv": [5, 8], "uv_size": [1, 1]}
							}
						},
						{
							"origin": [0.41893, 0.7, -2.35074],
							"size": [0.2, 0.2, 0.8625],
							"pivot": [0, 0, -0.125],
							"rotation": [0, 10, 135],
							"uv": {
								"west": {"uv": [8, 3], "uv_size": [1, 1]},
								"up": {"uv": [4, 8], "uv_size": [1, 1]}
							}
						},
						{
							"origin": [-0.61893, 0.7, -2.35074],
							"size": [0.2, 0.2, 0.8625],
							"pivot": [0, 0, -0.125],
							"rotation": [0, -10, 135],
							"uv": {
								"east": {"uv": [8, 2], "uv_size": [1, 1]},
								"up": {"uv": [3, 8], "uv_size": [1, 1]}
							}
						},
						{
							"origin": [0.41893, 0.7, -2.35074],
							"size": [0.2, 0.2, 0.8625],
							"pivot": [0, 0, -0.125],
							"rotation": [0, 10, -90],
							"uv": {
								"west": {"uv": [7, 9], "uv_size": [1, 1]},
								"up": {"uv": [9, 7], "uv_size": [1, 1]}
							}
						},
						{
							"origin": [-0.61893, 0.7, -2.35074],
							"size": [0.2, 0.2, 0.8625],
							"pivot": [0, 0, -0.125],
							"rotation": [0, -10, -90],
							"uv": {
								"east": {"uv": [6, 9], "uv_size": [1, 1]},
								"up": {"uv": [9, 6], "uv_size": [1, 1]}
							}
						},
						{
							"origin": [-0.22303, 0.7, -2.425],
							"size": [0.446, 0.2, 0.85],
							"pivot": [0, 0, -0.125],
							"rotation": [0, 0, -90],
							"uv": {
								"north": {"uv": [5, 9], "uv_size": [1, 1]},
								"up": {"uv": [9, 5], "uv_size": [1, 1]}
							}
						},
						{
							"origin": [-0.3728, 0.7, -1.575],
							"size": [0.7456, 0.2, 0.85],
							"pivot": [0, 0, -0.125],
							"rotation": [0, 0, -90],
							"uv": {
								"up": {"uv": [9, 4], "uv_size": [1, 1]}
							}
						},
						{
							"origin": [0.41893, 0.7, -2.35074],
							"size": [0.2, 0.2, 0.8625],
							"pivot": [0, 0, -0.125],
							"rotation": [0, 10, -45],
							"uv": {
								"west": {"uv": [9, 3], "uv_size": [1, 1]},
								"up": {"uv": [4, 9], "uv_size": [1, 1]}
							}
						},
						{
							"origin": [-0.61893, 0.7, -2.35074],
							"size": [0.2, 0.2, 0.8625],
							"pivot": [0, 0, -0.125],
							"rotation": [0, -10, -45],
							"uv": {
								"east": {"uv": [9, 2], "uv_size": [1, 1]},
								"up": {"uv": [3, 9], "uv_size": [1, 1]}
							}
						},
						{
							"origin": [-0.22303, 0.7, -2.425],
							"size": [0.446, 0.2, 0.85],
							"pivot": [0, 0, -0.125],
							"rotation": [0, 0, -45],
							"uv": {
								"north": {"uv": [9, 1], "uv_size": [1, 1]},
								"up": {"uv": [2, 9], "uv_size": [1, 1]}
							}
						},
						{
							"origin": [-0.3728, 0.7, -1.575],
							"size": [0.7456, 0.2, 0.85],
							"pivot": [0, 0, -0.125],
							"rotation": [0, 0, -45],
							"uv": {
								"up": {"uv": [1, 9], "uv_size": [1, 1]}
							}
						},
						{
							"origin": [-0.3728, 0.7, -1.575],
							"size": [0.7456, 0.2, 0.85],
							"pivot": [0, 0, -0.125],
							"rotation": [0, 0, -135],
							"uv": {
								"up": {"uv": [9, 0], "uv_size": [1, 1]}
							}
						},
						{
							"origin": [-0.22303, 0.7, -2.425],
							"size": [0.446, 0.2, 0.85],
							"pivot": [0, 0, -0.125],
							"rotation": [0, 0, -135],
							"uv": {
								"north": {"uv": [8, 8], "uv_size": [1, 1]},
								"up": {"uv": [0, 9], "uv_size": [1, 1]}
							}
						},
						{
							"origin": [-0.61893, 0.7, -2.35074],
							"size": [0.2, 0.2, 0.8625],
							"pivot": [0, 0, -0.125],
							"rotation": [0, -10, -135],
							"uv": {
								"east": {"uv": [7, 8], "uv_size": [1, 1]},
								"up": {"uv": [8, 7], "uv_size": [1, 1]}
							}
						},
						{
							"origin": [0.41893, 0.7, -2.35074],
							"size": [0.2, 0.2, 0.8625],
							"pivot": [0, 0, -0.125],
							"rotation": [0, 10, -135],
							"uv": {
								"west": {"uv": [6, 8], "uv_size": [1, 1]},
								"up": {"uv": [8, 6], "uv_size": [1, 1]}
							}
						},
						{
							"origin": [-0.2071, 0.2, -2],
							"size": [0.4142, 0.3, 2],
							"uv": {
								"south": {"uv": [5, 2], "uv_size": [1, 1]},
								"up": {"uv": [0, 0], "uv_size": [1, 2]},
								"down": {"uv": [1, 2], "uv_size": [1, -2]}
							}
						},
						{
							"origin": [-0.2071, 0.2, -2],
							"size": [0.4142, 0.3, 2],
							"pivot": [0, 0, -0.125],
							"rotation": [0, 0, 45],
							"uv": {
								"south": {"uv": [5, 5], "uv_size": [1, 1]},
								"up": {"uv": [0, 2], "uv_size": [1, 2]},
								"down": {"uv": [2, 2], "uv_size": [1, -2]}
							}
						},
						{
							"origin": [-0.2071, 0.2, -2],
							"size": [0.4142, 0.3, 2],
							"pivot": [0, 0, -0.125],
							"rotation": [0, 0, 90],
							"uv": {
								"south": {"uv": [0, 6], "uv_size": [1, 1]},
								"up": {"uv": [1, 2], "uv_size": [1, 2]},
								"down": {"uv": [2, 4], "uv_size": [1, -2]}
							}
						},
						{
							"origin": [-0.2071, 0.2, -2],
							"size": [0.4142, 0.3, 2],
							"pivot": [0, 0, -0.125],
							"rotation": [0, 0, 135],
							"uv": {
								"south": {"uv": [6, 0], "uv_size": [1, 1]},
								"up": {"uv": [3, 0], "uv_size": [1, 2]},
								"down": {"uv": [3, 4], "uv_size": [1, -2]}
							}
						},
						{
							"origin": [-0.2071, 0.2, -2],
							"size": [0.4142, 0.3, 2],
							"pivot": [0, 0, -0.125],
							"rotation": [0, 0, -135],
							"uv": {
								"south": {"uv": [9, 11], "uv_size": [1, 1]},
								"up": {"uv": [4, 4], "uv_size": [1, 2]},
								"down": {"uv": [5, 2], "uv_size": [1, -2]}
							}
						},
						{
							"origin": [-0.2071, 0.2, -2],
							"size": [0.4142, 0.3, 2],
							"pivot": [0, 0, -0.125],
							"rotation": [0, 0, -90],
							"uv": {
								"south": {"uv": [11, 8], "uv_size": [1, 1]},
								"up": {"uv": [4, 2], "uv_size": [1, 2]},
								"down": {"uv": [3, 6], "uv_size": [1, -2]}
							}
						},
						{
							"origin": [-0.2071, 0.2, -2],
							"size": [0.4142, 0.3, 2],
							"pivot": [0, 0, -0.125],
							"rotation": [0, 0, -45],
							"uv": {
								"south": {"uv": [8, 11], "uv_size": [1, 1]},
								"up": {"uv": [1, 4], "uv_size": [1, 2]},
								"down": {"uv": [2, 6], "uv_size": [1, -2]}
							}
						},
						{
							"origin": [-0.2071, 0.2, -2],
							"size": [0.4142, 0.3, 2],
							"pivot": [0, 0, -0.125],
							"rotation": [0, 0, 180],
							"uv": {
								"south": {"uv": [11, 7], "uv_size": [1, 1]},
								"up": {"uv": [0, 4], "uv_size": [1, 2]},
								"down": {"uv": [4, 2], "uv_size": [1, -2]}
							}
						},
						{
							"origin": [-0.174, 0.625, -2.825],
							"size": [0.348, 0.25, 0.4],
							"uv": {
								"north": {"uv": [5, 3], "uv_size": [1, 1]},
								"up": {"uv": [5, 4], "uv_size": [1, 1]}
							}
						},
						{
							"origin": [-0.174, 0.625, -2.825],
							"size": [0.348, 0.25, 0.4],
							"pivot": [0, 0, -2.625],
							"rotation": [0, 0, 22.5],
							"uv": {
								"north": {"uv": [6, 11], "uv_size": [1, 1]},
								"up": {"uv": [11, 6], "uv_size": [1, 1]}
							}
						},
						{
							"origin": [-0.124, 0.61116, -2.37196],
							"size": [0.248, 0.25, 0.8],
							"pivot": [0, 0, -2.625],
							"rotation": [3.5, 0, 22.5],
							"uv": {
								"up": {"uv": [8, 9], "uv_size": [1, 1]}
							}
						},
						{
							"origin": [-0.124, 0.61116, -2.37196],
							"size": [0.248, 0.25, 0.8],
							"pivot": [0, 0, -2.625],
							"rotation": [3.5, 0, 67.5],
							"uv": {
								"up": {"uv": [1, 10], "uv_size": [1, 1]}
							}
						},
						{
							"origin": [-0.174, 0.625, -2.825],
							"size": [0.348, 0.25, 0.4],
							"pivot": [0, 0, -2.625],
							"rotation": [0, 0, 67.5],
							"uv": {
								"north": {"uv": [0, 10], "uv_size": [1, 1]},
								"up": {"uv": [10, 0], "uv_size": [1, 1]}
							}
						},
						{
							"origin": [-0.174, 0.625, -2.825],
							"size": [0.348, 0.25, 0.4],
							"pivot": [0, 0, -2.625],
							"rotation": [0, 0, 45],
							"uv": {
								"north": {"uv": [9, 8], "uv_size": [1, 1]},
								"up": {"uv": [9, 9], "uv_size": [1, 1]}
							}
						},
						{
							"origin": [-0.124, 0.61116, -2.37196],
							"size": [0.248, 0.25, 0.8],
							"pivot": [0, 0, -2.625],
							"rotation": [3.5, 0, 112.5],
							"uv": {
								"up": {"uv": [10, 3], "uv_size": [1, 1]}
							}
						},
						{
							"origin": [-0.174, 0.625, -2.825],
							"size": [0.348, 0.25, 0.4],
							"pivot": [0, 0, -2.625],
							"rotation": [0, 0, 112.5],
							"uv": {
								"north": {"uv": [10, 2], "uv_size": [1, 1]},
								"up": {"uv": [3, 10], "uv_size": [1, 1]}
							}
						},
						{
							"origin": [-0.174, 0.625, -2.825],
							"size": [0.348, 0.25, 0.4],
							"pivot": [0, 0, -2.625],
							"rotation": [0, 0, 90],
							"uv": {
								"north": {"uv": [10, 1], "uv_size": [1, 1]},
								"up": {"uv": [2, 10], "uv_size": [1, 1]}
							}
						},
						{
							"origin": [-0.124, 0.61116, -2.37196],
							"size": [0.248, 0.25, 0.8],
							"pivot": [0, 0, -2.625],
							"rotation": [3.5, 0, 157.5],
							"uv": {
								"up": {"uv": [6, 10], "uv_size": [1, 1]}
							}
						},
						{
							"origin": [-0.174, 0.625, -2.825],
							"size": [0.348, 0.25, 0.4],
							"pivot": [0, 0, -2.625],
							"rotation": [0, 0, 157.5],
							"uv": {
								"north": {"uv": [5, 10], "uv_size": [1, 1]},
								"up": {"uv": [10, 5], "uv_size": [1, 1]}
							}
						},
						{
							"origin": [-0.174, 0.625, -2.825],
							"size": [0.348, 0.25, 0.4],
							"pivot": [0, 0, -2.625],
							"rotation": [0, 0, 135],
							"uv": {
								"north": {"uv": [4, 10], "uv_size": [1, 1]},
								"up": {"uv": [10, 4], "uv_size": [1, 1]}
							}
						},
						{
							"origin": [-0.124, 0.61116, -2.37196],
							"size": [0.248, 0.25, 0.8],
							"pivot": [0, 0, -2.625],
							"rotation": [3.5, 0, -157.5],
							"uv": {
								"up": {"uv": [10, 8], "uv_size": [1, 1]}
							}
						},
						{
							"origin": [-0.174, 0.625, -2.825],
							"size": [0.348, 0.25, 0.4],
							"pivot": [0, 0, -2.625],
							"rotation": [0, 0, -157.5],
							"uv": {
								"north": {"uv": [10, 7], "uv_size": [1, 1]},
								"up": {"uv": [8, 10], "uv_size": [1, 1]}
							}
						},
						{
							"origin": [-0.174, 0.625, -2.825],
							"size": [0.348, 0.25, 0.4],
							"pivot": [0, 0, -2.625],
							"rotation": [0, 0, 180],
							"uv": {
								"north": {"uv": [10, 6], "uv_size": [1, 1]},
								"up": {"uv": [7, 10], "uv_size": [1, 1]}
							}
						},
						{
							"origin": [-0.124, 0.61116, -2.37196],
							"size": [0.248, 0.25, 0.8],
							"pivot": [0, 0, -2.625],
							"rotation": [3.5, 0, -112.5],
							"uv": {
								"up": {"uv": [11, 0], "uv_size": [1, 1]}
							}
						},
						{
							"origin": [-0.124, 0.61116, -2.37196],
							"size": [0.248, 0.25, 0.8],
							"pivot": [0, 0, -2.625],
							"rotation": [3.5, 0, -67.5],
							"uv": {
								"up": {"uv": [3, 11], "uv_size": [1, 1]}
							}
						},
						{
							"origin": [-0.174, 0.625, -2.825],
							"size": [0.348, 0.25, 0.4],
							"pivot": [0, 0, -2.625],
							"rotation": [0, 0, -67.5],
							"uv": {
								"north": {"uv": [2, 11], "uv_size": [1, 1]},
								"up": {"uv": [11, 2], "uv_size": [1, 1]}
							}
						},
						{
							"origin": [-0.174, 0.625, -2.825],
							"size": [0.348, 0.25, 0.4],
							"pivot": [0, 0, -2.625],
							"rotation": [0, 0, -90],
							"uv": {
								"north": {"uv": [1, 11], "uv_size": [1, 1]},
								"up": {"uv": [11, 1], "uv_size": [1, 1]}
							}
						},
						{
							"origin": [-0.124, 0.61116, -2.37196],
							"size": [0.248, 0.25, 0.8],
							"pivot": [0, 0, -2.625],
							"rotation": [3.5, 0, -22.5],
							"uv": {
								"up": {"uv": [11, 5], "uv_size": [1, 1]}
							}
						},
						{
							"origin": [-0.174, 0.625, -2.825],
							"size": [0.348, 0.25, 0.4],
							"pivot": [0, 0, -2.625],
							"rotation": [0, 0, -22.5],
							"uv": {
								"north": {"uv": [11, 4], "uv_size": [1, 1]},
								"up": {"uv": [5, 11], "uv_size": [1, 1]}
							}
						},
						{
							"origin": [-0.174, 0.625, -2.825],
							"size": [0.348, 0.25, 0.4],
							"pivot": [0, 0, -2.625],
							"rotation": [0, 0, -45],
							"uv": {
								"north": {"uv": [11, 3], "uv_size": [1, 1]},
								"up": {"uv": [4, 11], "uv_size": [1, 1]}
							}
						},
						{
							"origin": [-0.174, 0.625, -2.825],
							"size": [0.348, 0.25, 0.4],
							"pivot": [0, 0, -2.625],
							"rotation": [0, 0, -112.5],
							"uv": {
								"north": {"uv": [10, 10], "uv_size": [1, 1]},
								"up": {"uv": [0, 11], "uv_size": [1, 1]}
							}
						},
						{
							"origin": [-0.174, 0.625, -2.825],
							"size": [0.348, 0.25, 0.4],
							"pivot": [0, 0, -2.625],
							"rotation": [0, 0, -135],
							"uv": {
								"north": {"uv": [9, 10], "uv_size": [1, 1]},
								"up": {"uv": [10, 9], "uv_size": [1, 1]}
							}
						},
						{
							"origin": [-0.1243, 0.46397, -3.08897],
							"size": [0.2486, 0.10009, 0.92804],
							"pivot": [0, 0, -2.625],
							"rotation": [-27.25, 0, 0],
							"uv": {
								"down": {"uv": [7, 12], "uv_size": [1, -1]}
							}
						},
						{
							"origin": [-0.1243, 0.46397, -3.08897],
							"size": [0.2486, 0.10009, 0.92804],
							"pivot": [0, 0, -2.625],
							"rotation": [-27.25, 0, 22.5],
							"uv": {
								"down": {"uv": [11, 10], "uv_size": [1, -1]}
							}
						},
						{
							"origin": [-0.1243, 0.46397, -3.08897],
							"size": [0.2486, 0.10009, 0.92804],
							"pivot": [0, 0, -2.625],
							"rotation": [-27.25, 0, 45],
							"uv": {
								"down": {"uv": [10, 12], "uv_size": [1, -1]}
							}
						},
						{
							"origin": [-0.1243, 0.46397, -3.08897],
							"size": [0.2486, 0.10009, 0.92804],
							"pivot": [0, 0, -2.625],
							"rotation": [-27.25, 0, 67.5],
							"uv": {
								"down": {"uv": [11, 11], "uv_size": [1, -1]}
							}
						},
						{
							"origin": [-0.1243, 0.46397, -3.08897],
							"size": [0.2486, 0.10009, 0.92804],
							"pivot": [0, 0, -2.625],
							"rotation": [-27.25, 0, 157.5],
							"uv": {
								"down": {"uv": [1, 13], "uv_size": [1, -1]}
							}
						},
						{
							"origin": [-0.1243, 0.46397, -3.08897],
							"size": [0.2486, 0.10009, 0.92804],
							"pivot": [0, 0, -2.625],
							"rotation": [-27.25, 0, 135],
							"uv": {
								"down": {"uv": [12, 1], "uv_size": [1, -1]}
							}
						},
						{
							"origin": [-0.1243, 0.46397, -3.08897],
							"size": [0.2486, 0.10009, 0.92804],
							"pivot": [0, 0, -2.625],
							"rotation": [-27.25, 0, 112.5],
							"uv": {
								"down": {"uv": [0, 13], "uv_size": [1, -1]}
							}
						},
						{
							"origin": [-0.1243, 0.46397, -3.08897],
							"size": [0.2486, 0.10009, 0.92804],
							"pivot": [0, 0, -2.625],
							"rotation": [-27.25, 0, 90],
							"uv": {
								"down": {"uv": [11, 12], "uv_size": [1, -1]}
							}
						},
						{
							"origin": [-0.1243, 0.46397, -3.08897],
							"size": [0.2486, 0.10009, 0.92804],
							"pivot": [0, 0, -2.625],
							"rotation": [-27.25, 0, -112.5],
							"uv": {
								"down": {"uv": [3, 13], "uv_size": [1, -1]}
							}
						},
						{
							"origin": [-0.1243, 0.46397, -3.08897],
							"size": [0.2486, 0.10009, 0.92804],
							"pivot": [0, 0, -2.625],
							"rotation": [-27.25, 0, -135],
							"uv": {
								"down": {"uv": [12, 3], "uv_size": [1, -1]}
							}
						},
						{
							"origin": [-0.1243, 0.46397, -3.08897],
							"size": [0.2486, 0.10009, 0.92804],
							"pivot": [0, 0, -2.625],
							"rotation": [-27.25, 0, -157.5],
							"uv": {
								"down": {"uv": [2, 13], "uv_size": [1, -1]}
							}
						},
						{
							"origin": [-0.1243, 0.46397, -3.08897],
							"size": [0.2486, 0.10009, 0.92804],
							"pivot": [0, 0, -2.625],
							"rotation": [-27.25, 0, -180],
							"uv": {
								"down": {"uv": [12, 2], "uv_size": [1, -1]}
							}
						},
						{
							"origin": [-0.1243, 0.46397, -3.08897],
							"size": [0.2486, 0.10009, 0.92804],
							"pivot": [0, 0, -2.625],
							"rotation": [-27.25, 0, -22.5],
							"uv": {
								"down": {"uv": [5, 13], "uv_size": [1, -1]}
							}
						},
						{
							"origin": [-0.1243, 0.46397, -3.08897],
							"size": [0.2486, 0.10009, 0.92804],
							"pivot": [0, 0, -2.625],
							"rotation": [-27.25, 0, -45],
							"uv": {
								"down": {"uv": [12, 5], "uv_size": [1, -1]}
							}
						},
						{
							"origin": [-0.1243, 0.46397, -3.08897],
							"size": [0.2486, 0.10009, 0.92804],
							"pivot": [0, 0, -2.625],
							"rotation": [-27.25, 0, -67.5],
							"uv": {
								"down": {"uv": [4, 13], "uv_size": [1, -1]}
							}
						},
						{
							"origin": [-0.1243, 0.46397, -3.08897],
							"size": [0.2486, 0.10009, 0.92804],
							"pivot": [0, 0, -2.625],
							"rotation": [-27.25, 0, -90],
							"uv": {
								"down": {"uv": [12, 4], "uv_size": [1, -1]}
							}
						}
					]
				}
			]
		}
	]
}