{
	"format_version": "1.12.0",
	"minecraft:geometry": [
		{
			"description": {
				"identifier": "geometry.muzzle_salvo12",
				"texture_width": 32,
				"texture_height": 32,
				"visible_bounds_width": 3,
				"visible_bounds_height": 2.5,
				"visible_bounds_offset": [0, 0.75, 0]
			},
			"bones": [
				{
					"name": "SilencerCo_Salvo12_MaxLength",
					"pivot": [0, 0, -0.95],
					"cubes": [
						{
							"origin": [-1.35, -2.025, -14.6],
							"size": [2.7, 1.55, 14.25],
							"uv": {
								"north": {"uv": [10, 16], "uv_size": [3, 2]},
								"east": {"uv": [3, 0], "uv_size": [14, 2]},
								"south": {"uv": [13, 16], "uv_size": [3, 2]},
								"west": {"uv": [3, 2], "uv_size": [14, 2]},
								"up": {"uv": [0, 0], "uv_size": [3, 14]}
							}
						},
						{
							"origin": [-0.65, -2.725, -14.6],
							"size": [1.3, 0.7, 14.25],
							"uv": {
								"north": {"uv": [2, 14], "uv_size": [1, 1]},
								"south": {"uv": [2, 15], "uv_size": [1, 1]},
								"down": {"uv": [3, 18], "uv_size": [1, -14]}
							}
						},
						{
							"origin": [-0.475, 0.475, -14.6],
							"size": [0.95, 0.4, 14.25],
							"uv": {
								"north": {"uv": [2, 16], "uv_size": [1, 1]},
								"south": {"uv": [16, 16], "uv_size": [1, 1]},
								"up": {"uv": [4, 4], "uv_size": [1, 14]},
								"down": {"uv": [5, 18], "uv_size": [1, -14]}
							}
						},
						{
							"origin": [-0.42426, -2.6315, -14.6],
							"size": [0.98995, 0.7, 14.25],
							"pivot": [0.22574, -1.3815, -1.35],
							"rotation": [0, 0, -45],
							"uv": {
								"north": {"uv": [17, 0], "uv_size": [1, 1]},
								"south": {"uv": [17, 1], "uv_size": [1, 1]},
								"down": {"uv": [6, 18], "uv_size": [1, -14]}
							}
						},
						{
							"origin": [0.91369, -0.025, -14.6],
							"size": [0.2, 0.4159, 14.25],
							"pivot": [0, 0.625, -1.35],
							"rotation": [0, 0, 45],
							"uv": {
								"north": {"uv": [2, 17], "uv_size": [1, 1]},
								"east": {"uv": [7, 4], "uv_size": [14, 1]}
							}
						},
						{
							"origin": [0.475, -0.475, -14.6],
							"size": [0.875, 0.475, 14.25],
							"uv": {
								"north": {"uv": [17, 2], "uv_size": [1, 1]},
								"east": {"uv": [7, 5], "uv_size": [14, 1]},
								"south": {"uv": [17, 3], "uv_size": [1, 1]},
								"west": {"uv": [7, 6], "uv_size": [14, 1]}
							}
						},
						{
							"origin": [0.475, 0, -14.6],
							"size": [0.2, 0.2, 14.25],
							"uv": {
								"north": {"uv": [16, 17], "uv_size": [1, 1]},
								"east": {"uv": [7, 7], "uv_size": [14, 1]}
							}
						},
						{
							"origin": [1.05, 0, -14.6],
							"size": [0.3, 0.35, 14.25],
							"pivot": [1.35, 0, -0.35],
							"rotation": [0, 0, -30],
							"uv": {
								"north": {"uv": [17, 16], "uv_size": [1, 1]},
								"south": {"uv": [17, 17], "uv_size": [1, 1]},
								"west": {"uv": [7, 8], "uv_size": [14, 1]}
							}
						},
						{
							"origin": [0.65, 0.30311, -14.6],
							"size": [0.525, 0.35, 14.25],
							"pivot": [1.175, 0.30311, -0.35],
							"rotation": [0, 0, -60],
							"uv": {
								"north": {"uv": [18, 0], "uv_size": [1, 1]},
								"south": {"uv": [18, 1], "uv_size": [1, 1]},
								"west": {"uv": [7, 9], "uv_size": [14, 1]}
							}
						},
						{
							"origin": [0.19571, 0.22574, -14.6],
							"size": [0.7, 0.475, 14.25],
							"pivot": [0.54571, 0.45074, -1.35],
							"rotation": [0, 0, 45],
							"uv": {
								"north": {"uv": [2, 18], "uv_size": [1, 1]},
								"south": {"uv": [18, 2], "uv_size": [1, 1]},
								"up": {"uv": [7, 10], "uv_size": [1, 14]},
								"down": {"uv": [8, 24], "uv_size": [1, -14]}
							}
						},
						{
							"origin": [-0.56569, -2.6315, -14.6],
							"size": [0.98995, 0.7, 14.25],
							"pivot": [-0.22574, -1.3815, -1.35],
							"rotation": [0, 0, 45],
							"uv": {
								"north": {"uv": [3, 18], "uv_size": [1, 1]},
								"south": {"uv": [18, 3], "uv_size": [1, 1]},
								"down": {"uv": [9, 24], "uv_size": [1, -14]}
							}
						},
						{
							"origin": [-1.11369, -0.025, -14.6],
							"size": [0.2, 0.4159, 14.25],
							"pivot": [0, 0.625, -1.35],
							"rotation": [0, 0, -45],
							"uv": {
								"north": {"uv": [4, 18], "uv_size": [1, 1]},
								"west": {"uv": [10, 10], "uv_size": [14, 1]}
							}
						},
						{
							"origin": [-1.35, -0.475, -14.6],
							"size": [0.875, 0.475, 14.25],
							"uv": {
								"north": {"uv": [5, 18], "uv_size": [1, 1]},
								"east": {"uv": [10, 11], "uv_size": [14, 1]},
								"south": {"uv": [6, 18], "uv_size": [1, 1]},
								"west": {"uv": [10, 12], "uv_size": [14, 1]}
							}
						},
						{
							"origin": [-0.675, 0, -14.6],
							"size": [0.2, 0.2, 14.25],
							"uv": {
								"north": {"uv": [10, 18], "uv_size": [1, 1]},
								"west": {"uv": [10, 13], "uv_size": [14, 1]}
							}
						},
						{
							"origin": [-1.35, 0, -14.6],
							"size": [0.3, 0.35, 14.25],
							"pivot": [-1.35, 0, -0.35],
							"rotation": [0, 0, 30],
							"uv": {
								"north": {"uv": [11, 18], "uv_size": [1, 1]},
								"east": {"uv": [10, 14], "uv_size": [14, 1]},
								"south": {"uv": [12, 18], "uv_size": [1, 1]}
							}
						},
						{
							"origin": [-1.175, 0.30311, -14.6],
							"size": [0.525, 0.35, 14.25],
							"pivot": [-1.175, 0.30311, -0.35],
							"rotation": [0, 0, 60],
							"uv": {
								"north": {"uv": [13, 18], "uv_size": [1, 1]},
								"east": {"uv": [10, 15], "uv_size": [14, 1]},
								"south": {"uv": [14, 18], "uv_size": [1, 1]}
							}
						},
						{
							"origin": [-0.89571, 0.22574, -14.6],
							"size": [0.7, 0.475, 14.25],
							"pivot": [-0.54571, 0.45074, -1.35],
							"rotation": [0, 0, -45],
							"uv": {
								"north": {"uv": [15, 18], "uv_size": [1, 1]},
								"south": {"uv": [16, 18], "uv_size": [1, 1]},
								"up": {"uv": [0, 14], "uv_size": [1, 14]},
								"down": {"uv": [1, 28], "uv_size": [1, -14]}
							}
						},
						{
							"origin": [-0.85, -1.025, -14.7],
							"size": [0.4, 0.4, 0.1],
							"pivot": [-0.65, -0.825, -14.725],
							"rotation": [0, 0, -45],
							"uv": {
								"north": {"uv": [18, 16], "uv_size": [1, 1]},
								"east": {"uv": [17, 18], "uv_size": [1, 1]},
								"west": {"uv": [18, 17], "uv_size": [1, 1]},
								"up": {"uv": [18, 18], "uv_size": [1, 1]},
								"down": {"uv": [19, 1], "uv_size": [1, -1]}
							}
						},
						{
							"origin": [0.45, -1.025, -14.7],
							"size": [0.4, 0.4, 0.1],
							"pivot": [0.65, -0.825, -14.725],
							"rotation": [0, 0, 45],
							"uv": {
								"north": {"uv": [19, 1], "uv_size": [1, 1]},
								"east": {"uv": [2, 19], "uv_size": [1, 1]},
								"west": {"uv": [19, 2], "uv_size": [1, 1]},
								"up": {"uv": [3, 19], "uv_size": [1, 1]},
								"down": {"uv": [19, 4], "uv_size": [1, -1]}
							}
						}
					]
				},
				{
					"name": "adapt",
					"parent": "SilencerCo_Salvo12_MaxLength",
					"pivot": [0, 0, -0.1],
					"cubes": [
						{
							"origin": [-0.2796, -0.675, -0.35],
							"size": [0.5592, 1.35, 0.35],
							"uv": {
								"south": {"uv": [4, 19], "uv_size": [1, 1]},
								"up": {"uv": [5, 19], "uv_size": [1, 1]},
								"down": {"uv": [6, 20], "uv_size": [1, -1]}
							}
						},
						{
							"origin": [-0.2796, -0.675, -0.35],
							"size": [0.5592, 1.35, 0.35],
							"pivot": [0, 0, -0.175],
							"rotation": [0, 0, 45],
							"uv": {
								"south": {"uv": [10, 19], "uv_size": [1, 1]},
								"up": {"uv": [11, 19], "uv_size": [1, 1]},
								"down": {"uv": [12, 20], "uv_size": [1, -1]}
							}
						},
						{
							"origin": [-0.2796, -0.675, -0.35],
							"size": [0.5592, 1.35, 0.35],
							"pivot": [0, 0, -0.175],
							"rotation": [0, 0, 90],
							"uv": {
								"south": {"uv": [13, 19], "uv_size": [1, 1]},
								"up": {"uv": [14, 19], "uv_size": [1, 1]},
								"down": {"uv": [15, 20], "uv_size": [1, -1]}
							}
						},
						{
							"origin": [-0.2796, -0.675, -0.35],
							"size": [0.5592, 1.35, 0.35],
							"pivot": [0, 0, -0.175],
							"rotation": [0, 0, 135],
							"uv": {
								"south": {"uv": [16, 19], "uv_size": [1, 1]},
								"up": {"uv": [19, 16], "uv_size": [1, 1]},
								"down": {"uv": [17, 20], "uv_size": [1, -1]}
							}
						}
					]
				}
			]
		}
	]
}