{
	"format_version": "1.12.0",
	"minecraft:geometry": [
		{
			"description": {
				"identifier": "geometry.muzzle_hybrid46m",
				"texture_width": 32,
				"texture_height": 32,
				"visible_bounds_width": 3,
				"visible_bounds_height": 2.5,
				"visible_bounds_offset": [0, 0.75, 0]
			},
			"bones": [
				{
					"name": "SilencerCo_Omega300DTM",
					"pivot": [0, 0, 0.0875],
					"cubes": [
						{
							"origin": [-0.2411, -0.9, -0.6],
							"size": [0.4822, 1.8, 0.6],
							"pivot": [0, 0, -2.45],
							"rotation": [0, 0, 150],
							"uv": {
								"north": {"uv": [13, 8], "uv_size": [0.5, 1.75]},
								"south": {"uv": [10, 13], "uv_size": [0.5, 1.75]},
								"up": {"uv": [16, 4], "uv_size": [0.5, 0.5]},
								"down": {"uv": [16, 5.5], "uv_size": [0.5, -0.5]}
							}
						},
						{
							"origin": [-0.2411, -0.9, -0.6],
							"size": [0.4822, 1.8, 0.6],
							"pivot": [0, 0, -2.45],
							"rotation": [0, 0, 120],
							"uv": {
								"north": {"uv": [11, 13], "uv_size": [0.5, 1.75]},
								"south": {"uv": [13, 11], "uv_size": [0.5, 1.75]},
								"up": {"uv": [16, 6], "uv_size": [0.5, 0.5]},
								"down": {"uv": [16, 7.5], "uv_size": [0.5, -0.5]}
							}
						},
						{
							"origin": [-0.2411, -0.9, -0.6],
							"size": [0.4822, 1.8, 0.6],
							"pivot": [0, 0, -2.45],
							"rotation": [0, 0, 90],
							"uv": {
								"north": {"uv": [12, 13], "uv_size": [0.5, 1.75]},
								"south": {"uv": [13, 13], "uv_size": [0.5, 1.75]},
								"west": {"uv": [0, 14], "uv_size": [0.5, 1.75]},
								"up": {"uv": [8, 16], "uv_size": [0.5, 0.5]},
								"down": {"uv": [16, 8.5], "uv_size": [0.5, -0.5]}
							}
						},
						{
							"origin": [-0.2411, 0.3, -0.6],
							"size": [0.4822, 0.6, 0.6],
							"pivot": [0, 0, -2.45],
							"rotation": [0, 0, 60],
							"uv": {
								"north": {"uv": [9, 16], "uv_size": [0.5, 0.5]},
								"south": {"uv": [16, 9], "uv_size": [0.5, 0.5]},
								"up": {"uv": [16, 10], "uv_size": [0.5, 0.5]}
							}
						},
						{
							"origin": [-0.2411, 0.3, -0.6],
							"size": [0.4822, 0.6, 0.6],
							"pivot": [0, 0, -2.45],
							"rotation": [0, 0, 30],
							"uv": {
								"north": {"uv": [16, 11], "uv_size": [0.5, 0.5]},
								"south": {"uv": [16, 12], "uv_size": [0.5, 0.5]},
								"up": {"uv": [16, 13], "uv_size": [0.5, 0.5]}
							}
						},
						{
							"origin": [-0.2411, -0.9, -0.3],
							"size": [0.4822, 0.6, 0.3],
							"pivot": [0, 0, -2.45],
							"rotation": [0, 0, 60],
							"uv": {
								"north": {"uv": [14, 16], "uv_size": [0.5, 0.5]},
								"south": {"uv": [16, 14], "uv_size": [0.5, 0.5]},
								"down": {"uv": [3, 18.25], "uv_size": [0.5, -0.25]}
							}
						},
						{
							"origin": [-0.2411, -0.9, -0.3],
							"size": [0.4822, 0.6, 0.3],
							"pivot": [0, 0, -2.45],
							"rotation": [0, 0, 30],
							"uv": {
								"north": {"uv": [15, 16], "uv_size": [0.5, 0.5]},
								"south": {"uv": [16, 15], "uv_size": [0.5, 0.5]},
								"down": {"uv": [18, 3.25], "uv_size": [0.5, -0.25]}
							}
						},
						{
							"origin": [-0.2411, -0.9, -0.6],
							"size": [0.4822, 1.8, 0.6],
							"uv": {
								"north": {"uv": [14, 0], "uv_size": [0.5, 1.75]},
								"east": {"uv": [1, 14], "uv_size": [0.5, 1.75]},
								"south": {"uv": [2, 14], "uv_size": [0.5, 1.75]},
								"up": {"uv": [16, 16], "uv_size": [0.5, 0.5]},
								"down": {"uv": [17, 0.5], "uv_size": [0.5, -0.5]}
							}
						},
						{
							"origin": [-0.2144, -0.8, -1.1],
							"size": [0.4288, 1.6, 0.5],
							"uv": {
								"east": {"uv": [13, 15], "uv_size": [0.5, 1.5]},
								"west": {"uv": [15, 14], "uv_size": [0.5, 1.5]},
								"up": {"uv": [17, 1], "uv_size": [0.5, 0.5]},
								"down": {"uv": [17, 2.5], "uv_size": [0.5, -0.5]}
							}
						},
						{
							"origin": [-0.2144, -0.75, -1.1],
							"size": [0.4288, 1.5, 0.5],
							"pivot": [0, 0, -0.85],
							"rotation": [0, 0, 30],
							"uv": {
								"south": {"uv": [0, 16], "uv_size": [0.5, 1.5]},
								"up": {"uv": [17, 3], "uv_size": [0.5, 0.5]},
								"down": {"uv": [4, 17.5], "uv_size": [0.5, -0.5]}
							}
						},
						{
							"origin": [-0.1876, -0.7, -0.6],
							"size": [0.3752, 0.1, 0.3],
							"pivot": [0, 0, 0],
							"rotation": [0, 0, 30],
							"uv": {
								"down": {"uv": [4, 18.25], "uv_size": [0.5, -0.25]}
							}
						},
						{
							"origin": [-0.1876, -0.7, -0.6],
							"size": [0.3752, 0.1, 0.3],
							"pivot": [0, 0, 0],
							"rotation": [0, 0, 60],
							"uv": {
								"down": {"uv": [18, 4.25], "uv_size": [0.5, -0.25]}
							}
						},
						{
							"origin": [-0.1376, -0.9, -0.55],
							"size": [0.2, 0.2, 0.2],
							"pivot": [0, 0, 0],
							"rotation": [0, 0, 60],
							"uv": {
								"north": {"uv": [5, 18], "uv_size": [0.25, 0.25]},
								"east": {"uv": [18, 5], "uv_size": [0.25, 0.25]},
								"south": {"uv": [6, 18], "uv_size": [0.25, 0.25]},
								"west": {"uv": [18, 6], "uv_size": [0.25, 0.25]},
								"down": {"uv": [7, 18.25], "uv_size": [0.25, -0.25]}
							}
						},
						{
							"origin": [-0.2144, -0.8, -1.1],
							"size": [0.4288, 1.6, 0.5],
							"pivot": [0, 0, -0.85],
							"rotation": [0, 0, 60],
							"uv": {
								"east": {"uv": [16, 0], "uv_size": [0.5, 1.5]},
								"south": {"uv": [1, 16], "uv_size": [0.5, 1.5]},
								"west": {"uv": [2, 16], "uv_size": [0.5, 1.5]},
								"up": {"uv": [17, 4], "uv_size": [0.5, 0.5]},
								"down": {"uv": [5, 17.5], "uv_size": [0.5, -0.5]}
							}
						},
						{
							"origin": [-0.2144, -0.75, -1.1],
							"size": [0.4288, 1.5, 0.5],
							"pivot": [0, 0, -0.85],
							"rotation": [0, 0, 90],
							"uv": {
								"up": {"uv": [17, 5], "uv_size": [0.5, 0.5]},
								"down": {"uv": [6, 17.5], "uv_size": [0.5, -0.5]}
							}
						},
						{
							"origin": [-0.2144, -0.8, -1.1],
							"size": [0.4288, 1.6, 0.5],
							"pivot": [0, 0, -0.85],
							"rotation": [0, 0, 120],
							"uv": {
								"east": {"uv": [16, 2], "uv_size": [0.5, 1.5]},
								"west": {"uv": [3, 16], "uv_size": [0.5, 1.5]},
								"up": {"uv": [17, 6], "uv_size": [0.5, 0.5]},
								"down": {"uv": [7, 17.5], "uv_size": [0.5, -0.5]}
							}
						},
						{
							"origin": [-0.2144, -0.75, -1.1],
							"size": [0.4288, 1.5, 0.5],
							"pivot": [0, 0, -0.85],
							"rotation": [0, 0, 150],
							"uv": {
								"up": {"uv": [17, 7], "uv_size": [0.5, 0.5]},
								"down": {"uv": [8, 17.5], "uv_size": [0.5, -0.5]}
							}
						},
						{
							"origin": [-0.2411, -0.9, -6.1],
							"size": [0.4822, 1.8, 3],
							"pivot": [0, 0, -5.55],
							"rotation": [0, 0, 150],
							"uv": {
								"north": {"uv": [14, 2], "uv_size": [0.5, 1.75]},
								"south": {"uv": [3, 14], "uv_size": [0.5, 1.75]},
								"up": {"uv": [4, 7], "uv_size": [0.5, 3]},
								"down": {"uv": [5, 10], "uv_size": [0.5, -3]}
							}
						},
						{
							"origin": [-0.2411, -0.9, -6.1],
							"size": [0.4822, 1.8, 3],
							"pivot": [0, 0, -5.55],
							"rotation": [0, 0, 120],
							"uv": {
								"north": {"uv": [14, 4], "uv_size": [0.5, 1.75]},
								"south": {"uv": [14, 6], "uv_size": [0.5, 1.75]},
								"up": {"uv": [6, 7], "uv_size": [0.5, 3]},
								"down": {"uv": [7, 10], "uv_size": [0.5, -3]}
							}
						},
						{
							"origin": [-0.2411, -0.9, -6.1],
							"size": [0.4822, 1.8, 3],
							"pivot": [0, 0, -5.55],
							"rotation": [0, 0, 90],
							"uv": {
								"north": {"uv": [8, 14], "uv_size": [0.5, 1.75]},
								"south": {"uv": [14, 8], "uv_size": [0.5, 1.75]},
								"up": {"uv": [8, 0], "uv_size": [0.5, 3]},
								"down": {"uv": [8, 6], "uv_size": [0.5, -3]}
							}
						},
						{
							"origin": [-0.2411, -0.9, -6.1],
							"size": [0.4822, 1.8, 3],
							"pivot": [0, 0, -5.55],
							"rotation": [0, 0, 60],
							"uv": {
								"north": {"uv": [9, 14], "uv_size": [0.5, 1.75]},
								"south": {"uv": [14, 10], "uv_size": [0.5, 1.75]},
								"up": {"uv": [8, 6], "uv_size": [0.5, 3]},
								"down": {"uv": [9, 3], "uv_size": [0.5, -3]}
							}
						},
						{
							"origin": [-0.2411, -0.9, -6.1],
							"size": [0.4822, 1.8, 3],
							"pivot": [0, 0, -5.55],
							"rotation": [0, 0, 30],
							"uv": {
								"north": {"uv": [14, 12], "uv_size": [0.5, 1.75]},
								"south": {"uv": [14, 14], "uv_size": [0.5, 1.75]},
								"up": {"uv": [9, 3], "uv_size": [0.5, 3]},
								"down": {"uv": [9, 9], "uv_size": [0.5, -3]}
							}
						},
						{
							"origin": [-0.2411, -0.9, -6.1],
							"size": [0.4822, 1.8, 3],
							"uv": {
								"north": {"uv": [15, 0], "uv_size": [0.5, 1.75]},
								"south": {"uv": [15, 2], "uv_size": [0.5, 1.75]},
								"up": {"uv": [8, 9], "uv_size": [0.5, 3]},
								"down": {"uv": [9, 12], "uv_size": [0.5, -3]}
							}
						},
						{
							"origin": [-0.2278, -0.85, -7.4],
							"size": [0.4556, 1.7, 6.3],
							"pivot": [0, 0, -7.1],
							"rotation": [0, 0, 165],
							"uv": {
								"north": {"uv": [4, 15], "uv_size": [0.5, 1.75]},
								"south": {"uv": [15, 4], "uv_size": [0.5, 1.75]},
								"up": {"uv": [0, 0], "uv_size": [0.5, 6.25]},
								"down": {"uv": [1, 6.25], "uv_size": [0.5, -6.25]}
							}
						},
						{
							"origin": [-0.2278, -0.85, -7.4],
							"size": [0.4556, 1.7, 6.3],
							"pivot": [0, 0, -7.1],
							"rotation": [0, 0, 135],
							"uv": {
								"north": {"uv": [5, 15], "uv_size": [0.5, 1.75]},
								"south": {"uv": [6, 15], "uv_size": [0.5, 1.75]},
								"up": {"uv": [2, 0], "uv_size": [0.5, 6.25]},
								"down": {"uv": [3, 6.25], "uv_size": [0.5, -6.25]}
							}
						},
						{
							"origin": [-0.2278, -0.85, -7.4],
							"size": [0.4556, 1.7, 6.3],
							"pivot": [0, 0, -7.1],
							"rotation": [0, 0, 105],
							"uv": {
								"north": {"uv": [15, 6], "uv_size": [0.5, 1.75]},
								"south": {"uv": [7, 15], "uv_size": [0.5, 1.75]},
								"up": {"uv": [4, 0], "uv_size": [0.5, 6.25]},
								"down": {"uv": [5, 6.25], "uv_size": [0.5, -6.25]}
							}
						},
						{
							"origin": [-0.2278, -0.85, -7.4],
							"size": [0.4556, 1.7, 6.3],
							"pivot": [0, 0, -7.1],
							"rotation": [0, 0, 75],
							"uv": {
								"north": {"uv": [15, 8], "uv_size": [0.5, 1.75]},
								"south": {"uv": [10, 15], "uv_size": [0.5, 1.75]},
								"up": {"uv": [6, 0], "uv_size": [0.5, 6.25]},
								"down": {"uv": [0, 13.25], "uv_size": [0.5, -6.25]}
							}
						},
						{
							"origin": [-0.2278, -0.85, -7.4],
							"size": [0.4556, 1.7, 6.3],
							"pivot": [0, 0, -7.1],
							"rotation": [0, 0, 45],
							"uv": {
								"north": {"uv": [15, 10], "uv_size": [0.5, 1.75]},
								"south": {"uv": [11, 15], "uv_size": [0.5, 1.75]},
								"up": {"uv": [7, 0], "uv_size": [0.5, 6.25]},
								"down": {"uv": [1, 13.25], "uv_size": [0.5, -6.25]}
							}
						},
						{
							"origin": [-0.2278, -0.85, -7.4],
							"size": [0.4556, 1.7, 6.3],
							"pivot": [0, 0, -10.25],
							"rotation": [0, 0, 15],
							"uv": {
								"north": {"uv": [12, 15], "uv_size": [0.5, 1.75]},
								"south": {"uv": [15, 12], "uv_size": [0.5, 1.75]},
								"up": {"uv": [2, 7], "uv_size": [0.5, 6.25]},
								"down": {"uv": [3, 13.25], "uv_size": [0.5, -6.25]}
							}
						},
						{
							"origin": [-0.2278, 0.35, -9.3],
							"size": [0.4556, 0.5, 1.9],
							"pivot": [0, 0, -8.3],
							"rotation": [0, 0, 150],
							"uv": {
								"north": {"uv": [17, 8], "uv_size": [0.5, 0.5]},
								"south": {"uv": [9, 17], "uv_size": [0.5, 0.5]},
								"up": {"uv": [10, 0], "uv_size": [0.5, 2]},
								"down": {"uv": [10, 4], "uv_size": [0.5, -2]}
							}
						},
						{
							"origin": [-0.2278, 0.3, -9.4],
							"size": [0.4556, 0.55, 2],
							"pivot": [0, 0, -8.3],
							"rotation": [0, 0, 120],
							"uv": {
								"north": {"uv": [17, 9], "uv_size": [0.5, 0.5]},
								"east": {"uv": [4, 10], "uv_size": [2, 0.5]},
								"south": {"uv": [10, 17], "uv_size": [0.5, 0.5]},
								"west": {"uv": [10, 4], "uv_size": [2, 0.5]},
								"up": {"uv": [10, 5], "uv_size": [0.5, 2]},
								"down": {"uv": [6, 12], "uv_size": [0.5, -2]}
							}
						},
						{
							"origin": [-0.2278, 0.35, -9.3],
							"size": [0.4556, 0.5, 1.9],
							"pivot": [0, 0, -8.3],
							"rotation": [0, 0, 90],
							"uv": {
								"north": {"uv": [17, 10], "uv_size": [0.5, 0.5]},
								"south": {"uv": [11, 17], "uv_size": [0.5, 0.5]},
								"up": {"uv": [7, 10], "uv_size": [0.5, 2]},
								"down": {"uv": [10, 9], "uv_size": [0.5, -2]}
							}
						},
						{
							"origin": [-0.2278, 0.3, -9.4],
							"size": [0.4556, 0.55, 2],
							"pivot": [0, 0, -8.3],
							"rotation": [0, 0, 60],
							"uv": {
								"north": {"uv": [17, 11], "uv_size": [0.5, 0.5]},
								"east": {"uv": [10, 9], "uv_size": [2, 0.5]},
								"south": {"uv": [12, 17], "uv_size": [0.5, 0.5]},
								"west": {"uv": [10, 10], "uv_size": [2, 0.5]},
								"up": {"uv": [11, 0], "uv_size": [0.5, 2]},
								"down": {"uv": [11, 4], "uv_size": [0.5, -2]}
							}
						},
						{
							"origin": [-0.2278, 0.35, -9.3],
							"size": [0.4556, 0.5, 1.9],
							"pivot": [0, 0, -8.3],
							"rotation": [0, 0, 30],
							"uv": {
								"north": {"uv": [17, 12], "uv_size": [0.5, 0.5]},
								"south": {"uv": [13, 17], "uv_size": [0.5, 0.5]},
								"up": {"uv": [4, 11], "uv_size": [0.5, 2]},
								"down": {"uv": [5, 13], "uv_size": [0.5, -2]}
							}
						},
						{
							"origin": [-0.2278, 0.35, -9.3],
							"size": [0.4556, 0.5, 1.9],
							"pivot": [0, 0, -8.3],
							"rotation": [0, 0, -90],
							"uv": {
								"north": {"uv": [2, 18], "uv_size": [0.5, 0.5]},
								"south": {"uv": [18, 2], "uv_size": [0.5, 0.5]},
								"up": {"uv": [6, 13], "uv_size": [0.5, 2]},
								"down": {"uv": [7, 15], "uv_size": [0.5, -2]}
							}
						},
						{
							"origin": [-0.2278, 0.35, -9.3],
							"size": [0.4556, 0.5, 1.9],
							"pivot": [0, 0, -8.3],
							"rotation": [0, 0, -30],
							"uv": {
								"north": {"uv": [1, 18], "uv_size": [0.5, 0.5]},
								"south": {"uv": [18, 1], "uv_size": [0.5, 0.5]},
								"up": {"uv": [5, 13], "uv_size": [0.5, 2]},
								"down": {"uv": [13, 7], "uv_size": [0.5, -2]}
							}
						},
						{
							"origin": [-0.2278, 0.35, -9.3],
							"size": [0.4556, 0.5, 1.9],
							"pivot": [0, 0, -8.3],
							"rotation": [0, 0, -150],
							"uv": {
								"north": {"uv": [0, 18], "uv_size": [0.5, 0.5]},
								"south": {"uv": [18, 0], "uv_size": [0.5, 0.5]},
								"up": {"uv": [13, 3], "uv_size": [0.5, 2]},
								"down": {"uv": [4, 15], "uv_size": [0.5, -2]}
							}
						},
						{
							"origin": [-0.2278, 0.3, -9.4],
							"size": [0.4556, 0.55, 2],
							"uv": {
								"north": {"uv": [17, 13], "uv_size": [0.5, 0.5]},
								"east": {"uv": [11, 5], "uv_size": [2, 0.5]},
								"south": {"uv": [14, 17], "uv_size": [0.5, 0.5]},
								"west": {"uv": [11, 6], "uv_size": [2, 0.5]},
								"up": {"uv": [11, 7], "uv_size": [0.5, 2]},
								"down": {"uv": [10, 13], "uv_size": [0.5, -2]}
							}
						},
						{
							"origin": [-0.2278, 0.3, -9.4],
							"size": [0.4556, 0.55, 2],
							"pivot": [0, 0, -8.3],
							"rotation": [0, 0, -60],
							"uv": {
								"north": {"uv": [17, 16], "uv_size": [0.5, 0.5]},
								"east": {"uv": [12, 10], "uv_size": [2, 0.5]},
								"south": {"uv": [17, 17], "uv_size": [0.5, 0.5]},
								"west": {"uv": [11, 12], "uv_size": [2, 0.5]},
								"up": {"uv": [9, 12], "uv_size": [0.5, 2]},
								"down": {"uv": [13, 3], "uv_size": [0.5, -2]}
							}
						},
						{
							"origin": [-0.2278, 0.3, -9.4],
							"size": [0.4556, 0.55, 2],
							"pivot": [0, 0, -8.3],
							"rotation": [0, 0, -120],
							"uv": {
								"north": {"uv": [17, 15], "uv_size": [0.5, 0.5]},
								"east": {"uv": [6, 12], "uv_size": [2, 0.5]},
								"south": {"uv": [16, 17], "uv_size": [0.5, 0.5]},
								"west": {"uv": [12, 7], "uv_size": [2, 0.5]},
								"up": {"uv": [8, 12], "uv_size": [0.5, 2]},
								"down": {"uv": [12, 10], "uv_size": [0.5, -2]}
							}
						},
						{
							"origin": [-0.2278, 0.3, -9.4],
							"size": [0.4556, 0.55, 2],
							"pivot": [0, 0, 0],
							"rotation": [0, 0, -180],
							"uv": {
								"north": {"uv": [17, 14], "uv_size": [0.5, 0.5]},
								"east": {"uv": [11, 11], "uv_size": [2, 0.5]},
								"south": {"uv": [15, 17], "uv_size": [0.5, 0.5]},
								"west": {"uv": [12, 0], "uv_size": [2, 0.5]},
								"up": {"uv": [12, 1], "uv_size": [0.5, 2]},
								"down": {"uv": [12, 5], "uv_size": [0.5, -2]}
							}
						}
					]
				}
			]
		}
	]
}