{
	"format_version": "1.12.0",
	"minecraft:geometry": [
		{
			"description": {
				"identifier": "geometry.shield_vantvm",
				"texture_width": 128,
				"texture_height": 128,
				"visible_bounds_width": 128,
				"visible_bounds_height": 10,
				"visible_bounds_offset": [0, 2, 0]
			},
			"bones": [
				{
					"name": "FORT_VantVM",
					"pivot": [0, 0, 0]
				},
				{
					"name": "proof",
					"parent": "FORT_VantVM",
					"pivot": [0, -1, -4],
					"cubes": [
						{
							"origin": [9.92548, -2.62279, -5],
							"size": [2, 1.189, 1],
							"uv": {
								"north": {"uv": [42, 64], "uv_size": [2, 1]},
								"west": {"uv": [70, 47], "uv_size": [1, 1]}
							}
						},
						{
							"origin": [9.02656, -5.56356, -5],
							"size": [2, 17, 2],
							"pivot": [0, -1, -4],
							"rotation": [0, 0, -20.4],
							"uv": {
								"north": {"uv": [52, 38], "uv_size": [2, 17]},
								"south": {"uv": [20, 54], "uv_size": [2, 17]},
								"west": {"uv": [22, 54], "uv_size": [2, 17]}
							}
						},
						{
							"origin": [-8, -21, -5],
							"size": [16, 9.5, 0.75],
							"uv": {
								"north": {"uv": [20, 44], "uv_size": [16, 9.5]}
							}
						},
						{
							"origin": [10.00228, -28.60789, -5],
							"size": [2, 28.5, 0.75],
							"pivot": [0, -1, -4],
							"rotation": [0, 0, 12],
							"uv": {
								"north": {"uv": [48, 17], "uv_size": [2, 28.5]},
								"west": {"uv": [54, 42], "uv_size": [1, 28.5]}
							}
						},
						{
							"origin": [-11.92548, -2.62279, -5],
							"size": [2, 1.189, 1],
							"uv": {
								"north": {"uv": [39, 69], "uv_size": [2, 1]},
								"east": {"uv": [71, 49], "uv_size": [1, 1]}
							}
						},
						{
							"origin": [-11.02656, -5.56356, -5],
							"size": [2, 17, 2],
							"pivot": [0, -1, -4],
							"rotation": [0, 0, 20.4],
							"uv": {
								"north": {"uv": [24, 54], "uv_size": [2, 17]},
								"east": {"uv": [26, 54], "uv_size": [2, 17]},
								"south": {"uv": [28, 54], "uv_size": [2, 17]}
							}
						},
						{
							"origin": [-9.9255, -11.5, -5],
							"size": [19.851, 15, 0.75],
							"uv": {
								"north": {"uv": [0, 44], "uv_size": [20, 15]}
							}
						},
						{
							"origin": [-9.9255, -1.43379, -4],
							"size": [19.851, 5, 1.001],
							"uv": {
								"south": {"uv": [48, 0], "uv_size": [20, 5]}
							}
						},
						{
							"origin": [-12.00228, -28.60789, -5],
							"size": [2, 28.5, 0.75],
							"pivot": [0, -1, -4],
							"rotation": [0, 0, -12],
							"uv": {
								"north": {"uv": [48, 46], "uv_size": [2, 28.5]},
								"east": {"uv": [46, 54], "uv_size": [1, 28.5]}
							}
						},
						{
							"origin": [-11.92548, -30.93379, -4.25],
							"size": [23.85096, 29.5, 1.251],
							"uv": {
								"north": {"uv": [0, 0], "uv_size": [24, 29.5]},
								"east": {"uv": [50, 21], "uv_size": [1.5, 29.5]},
								"south": {"uv": [24, 0], "uv_size": [24, 29.5]},
								"west": {"uv": [50, 51], "uv_size": [1.5, 29.5]},
								"down": {"uv": [52, 30.5], "uv_size": [24, -1.5]}
							}
						},
						{
							"origin": [-6, -30.5, -5],
							"size": [12, 9.5, 0.75],
							"uv": {
								"north": {"uv": [36, 44], "uv_size": [12, 9.5]},
								"down": {"uv": [6, 65], "uv_size": [12, -1]}
							}
						},
						{
							"origin": [-6, 9, -5],
							"size": [12, 5.5, 2],
							"uv": {
								"north": {"uv": [48, 5], "uv_size": [12, 5.5]},
								"south": {"uv": [48, 11], "uv_size": [12, 5.5]},
								"up": {"uv": [55, 54], "uv_size": [12, 2]}
							}
						}
					]
				},
				{
					"name": "fastener",
					"parent": "FORT_VantVM",
					"pivot": [0, -1, -4],
					"cubes": [
						{
							"origin": [12.01579, 4.72254, -5.25],
							"size": [1, 1, 2.5],
							"pivot": [0, -1, -4],
							"rotation": [0, 0, -45],
							"uv": {
								"north": {"uv": [71, 65], "uv_size": [1, 1]},
								"east": {"uv": [68, 4], "uv_size": [2.5, 1]},
								"south": {"uv": [1, 72], "uv_size": [1, 1]},
								"west": {"uv": [68, 18], "uv_size": [2.5, 1]},
								"up": {"uv": [9, 68], "uv_size": [1, 2.5]},
								"down": {"uv": [18, 70.5], "uv_size": [1, -2.5]}
							}
						},
						{
							"origin": [7.84386, 3.30833, -5.25],
							"size": [1, 1, 2.75],
							"pivot": [0, -1, -4],
							"rotation": [0, 0, 45],
							"uv": {
								"north": {"uv": [2, 72], "uv_size": [1, 1]},
								"east": {"uv": [30, 67], "uv_size": [3, 1]},
								"south": {"uv": [3, 72], "uv_size": [1, 1]},
								"west": {"uv": [33, 67], "uv_size": [3, 1]},
								"up": {"uv": [47, 66], "uv_size": [1, 3]},
								"down": {"uv": [16, 70], "uv_size": [1, -3]}
							}
						},
						{
							"origin": [-13.01579, 4.72254, -5.25],
							"size": [1, 1, 2.5],
							"pivot": [0, -1, -4],
							"rotation": [0, 0, 45],
							"uv": {
								"north": {"uv": [72, 3], "uv_size": [1, 1]},
								"east": {"uv": [68, 19], "uv_size": [2.5, 1]},
								"south": {"uv": [4, 72], "uv_size": [1, 1]},
								"west": {"uv": [30, 68], "uv_size": [2.5, 1]},
								"up": {"uv": [19, 68], "uv_size": [1, 2.5]},
								"down": {"uv": [33, 70.5], "uv_size": [1, -2.5]}
							}
						},
						{
							"origin": [2.56084, -3.74663, -3],
							"size": [1, 1, 0.5],
							"pivot": [0, -1, -4],
							"rotation": [0, 0, -45],
							"uv": {
								"east": {"uv": [3, 73], "uv_size": [0.5, 1]},
								"south": {"uv": [5, 72], "uv_size": [1, 1]},
								"west": {"uv": [4, 73], "uv_size": [0.5, 1]},
								"up": {"uv": [73, 4], "uv_size": [1, 0.5]},
								"down": {"uv": [5, 73.5], "uv_size": [1, -0.5]}
							}
						},
						{
							"origin": [4.16084, -4.74663, -6],
							"size": [1, 1, 1],
							"pivot": [0, -1, 0],
							"rotation": [0, 0, -45],
							"uv": {
								"north": {"uv": [6, 72], "uv_size": [1, 1]},
								"east": {"uv": [72, 6], "uv_size": [1, 1]},
								"west": {"uv": [7, 72], "uv_size": [1, 1]},
								"up": {"uv": [72, 7], "uv_size": [1, 1]},
								"down": {"uv": [8, 73], "uv_size": [1, -1]}
							}
						},
						{
							"origin": [-5.16084, -4.74663, -6],
							"size": [1, 1, 1],
							"pivot": [0, -1, 0],
							"rotation": [0, 0, 45],
							"uv": {
								"north": {"uv": [72, 9], "uv_size": [1, 1]},
								"east": {"uv": [10, 72], "uv_size": [1, 1]},
								"west": {"uv": [11, 72], "uv_size": [1, 1]},
								"up": {"uv": [12, 72], "uv_size": [1, 1]},
								"down": {"uv": [13, 73], "uv_size": [1, -1]}
							}
						},
						{
							"origin": [-3.56084, -3.74663, -3],
							"size": [1, 1, 0.5],
							"pivot": [0, -1, -4],
							"rotation": [0, 0, 45],
							"uv": {
								"east": {"uv": [6, 73], "uv_size": [0.5, 1]},
								"south": {"uv": [14, 72], "uv_size": [1, 1]},
								"west": {"uv": [73, 6], "uv_size": [0.5, 1]},
								"up": {"uv": [7, 73], "uv_size": [1, 0.5]},
								"down": {"uv": [73, 7.5], "uv_size": [1, -0.5]}
							}
						},
						{
							"origin": [-8.84386, 3.30833, -5.25],
							"size": [1, 1, 2.75],
							"pivot": [0, -1, -4],
							"rotation": [0, 0, -45],
							"uv": {
								"north": {"uv": [72, 14], "uv_size": [1, 1]},
								"east": {"uv": [67, 42], "uv_size": [3, 1]},
								"south": {"uv": [15, 72], "uv_size": [1, 1]},
								"west": {"uv": [67, 43], "uv_size": [3, 1]},
								"up": {"uv": [17, 67], "uv_size": [1, 3]},
								"down": {"uv": [36, 70], "uv_size": [1, -3]}
							}
						},
						{
							"origin": [-19.23833, -20.23833, -5.25],
							"size": [1, 1, 2.75],
							"pivot": [0, -1, -4],
							"rotation": [0, 0, -45],
							"uv": {
								"north": {"uv": [72, 15], "uv_size": [1, 1]},
								"east": {"uv": [67, 44], "uv_size": [3, 1]},
								"south": {"uv": [16, 72], "uv_size": [1, 1]},
								"west": {"uv": [67, 45], "uv_size": [3, 1]},
								"up": {"uv": [37, 67], "uv_size": [1, 3]},
								"down": {"uv": [55, 70], "uv_size": [1, -3]}
							}
						},
						{
							"origin": [-17.82412, -18.82412, -2.75],
							"size": [1, 1, 0.25],
							"pivot": [0, -1, -4],
							"rotation": [0, 0, -45],
							"uv": {
								"east": {"uv": [8, 73], "uv_size": [0.5, 1]},
								"south": {"uv": [17, 72], "uv_size": [1, 1]},
								"west": {"uv": [9, 73], "uv_size": [0.5, 1]},
								"up": {"uv": [73, 9], "uv_size": [1, 0.5]},
								"down": {"uv": [10, 73.5], "uv_size": [1, -0.5]}
							}
						},
						{
							"origin": [-0.75, -28.25, -3],
							"size": [1.5, 4, 0.25],
							"uv": {
								"east": {"uv": [41, 69], "uv_size": [0.5, 4]},
								"south": {"uv": [42, 58], "uv_size": [1.5, 4]},
								"west": {"uv": [42, 69], "uv_size": [0.5, 4]},
								"down": {"uv": [72, 49.5], "uv_size": [1.5, -0.5]}
							}
						},
						{
							"origin": [-1, -24.25, -3],
							"size": [2, 2, 1],
							"uv": {
								"east": {"uv": [43, 69], "uv_size": [1, 2]},
								"south": {"uv": [42, 62], "uv_size": [2, 2]},
								"west": {"uv": [69, 46], "uv_size": [1, 2]},
								"up": {"uv": [69, 48], "uv_size": [2, 1]},
								"down": {"uv": [69, 50], "uv_size": [2, -1]}
							}
						},
						{
							"origin": [16.11701, -24.48097, -5.25],
							"size": [1, 1, 2.5],
							"pivot": [0, -1, -4],
							"rotation": [0, 0, 45],
							"uv": {
								"north": {"uv": [72, 18], "uv_size": [1, 1]},
								"east": {"uv": [68, 35], "uv_size": [2.5, 1]},
								"south": {"uv": [72, 19], "uv_size": [1, 1]},
								"west": {"uv": [68, 36], "uv_size": [2.5, 1]},
								"up": {"uv": [34, 68], "uv_size": [1, 2.5]},
								"down": {"uv": [35, 70.5], "uv_size": [1, -2.5]}
							}
						},
						{
							"origin": [-17.11701, -24.48097, -5.25],
							"size": [1, 1, 2.5],
							"pivot": [0, -1, -4],
							"rotation": [0, 0, -45],
							"uv": {
								"north": {"uv": [72, 20], "uv_size": [1, 1]},
								"east": {"uv": [38, 68], "uv_size": [2.5, 1]},
								"south": {"uv": [72, 21], "uv_size": [1, 1]},
								"west": {"uv": [41, 68], "uv_size": [2.5, 1]},
								"up": {"uv": [68, 46], "uv_size": [1, 2.5]},
								"down": {"uv": [68, 51.5], "uv_size": [1, -2.5]}
							}
						},
						{
							"origin": [-1.06569, 7.90452, -5.5],
							"size": [0.75, 0.75, 3],
							"pivot": [0, -1, -4],
							"rotation": [0, 0, -45],
							"uv": {
								"north": {"uv": [72, 22], "uv_size": [1, 1]},
								"east": {"uv": [67, 54], "uv_size": [3, 1]},
								"south": {"uv": [72, 23], "uv_size": [1, 1]},
								"west": {"uv": [67, 55], "uv_size": [3, 1]},
								"up": {"uv": [56, 67], "uv_size": [1, 3]},
								"down": {"uv": [57, 70], "uv_size": [1, -3]}
							}
						},
						{
							"origin": [0.31569, 7.90452, -5.5],
							"size": [0.75, 0.75, 3],
							"pivot": [0, -1, -4],
							"rotation": [0, 0, 45],
							"uv": {
								"north": {"uv": [72, 24], "uv_size": [1, 1]},
								"east": {"uv": [58, 67], "uv_size": [3, 1]},
								"south": {"uv": [72, 25], "uv_size": [1, 1]},
								"west": {"uv": [67, 66], "uv_size": [3, 1]},
								"up": {"uv": [67, 67], "uv_size": [1, 3]},
								"down": {"uv": [0, 71], "uv_size": [1, -3]}
							}
						},
						{
							"origin": [0.63389, 10.13693, -5.25],
							"size": [1.41421, 0.70711, 2.5],
							"pivot": [-0.25, -1, -4],
							"rotation": [0, 0, -45],
							"uv": {
								"north": {"uv": [72, 65], "uv_size": [1.5, 0.5]},
								"south": {"uv": [72, 66], "uv_size": [1.5, 0.5]},
								"up": {"uv": [12, 67], "uv_size": [1.5, 2.5]}
							}
						},
						{
							"origin": [-2.0481, 10.13693, -5.25],
							"size": [1.41421, 0.70711, 2.5],
							"pivot": [0.25, -1, -4],
							"rotation": [0, 0, 45],
							"uv": {
								"north": {"uv": [67, 72], "uv_size": [1.5, 0.5]},
								"south": {"uv": [72, 68], "uv_size": [1.5, 0.5]},
								"up": {"uv": [14, 67], "uv_size": [1.5, 2.5]}
							}
						},
						{
							"origin": [-5.5, 7, -6.25],
							"size": [11, 1, 3.5],
							"uv": {
								"north": {"uv": [64, 12], "uv_size": [11, 1]},
								"south": {"uv": [64, 13], "uv_size": [11, 1]},
								"up": {"uv": [52, 21], "uv_size": [11, 3.5]},
								"down": {"uv": [52, 28.5], "uv_size": [11, -3.5]}
							}
						},
						{
							"origin": [-7, 8, -5.25],
							"size": [14, 1, 2.5],
							"uv": {
								"north": {"uv": [6, 59], "uv_size": [14, 1]},
								"south": {"uv": [60, 5], "uv_size": [14, 1]},
								"up": {"uv": [52, 35], "uv_size": [14, 2.5]}
							}
						},
						{
							"origin": [-5.5, 1.75, -5.25],
							"size": [11, 2.25, 2.5],
							"uv": {
								"north": {"uv": [55, 42], "uv_size": [11, 2.5]},
								"south": {"uv": [55, 45], "uv_size": [11, 2.5]},
								"up": {"uv": [55, 48], "uv_size": [11, 2.5]},
								"down": {"uv": [55, 53.5], "uv_size": [11, -2.5]}
							}
						},
						{
							"origin": [-8, 1.75, -5.25],
							"size": [2.5, 6.25, 2.5],
							"uv": {
								"north": {"uv": [30, 58], "uv_size": [2.5, 6.5]},
								"east": {"uv": [33, 58], "uv_size": [2.5, 6.5]},
								"south": {"uv": [36, 58], "uv_size": [2.5, 6.5]},
								"west": {"uv": [39, 58], "uv_size": [2.5, 6.5]},
								"down": {"uv": [38, 67.5], "uv_size": [2.5, -2.5]}
							}
						},
						{
							"origin": [5.5, 1.75, -5.25],
							"size": [2.5, 6.25, 2.5],
							"uv": {
								"north": {"uv": [55, 58], "uv_size": [2.5, 6.5]},
								"east": {"uv": [58, 58], "uv_size": [2.5, 6.5]},
								"south": {"uv": [0, 59], "uv_size": [2.5, 6.5]},
								"west": {"uv": [3, 59], "uv_size": [2.5, 6.5]},
								"down": {"uv": [41, 67.5], "uv_size": [2.5, -2.5]}
							}
						},
						{
							"origin": [5.5, 4, -6.25],
							"size": [1, 4, 1],
							"uv": {
								"north": {"uv": [47, 54], "uv_size": [1, 4]},
								"east": {"uv": [47, 58], "uv_size": [1, 4]},
								"west": {"uv": [47, 62], "uv_size": [1, 4]},
								"up": {"uv": [72, 26], "uv_size": [1, 1]}
							}
						},
						{
							"origin": [-6.5, 4, -6.25],
							"size": [1, 4, 1],
							"uv": {
								"north": {"uv": [18, 64], "uv_size": [1, 4]},
								"east": {"uv": [19, 64], "uv_size": [1, 4]},
								"west": {"uv": [66, 42], "uv_size": [1, 4]},
								"up": {"uv": [72, 27], "uv_size": [1, 1]}
							}
						},
						{
							"origin": [-6.5, 3, -6.25],
							"size": [13, 1, 1],
							"uv": {
								"north": {"uv": [61, 59], "uv_size": [13, 1]},
								"east": {"uv": [30, 72], "uv_size": [1, 1]},
								"west": {"uv": [31, 72], "uv_size": [1, 1]},
								"up": {"uv": [61, 60], "uv_size": [13, 1]},
								"down": {"uv": [61, 62], "uv_size": [13, -1]}
							}
						},
						{
							"origin": [-3.52132, -1.00897, -1],
							"size": [7.04263, 2, 2],
							"uv": {
								"north": {"uv": [6, 60], "uv_size": [7, 2]},
								"south": {"uv": [60, 6], "uv_size": [7, 2]},
								"up": {"uv": [60, 8], "uv_size": [7, 2]},
								"down": {"uv": [60, 12], "uv_size": [7, -2]}
							}
						},
						{
							"origin": [2.05404, 0.48494, -1],
							"size": [6.5, 2, 2],
							"pivot": [0, -1, -5],
							"rotation": [0, 0, 30],
							"uv": {
								"north": {"uv": [13, 60], "uv_size": [6.5, 2]},
								"south": {"uv": [6, 62], "uv_size": [6.5, 2]},
								"west": {"uv": [66, 18], "uv_size": [2, 2]},
								"up": {"uv": [13, 62], "uv_size": [6.5, 2]},
								"down": {"uv": [61, 64], "uv_size": [6.5, -2]}
							}
						},
						{
							"origin": [8.30404, 0.48494, -3],
							"size": [0.25, 2, 2],
							"pivot": [0, -1, -4],
							"rotation": [0, 0, 30],
							"uv": {
								"east": {"uv": [66, 35], "uv_size": [2, 2]},
								"west": {"uv": [66, 46], "uv_size": [2, 2]},
								"up": {"uv": [32, 72], "uv_size": [0.5, 2]},
								"down": {"uv": [72, 37], "uv_size": [0.5, -2]}
							}
						},
						{
							"origin": [2.30404, 0.48494, -3],
							"size": [1.5, 2, 0.25],
							"pivot": [0, -1, -4],
							"rotation": [0, 0, 30],
							"uv": {
								"south": {"uv": [68, 0], "uv_size": [1.5, 2]},
								"west": {"uv": [36, 72], "uv_size": [0.5, 2]},
								"up": {"uv": [69, 72], "uv_size": [1.5, 0.5]},
								"down": {"uv": [72, 69.5], "uv_size": [1.5, -0.5]}
							}
						},
						{
							"origin": [2.05404, 0.48494, -3],
							"size": [0.25, 2, 2],
							"pivot": [0, -1, -4],
							"rotation": [0, 0, 30],
							"uv": {
								"east": {"uv": [66, 48], "uv_size": [2, 2]},
								"west": {"uv": [66, 50], "uv_size": [2, 2]},
								"up": {"uv": [37, 72], "uv_size": [0.5, 2]},
								"down": {"uv": [72, 39], "uv_size": [0.5, -2]}
							}
						},
						{
							"origin": [-10.05404, 0.48494, -3],
							"size": [1.5, 2, 0.25],
							"pivot": [0, -1, -4],
							"rotation": [0, 0, -30],
							"uv": {
								"east": {"uv": [38, 72], "uv_size": [0.5, 2]},
								"south": {"uv": [1, 68], "uv_size": [1.5, 2]},
								"up": {"uv": [72, 70], "uv_size": [1.5, 0.5]},
								"down": {"uv": [72, 71.5], "uv_size": [1.5, -0.5]}
							}
						},
						{
							"origin": [-2.30404, 0.48494, -3],
							"size": [0.25, 2, 2],
							"pivot": [0, -1, -4],
							"rotation": [0, 0, -30],
							"uv": {
								"east": {"uv": [66, 52], "uv_size": [2, 2]},
								"west": {"uv": [61, 66], "uv_size": [2, 2]},
								"up": {"uv": [39, 72], "uv_size": [0.5, 2]},
								"down": {"uv": [72, 41], "uv_size": [0.5, -2]}
							}
						},
						{
							"origin": [-3.80404, 0.48494, -3],
							"size": [1.5, 2, 0.25],
							"pivot": [0, -1, -4],
							"rotation": [0, 0, -30],
							"uv": {
								"east": {"uv": [40, 72], "uv_size": [0.5, 2]},
								"south": {"uv": [68, 2], "uv_size": [1.5, 2]},
								"up": {"uv": [72, 72], "uv_size": [1.5, 0.5]},
								"down": {"uv": [0, 73.5], "uv_size": [1.5, -0.5]}
							}
						},
						{
							"origin": [-8.55404, 0.48494, -3],
							"size": [0.25, 2, 2],
							"pivot": [0, -1, -4],
							"rotation": [0, 0, -30],
							"uv": {
								"east": {"uv": [63, 66], "uv_size": [2, 2]},
								"west": {"uv": [65, 66], "uv_size": [2, 2]},
								"up": {"uv": [72, 41], "uv_size": [0.5, 2]},
								"down": {"uv": [72, 45], "uv_size": [0.5, -2]}
							}
						},
						{
							"origin": [-8.55404, 0.48494, -1],
							"size": [6.5, 2, 2],
							"pivot": [0, -1, -5],
							"rotation": [0, 0, -30],
							"uv": {
								"north": {"uv": [63, 21], "uv_size": [6.5, 2]},
								"east": {"uv": [67, 6], "uv_size": [2, 2]},
								"south": {"uv": [63, 23], "uv_size": [6.5, 2]},
								"up": {"uv": [63, 25], "uv_size": [6.5, 2]},
								"down": {"uv": [63, 29], "uv_size": [6.5, -2]}
							}
						},
						{
							"origin": [8.55404, 0.48494, -3],
							"size": [1.5, 2, 0.25],
							"pivot": [0, -1, -4],
							"rotation": [0, 0, 30],
							"uv": {
								"south": {"uv": [3, 68], "uv_size": [1.5, 2]},
								"west": {"uv": [44, 72], "uv_size": [0.5, 2]},
								"up": {"uv": [73, 0], "uv_size": [1.5, 0.5]},
								"down": {"uv": [73, 1.5], "uv_size": [1.5, -0.5]}
							}
						},
						{
							"origin": [-3.5, -0.75, -7.71962],
							"size": [6.99999, 1.5, 0.5],
							"uv": {
								"north": {"uv": [64, 14], "uv_size": [7, 1.5]},
								"south": {"uv": [61, 64], "uv_size": [7, 1.5]},
								"up": {"uv": [67, 10], "uv_size": [7, 0.5]},
								"down": {"uv": [67, 11.5], "uv_size": [7, -0.5]}
							}
						},
						{
							"origin": [4.39711, -0.75, -5.47129],
							"size": [0.49378, 1.5, 2.85526],
							"pivot": [0, -1, -4],
							"rotation": [0, 30, 0],
							"uv": {
								"east": {"uv": [55, 65], "uv_size": [3, 1.5]},
								"west": {"uv": [58, 65], "uv_size": [3, 1.5]},
								"up": {"uv": [64, 71], "uv_size": [0.5, 3]},
								"down": {"uv": [65, 74], "uv_size": [0.5, -3]}
							}
						},
						{
							"origin": [4.5, -0.75, -5.5],
							"size": [2, 1.5, 0.5],
							"uv": {
								"north": {"uv": [5, 68], "uv_size": [2, 1.5]},
								"west": {"uv": [2, 73], "uv_size": [0.5, 1.5]},
								"up": {"uv": [72, 45], "uv_size": [2, 0.5]},
								"down": {"uv": [72, 46.5], "uv_size": [2, -0.5]}
							}
						},
						{
							"origin": [-4.89089, -0.75, -5.47129],
							"size": [0.49378, 1.5, 2.85526],
							"pivot": [0, -1, -4],
							"rotation": [0, -30, 0],
							"uv": {
								"east": {"uv": [0, 66], "uv_size": [3, 1.5]},
								"west": {"uv": [3, 66], "uv_size": [3, 1.5]},
								"up": {"uv": [66, 71], "uv_size": [0.5, 3]},
								"down": {"uv": [71, 71], "uv_size": [0.5, -3]}
							}
						},
						{
							"origin": [-6.5, -0.75, -5.5],
							"size": [2, 1.5, 0.5],
							"uv": {
								"north": {"uv": [7, 68], "uv_size": [2, 1.5]},
								"east": {"uv": [73, 2], "uv_size": [0.5, 1.5]},
								"up": {"uv": [72, 47], "uv_size": [2, 0.5]},
								"down": {"uv": [72, 48.5], "uv_size": [2, -0.5]}
							}
						},
						{
							"origin": [-2.1, -17.5, -5.25],
							"size": [4.2, 2.5, 0.25],
							"uv": {
								"north": {"uv": [6, 65], "uv_size": [4, 2.5]},
								"east": {"uv": [71, 71], "uv_size": [0.5, 2.5]},
								"west": {"uv": [72, 0], "uv_size": [0.5, 2.5]},
								"up": {"uv": [69, 50], "uv_size": [4, 0.5]},
								"down": {"uv": [69, 51.5], "uv_size": [4, -0.5]}
							}
						},
						{
							"origin": [-2.1, 9.96016, -12.83882],
							"size": [4.2, 1, 0.25],
							"pivot": [0, -1, -3.74999],
							"rotation": [135, 0, 0],
							"uv": {
								"north": {"uv": [66, 20], "uv_size": [4, 1]},
								"east": {"uv": [11, 73], "uv_size": [0.5, 1]},
								"south": {"uv": [66, 37], "uv_size": [4, 1]},
								"west": {"uv": [12, 73], "uv_size": [0.5, 1]}
							}
						},
						{
							"origin": [-2.1, 1.03033, -18.98744],
							"size": [4.2, 0.56066, 0.25184],
							"pivot": [0, -0.82322, -3.92678],
							"rotation": [90, 0, 0],
							"uv": {
								"north": {"uv": [69, 56], "uv_size": [4, 0.5]},
								"east": {"uv": [73, 43], "uv_size": [0.5, 0.5]},
								"south": {"uv": [69, 57], "uv_size": [4, 0.5]},
								"west": {"uv": [73, 44], "uv_size": [0.5, 0.5]}
							}
						},
						{
							"origin": [-2.1, -15.88388, -6.59283],
							"size": [4.2, 0.64645, 0.25184],
							"uv": {
								"north": {"uv": [69, 62], "uv_size": [4, 0.5]},
								"east": {"uv": [47, 73], "uv_size": [0.5, 0.5]},
								"south": {"uv": [69, 63], "uv_size": [4, 0.5]},
								"west": {"uv": [73, 50], "uv_size": [0.5, 0.5]},
								"down": {"uv": [69, 64.5], "uv_size": [4, -0.5]}
							}
						},
						{
							"origin": [-2.1, -12.8995, 4.23528],
							"size": [4.2, 2.00001, 0.25],
							"pivot": [0, -1, -4],
							"rotation": [-45, 0, 0],
							"uv": {
								"north": {"uv": [10, 65], "uv_size": [4, 2]},
								"east": {"uv": [45, 72], "uv_size": [0.5, 2]},
								"south": {"uv": [14, 65], "uv_size": [4, 2]},
								"west": {"uv": [72, 52], "uv_size": [0.5, 2]}
							}
						},
						{
							"origin": [-2.1, -14, -5.25],
							"size": [4.2, 3.5, 0.25],
							"uv": {
								"north": {"uv": [60, 12], "uv_size": [4, 3.5]},
								"east": {"uv": [60, 71], "uv_size": [0.5, 3.5]},
								"west": {"uv": [61, 71], "uv_size": [0.5, 3.5]},
								"up": {"uv": [69, 67], "uv_size": [4, 0.5]}
							}
						},
						{
							"origin": [4.5, -0.9, -5.25],
							"size": [3.5, 1.75, 0.25],
							"uv": {
								"north": {"uv": [30, 65], "uv_size": [3.5, 2]},
								"east": {"uv": [72, 54], "uv_size": [0.5, 2]},
								"west": {"uv": [55, 72], "uv_size": [0.5, 2]},
								"up": {"uv": [70, 8], "uv_size": [3.5, 0.5]}
							}
						},
						{
							"origin": [-8, -0.9, -5.25],
							"size": [3.5, 1.75, 0.25],
							"uv": {
								"north": {"uv": [34, 65], "uv_size": [3.5, 2]},
								"east": {"uv": [56, 72], "uv_size": [0.5, 2]},
								"west": {"uv": [57, 72], "uv_size": [0.5, 2]},
								"up": {"uv": [70, 28], "uv_size": [3.5, 0.5]}
							}
						},
						{
							"origin": [-8, -4.5, -5.25],
							"size": [16, 3.6, 0.25],
							"uv": {
								"north": {"uv": [50, 17], "uv_size": [16, 3.5]},
								"east": {"uv": [62, 71], "uv_size": [0.5, 3.5]},
								"west": {"uv": [63, 71], "uv_size": [0.5, 3.5]},
								"up": {"uv": [66, 17], "uv_size": [16, 0.5]}
							}
						},
						{
							"origin": [-8, -6.5, -7],
							"size": [16, 2, 2],
							"uv": {
								"north": {"uv": [30, 54], "uv_size": [16, 2]},
								"east": {"uv": [67, 8], "uv_size": [2, 2]},
								"west": {"uv": [10, 67], "uv_size": [2, 2]},
								"up": {"uv": [54, 38], "uv_size": [16, 2]},
								"down": {"uv": [54, 42], "uv_size": [16, -2]}
							}
						},
						{
							"origin": [-0.6213, -1.5, -7.25],
							"size": [1.2426, 0.25, 2],
							"uv": {
								"north": {"uv": [13, 73], "uv_size": [1, 0.5]},
								"up": {"uv": [47, 69], "uv_size": [1, 2]},
								"down": {"uv": [52, 71], "uv_size": [1, -2]}
							}
						},
						{
							"origin": [-0.6213, -1.5, -7.25],
							"size": [1.2426, 0.25, 2],
							"pivot": [0, -2.75, -6.875],
							"rotation": [0, 0, 45],
							"uv": {
								"north": {"uv": [14, 73], "uv_size": [1, 0.5]},
								"up": {"uv": [53, 69], "uv_size": [1, 2]},
								"down": {"uv": [64, 71], "uv_size": [1, -2]}
							}
						},
						{
							"origin": [-0.6213, -1.5, -7.25],
							"size": [1.2426, 0.25, 2],
							"pivot": [0, -2.75, -6.875],
							"rotation": [0, 0, 90],
							"uv": {
								"north": {"uv": [73, 14], "uv_size": [1, 0.5]},
								"up": {"uv": [65, 69], "uv_size": [1, 2]},
								"down": {"uv": [66, 71], "uv_size": [1, -2]}
							}
						},
						{
							"origin": [-0.6213, -1.5, -7.25],
							"size": [1.2426, 0.25, 2],
							"pivot": [0, -2.75, -6.875],
							"rotation": [0, 0, 135],
							"uv": {
								"north": {"uv": [15, 73], "uv_size": [1, 0.5]},
								"up": {"uv": [69, 68], "uv_size": [1, 2]},
								"down": {"uv": [70, 2], "uv_size": [1, -2]}
							}
						},
						{
							"origin": [-0.6213, -1.5, -7.25],
							"size": [1.2426, 0.25, 2],
							"pivot": [0, -2.75, -6.875],
							"rotation": [0, 0, -180],
							"uv": {
								"north": {"uv": [73, 15], "uv_size": [1, 0.5]},
								"up": {"uv": [1, 70], "uv_size": [1, 2]},
								"down": {"uv": [2, 72], "uv_size": [1, -2]}
							}
						},
						{
							"origin": [-0.6213, -1.5, -7.25],
							"size": [1.2426, 0.25, 2],
							"pivot": [0, -2.75, -6.875],
							"rotation": [0, 0, -135],
							"uv": {
								"north": {"uv": [16, 73], "uv_size": [1, 0.5]},
								"up": {"uv": [70, 2], "uv_size": [1, 2]},
								"down": {"uv": [3, 72], "uv_size": [1, -2]}
							}
						},
						{
							"origin": [-0.6213, -1.5, -7.25],
							"size": [1.2426, 0.25, 2],
							"pivot": [0, -2.75, -6.875],
							"rotation": [0, 0, -90],
							"uv": {
								"north": {"uv": [17, 73], "uv_size": [1, 0.5]},
								"up": {"uv": [4, 70], "uv_size": [1, 2]},
								"down": {"uv": [5, 72], "uv_size": [1, -2]}
							}
						},
						{
							"origin": [-0.6213, -1.5, -7.25],
							"size": [1.2426, 0.25, 2],
							"pivot": [0, -2.75, -6.875],
							"rotation": [0, 0, -45],
							"uv": {
								"north": {"uv": [18, 73], "uv_size": [1, 0.5]},
								"up": {"uv": [6, 70], "uv_size": [1, 2]},
								"down": {"uv": [70, 8], "uv_size": [1, -2]}
							}
						},
						{
							"origin": [-0.6213, -1.5, -7.25],
							"size": [1.2426, 0.25, 2],
							"uv": {
								"north": {"uv": [73, 18], "uv_size": [1, 0.5]},
								"up": {"uv": [7, 70], "uv_size": [1, 2]},
								"down": {"uv": [8, 72], "uv_size": [1, -2]}
							}
						},
						{
							"origin": [2.5787, -1.5, -7.25],
							"size": [1.2426, 0.25, 2],
							"uv": {
								"north": {"uv": [19, 73], "uv_size": [1, 0.5]},
								"up": {"uv": [12, 70], "uv_size": [1, 2]},
								"down": {"uv": [13, 72], "uv_size": [1, -2]}
							}
						},
						{
							"origin": [2.5787, -1.5, -7.25],
							"size": [1.2426, 0.25, 2],
							"pivot": [3.2, -2.75, -6.875],
							"rotation": [0, 0, 45],
							"uv": {
								"north": {"uv": [73, 19], "uv_size": [1, 0.5]},
								"up": {"uv": [14, 70], "uv_size": [1, 2]},
								"down": {"uv": [15, 72], "uv_size": [1, -2]}
							}
						},
						{
							"origin": [2.5787, -1.5, -7.25],
							"size": [1.2426, 0.25, 2],
							"pivot": [3.2, -2.75, -6.875],
							"rotation": [0, 0, 90],
							"uv": {
								"north": {"uv": [20, 73], "uv_size": [1, 0.5]},
								"up": {"uv": [16, 70], "uv_size": [1, 2]},
								"down": {"uv": [17, 72], "uv_size": [1, -2]}
							}
						},
						{
							"origin": [2.5787, -1.5, -7.25],
							"size": [1.2426, 0.25, 2],
							"pivot": [3.2, -2.75, -6.875],
							"rotation": [0, 0, 135],
							"uv": {
								"north": {"uv": [73, 20], "uv_size": [1, 0.5]},
								"up": {"uv": [70, 20], "uv_size": [1, 2]},
								"down": {"uv": [70, 24], "uv_size": [1, -2]}
							}
						},
						{
							"origin": [2.5787, -1.5, -7.25],
							"size": [1.2426, 0.25, 2],
							"pivot": [3.2, -2.75, -6.875],
							"rotation": [0, 0, -180],
							"uv": {
								"north": {"uv": [21, 73], "uv_size": [1, 0.5]},
								"up": {"uv": [70, 24], "uv_size": [1, 2]},
								"down": {"uv": [70, 28], "uv_size": [1, -2]}
							}
						},
						{
							"origin": [2.5787, -1.5, -7.25],
							"size": [1.2426, 0.25, 2],
							"pivot": [3.2, -2.75, -6.875],
							"rotation": [0, 0, -135],
							"uv": {
								"north": {"uv": [73, 21], "uv_size": [1, 0.5]},
								"up": {"uv": [36, 70], "uv_size": [1, 2]},
								"down": {"uv": [37, 72], "uv_size": [1, -2]}
							}
						},
						{
							"origin": [2.5787, -1.5, -7.25],
							"size": [1.2426, 0.25, 2],
							"pivot": [3.2, -2.75, -6.875],
							"rotation": [0, 0, -90],
							"uv": {
								"north": {"uv": [22, 73], "uv_size": [1, 0.5]},
								"up": {"uv": [70, 37], "uv_size": [1, 2]},
								"down": {"uv": [39, 72], "uv_size": [1, -2]}
							}
						},
						{
							"origin": [2.5787, -1.5, -7.25],
							"size": [1.2426, 0.25, 2],
							"pivot": [3.2, -2.75, -6.875],
							"rotation": [0, 0, -45],
							"uv": {
								"north": {"uv": [73, 22], "uv_size": [1, 0.5]},
								"up": {"uv": [70, 39], "uv_size": [1, 2]},
								"down": {"uv": [40, 72], "uv_size": [1, -2]}
							}
						},
						{
							"origin": [2.5787, -1.5, -7.25],
							"size": [1.2426, 0.25, 2],
							"uv": {
								"north": {"uv": [23, 73], "uv_size": [1, 0.5]},
								"up": {"uv": [70, 41], "uv_size": [1, 2]},
								"down": {"uv": [70, 45], "uv_size": [1, -2]}
							}
						},
						{
							"origin": [5.7787, -1.5, -7.25],
							"size": [1.2426, 0.25, 2],
							"uv": {
								"north": {"uv": [73, 23], "uv_size": [1, 0.5]},
								"up": {"uv": [44, 70], "uv_size": [1, 2]},
								"down": {"uv": [45, 72], "uv_size": [1, -2]}
							}
						},
						{
							"origin": [5.7787, -1.5, -7.25],
							"size": [1.2426, 0.25, 2],
							"pivot": [6.4, -2.75, -6.875],
							"rotation": [0, 0, -45],
							"uv": {
								"north": {"uv": [24, 73], "uv_size": [1, 0.5]},
								"up": {"uv": [70, 45], "uv_size": [1, 2]},
								"down": {"uv": [70, 56], "uv_size": [1, -2]}
							}
						},
						{
							"origin": [5.7787, -1.5, -7.25],
							"size": [1.2426, 0.25, 2],
							"pivot": [6.4, -2.75, -6.875],
							"rotation": [0, 0, -90],
							"uv": {
								"north": {"uv": [73, 24], "uv_size": [1, 0.5]},
								"up": {"uv": [55, 70], "uv_size": [1, 2]},
								"down": {"uv": [56, 72], "uv_size": [1, -2]}
							}
						},
						{
							"origin": [5.7787, -1.5, -7.25],
							"size": [1.2426, 0.25, 2],
							"pivot": [6.4, -2.75, -6.875],
							"rotation": [0, 0, -135],
							"uv": {
								"north": {"uv": [25, 73], "uv_size": [1, 0.5]},
								"up": {"uv": [57, 70], "uv_size": [1, 2]},
								"down": {"uv": [67, 72], "uv_size": [1, -2]}
							}
						},
						{
							"origin": [5.7787, -1.5, -7.25],
							"size": [1.2426, 0.25, 2],
							"pivot": [6.4, -2.75, -6.875],
							"rotation": [0, 0, -180],
							"uv": {
								"north": {"uv": [73, 25], "uv_size": [1, 0.5]},
								"up": {"uv": [68, 70], "uv_size": [1, 2]},
								"down": {"uv": [70, 70], "uv_size": [1, -2]}
							}
						},
						{
							"origin": [5.7787, -1.5, -7.25],
							"size": [1.2426, 0.25, 2],
							"pivot": [6.4, -2.75, -6.875],
							"rotation": [0, 0, 135],
							"uv": {
								"north": {"uv": [26, 73], "uv_size": [1, 0.5]},
								"up": {"uv": [69, 70], "uv_size": [1, 2]},
								"down": {"uv": [70, 72], "uv_size": [1, -2]}
							}
						},
						{
							"origin": [5.7787, -1.5, -7.25],
							"size": [1.2426, 0.25, 2],
							"pivot": [6.4, -2.75, -6.875],
							"rotation": [0, 0, 90],
							"uv": {
								"north": {"uv": [73, 26], "uv_size": [1, 0.5]},
								"up": {"uv": [0, 71], "uv_size": [1, 2]},
								"down": {"uv": [71, 2], "uv_size": [1, -2]}
							}
						},
						{
							"origin": [5.7787, -1.5, -7.25],
							"size": [1.2426, 0.25, 2],
							"pivot": [6.4, -2.75, -6.875],
							"rotation": [0, 0, 45],
							"uv": {
								"north": {"uv": [27, 73], "uv_size": [1, 0.5]},
								"up": {"uv": [71, 2], "uv_size": [1, 2]},
								"down": {"uv": [71, 8], "uv_size": [1, -2]}
							}
						},
						{
							"origin": [5.7787, -1.5, -7.25],
							"size": [1.2426, 0.25, 2],
							"uv": {
								"north": {"uv": [73, 27], "uv_size": [1, 0.5]},
								"up": {"uv": [9, 71], "uv_size": [1, 2]},
								"down": {"uv": [71, 16], "uv_size": [1, -2]}
							}
						},
						{
							"origin": [-3.8213, -1.5, -7.25],
							"size": [1.2426, 0.25, 2],
							"uv": {
								"north": {"uv": [28, 73], "uv_size": [1, 0.5]},
								"up": {"uv": [18, 71], "uv_size": [1, 2]},
								"down": {"uv": [71, 20], "uv_size": [1, -2]}
							}
						},
						{
							"origin": [-3.8213, -1.5, -7.25],
							"size": [1.2426, 0.25, 2],
							"pivot": [-3.2, -2.75, -6.875],
							"rotation": [0, 0, -45],
							"uv": {
								"north": {"uv": [29, 73], "uv_size": [1, 0.5]},
								"up": {"uv": [19, 71], "uv_size": [1, 2]},
								"down": {"uv": [20, 73], "uv_size": [1, -2]}
							}
						},
						{
							"origin": [-3.8213, -1.5, -7.25],
							"size": [1.2426, 0.25, 2],
							"pivot": [-3.2, -2.75, -6.875],
							"rotation": [0, 0, -90],
							"uv": {
								"north": {"uv": [30, 73], "uv_size": [1, 0.5]},
								"up": {"uv": [71, 20], "uv_size": [1, 2]},
								"down": {"uv": [21, 73], "uv_size": [1, -2]}
							}
						},
						{
							"origin": [-3.8213, -1.5, -7.25],
							"size": [1.2426, 0.25, 2],
							"pivot": [-3.2, -2.75, -6.875],
							"rotation": [0, 0, -135],
							"uv": {
								"north": {"uv": [31, 73], "uv_size": [1, 0.5]},
								"up": {"uv": [22, 71], "uv_size": [1, 2]},
								"down": {"uv": [71, 24], "uv_size": [1, -2]}
							}
						},
						{
							"origin": [-3.8213, -1.5, -7.25],
							"size": [1.2426, 0.25, 2],
							"pivot": [-3.2, -2.75, -6.875],
							"rotation": [0, 0, -180],
							"uv": {
								"north": {"uv": [33, 73], "uv_size": [1, 0.5]},
								"up": {"uv": [23, 71], "uv_size": [1, 2]},
								"down": {"uv": [24, 73], "uv_size": [1, -2]}
							}
						},
						{
							"origin": [-3.8213, -1.5, -7.25],
							"size": [1.2426, 0.25, 2],
							"pivot": [-3.2, -2.75, -6.875],
							"rotation": [0, 0, 135],
							"uv": {
								"north": {"uv": [34, 73], "uv_size": [1, 0.5]},
								"up": {"uv": [71, 24], "uv_size": [1, 2]},
								"down": {"uv": [25, 73], "uv_size": [1, -2]}
							}
						},
						{
							"origin": [-3.8213, -1.5, -7.25],
							"size": [1.2426, 0.25, 2],
							"pivot": [-3.2, -2.75, -6.875],
							"rotation": [0, 0, 90],
							"uv": {
								"north": {"uv": [35, 73], "uv_size": [1, 0.5]},
								"up": {"uv": [26, 71], "uv_size": [1, 2]},
								"down": {"uv": [71, 28], "uv_size": [1, -2]}
							}
						},
						{
							"origin": [-3.8213, -1.5, -7.25],
							"size": [1.2426, 0.25, 2],
							"pivot": [-3.2, -2.75, -6.875],
							"rotation": [0, 0, 45],
							"uv": {
								"north": {"uv": [73, 35], "uv_size": [1, 0.5]},
								"up": {"uv": [27, 71], "uv_size": [1, 2]},
								"down": {"uv": [28, 73], "uv_size": [1, -2]}
							}
						},
						{
							"origin": [-3.8213, -1.5, -7.25],
							"size": [1.2426, 0.25, 2],
							"uv": {
								"north": {"uv": [73, 36], "uv_size": [1, 0.5]},
								"up": {"uv": [29, 71], "uv_size": [1, 2]},
								"down": {"uv": [33, 73], "uv_size": [1, -2]}
							}
						},
						{
							"origin": [-7.0213, -1.5, -7.25],
							"size": [1.2426, 0.25, 2],
							"uv": {
								"north": {"uv": [73, 37], "uv_size": [1, 0.5]},
								"up": {"uv": [34, 71], "uv_size": [1, 2]},
								"down": {"uv": [35, 73], "uv_size": [1, -2]}
							}
						},
						{
							"origin": [-7.0213, -1.5, -7.25],
							"size": [1.2426, 0.25, 2],
							"pivot": [-6.4, -2.75, -6.875],
							"rotation": [0, 0, -45],
							"uv": {
								"north": {"uv": [73, 38], "uv_size": [1, 0.5]},
								"up": {"uv": [71, 35], "uv_size": [1, 2]},
								"down": {"uv": [71, 39], "uv_size": [1, -2]}
							}
						},
						{
							"origin": [-7.0213, -1.5, -7.25],
							"size": [1.2426, 0.25, 2],
							"pivot": [-6.4, -2.75, -6.875],
							"rotation": [0, 0, -90],
							"uv": {
								"north": {"uv": [73, 39], "uv_size": [1, 0.5]},
								"up": {"uv": [71, 39], "uv_size": [1, 2]},
								"down": {"uv": [71, 43], "uv_size": [1, -2]}
							}
						},
						{
							"origin": [-7.0213, -1.5, -7.25],
							"size": [1.2426, 0.25, 2],
							"pivot": [-6.4, -2.75, -6.875],
							"rotation": [0, 0, -135],
							"uv": {
								"north": {"uv": [73, 40], "uv_size": [1, 0.5]},
								"up": {"uv": [43, 71], "uv_size": [1, 2]},
								"down": {"uv": [71, 45], "uv_size": [1, -2]}
							}
						},
						{
							"origin": [-7.0213, -1.5, -7.25],
							"size": [1.2426, 0.25, 2],
							"pivot": [-6.4, -2.75, -6.875],
							"rotation": [0, 0, -180],
							"uv": {
								"north": {"uv": [41, 73], "uv_size": [1, 0.5]},
								"up": {"uv": [71, 45], "uv_size": [1, 2]},
								"down": {"uv": [47, 73], "uv_size": [1, -2]}
							}
						},
						{
							"origin": [-7.0213, -1.5, -7.25],
							"size": [1.2426, 0.25, 2],
							"pivot": [-6.4, -2.75, -6.875],
							"rotation": [0, 0, 135],
							"uv": {
								"north": {"uv": [73, 41], "uv_size": [1, 0.5]},
								"up": {"uv": [71, 47], "uv_size": [1, 2]},
								"down": {"uv": [52, 73], "uv_size": [1, -2]}
							}
						},
						{
							"origin": [-7.0213, -1.5, -7.25],
							"size": [1.2426, 0.25, 2],
							"pivot": [-6.4, -2.75, -6.875],
							"rotation": [0, 0, 90],
							"uv": {
								"north": {"uv": [42, 73], "uv_size": [1, 0.5]},
								"up": {"uv": [71, 52], "uv_size": [1, 2]},
								"down": {"uv": [53, 73], "uv_size": [1, -2]}
							}
						},
						{
							"origin": [-7.0213, -1.5, -7.25],
							"size": [1.2426, 0.25, 2],
							"pivot": [-6.4, -2.75, -6.875],
							"rotation": [0, 0, 45],
							"uv": {
								"north": {"uv": [73, 42], "uv_size": [1, 0.5]},
								"up": {"uv": [54, 71], "uv_size": [1, 2]},
								"down": {"uv": [71, 56], "uv_size": [1, -2]}
							}
						},
						{
							"origin": [-7.0213, -1.5, -7.25],
							"size": [1.2426, 0.25, 2],
							"uv": {
								"north": {"uv": [43, 73], "uv_size": [1, 0.5]},
								"up": {"uv": [58, 71], "uv_size": [1, 2]},
								"down": {"uv": [59, 73], "uv_size": [1, -2]}
							}
						}
					]
				},
				{
					"name": "light_illuminated",
					"parent": "FORT_VantVM",
					"pivot": [0, -2.75, -6.875],
					"cubes": [
						{
							"origin": [-0.5178, -4, -7],
							"size": [1.0356, 2.5, 0.25],
							"uv": {
								"north": {"uv": [58, 68], "uv_size": [1, 2.5]}
							}
						},
						{
							"origin": [-0.5178, -4, -7],
							"size": [1.0356, 2.5, 0.25],
							"pivot": [0, -2.75, -6.875],
							"rotation": [0, 0, -45],
							"uv": {
								"north": {"uv": [59, 68], "uv_size": [1, 2.5]}
							}
						},
						{
							"origin": [-1.25002, -3.26774, -7],
							"size": [2.50005, 1.03549, 0.25],
							"uv": {
								"north": {"uv": [68, 52], "uv_size": [2.5, 1]}
							}
						},
						{
							"origin": [-0.5178, -4, -7],
							"size": [1.0356, 2.5, 0.25],
							"pivot": [0, -2.75, -6.875],
							"rotation": [0, 0, 45],
							"uv": {
								"north": {"uv": [60, 68], "uv_size": [1, 2.5]}
							}
						},
						{
							"origin": [-6.9178, -4, -7],
							"size": [1.0356, 2.5, 0.25],
							"pivot": [-6.4, -2.75, -6.875],
							"rotation": [0, 0, -45],
							"uv": {
								"north": {"uv": [61, 68], "uv_size": [1, 2.5]}
							}
						},
						{
							"origin": [-7.65002, -3.26774, -7],
							"size": [2.50005, 1.03549, 0.25],
							"uv": {
								"north": {"uv": [68, 53], "uv_size": [2.5, 1]}
							}
						},
						{
							"origin": [-6.9178, -4, -7],
							"size": [1.0356, 2.5, 0.25],
							"pivot": [-6.4, -2.75, -6.875],
							"rotation": [0, 0, 45],
							"uv": {
								"north": {"uv": [62, 68], "uv_size": [1, 2.5]}
							}
						},
						{
							"origin": [-6.9178, -4, -7],
							"size": [1.0356, 2.5, 0.25],
							"uv": {
								"north": {"uv": [68, 62], "uv_size": [1, 2.5]}
							}
						},
						{
							"origin": [-3.7178, -4, -7],
							"size": [1.0356, 2.5, 0.25],
							"pivot": [-3.2, -2.75, -6.875],
							"rotation": [0, 0, -45],
							"uv": {
								"north": {"uv": [63, 68], "uv_size": [1, 2.5]}
							}
						},
						{
							"origin": [-4.45002, -3.26774, -7],
							"size": [2.50005, 1.03549, 0.25],
							"uv": {
								"north": {"uv": [64, 68], "uv_size": [2.5, 1]}
							}
						},
						{
							"origin": [-3.7178, -4, -7],
							"size": [1.0356, 2.5, 0.25],
							"pivot": [-3.2, -2.75, -6.875],
							"rotation": [0, 0, 45],
							"uv": {
								"north": {"uv": [68, 67], "uv_size": [1, 2.5]}
							}
						},
						{
							"origin": [-3.7178, -4, -7],
							"size": [1.0356, 2.5, 0.25],
							"uv": {
								"north": {"uv": [69, 6], "uv_size": [1, 2.5]}
							}
						},
						{
							"origin": [5.8822, -4, -7],
							"size": [1.0356, 2.5, 0.25],
							"pivot": [6.4, -2.75, -6.875],
							"rotation": [0, 0, -45],
							"uv": {
								"north": {"uv": [10, 69], "uv_size": [1, 2.5]}
							}
						},
						{
							"origin": [5.14998, -3.26774, -7],
							"size": [2.50005, 1.03549, 0.25],
							"uv": {
								"north": {"uv": [68, 65], "uv_size": [2.5, 1]}
							}
						},
						{
							"origin": [5.8822, -4, -7],
							"size": [1.0356, 2.5, 0.25],
							"pivot": [6.4, -2.75, -6.875],
							"rotation": [0, 0, 45],
							"uv": {
								"north": {"uv": [11, 69], "uv_size": [1, 2.5]}
							}
						},
						{
							"origin": [5.8822, -4, -7],
							"size": [1.0356, 2.5, 0.25],
							"uv": {
								"north": {"uv": [30, 69], "uv_size": [1, 2.5]}
							}
						},
						{
							"origin": [2.6822, -4, -7],
							"size": [1.0356, 2.5, 0.25],
							"pivot": [3.2, -2.75, -6.875],
							"rotation": [0, 0, -45],
							"uv": {
								"north": {"uv": [31, 69], "uv_size": [1, 2.5]}
							}
						},
						{
							"origin": [1.94998, -3.26774, -7],
							"size": [2.50005, 1.03549, 0.25],
							"uv": {
								"north": {"uv": [69, 9], "uv_size": [2.5, 1]}
							}
						},
						{
							"origin": [2.6822, -4, -7],
							"size": [1.0356, 2.5, 0.25],
							"pivot": [3.2, -2.75, -6.875],
							"rotation": [0, 0, 45],
							"uv": {
								"north": {"uv": [32, 69], "uv_size": [1, 2.5]}
							}
						},
						{
							"origin": [2.6822, -4, -7],
							"size": [1.0356, 2.5, 0.25],
							"uv": {
								"north": {"uv": [38, 69], "uv_size": [1, 2.5]}
							}
						}
					]
				},
				{
					"name": "lower",
					"parent": "FORT_VantVM",
					"pivot": [0, -1, -4],
					"cubes": [
						{
							"origin": [-7, -31.5, -4.5],
							"size": [14, 1, 1.25],
							"uv": {
								"north": {"uv": [60, 16], "uv_size": [14, 1]},
								"east": {"uv": [70, 66], "uv_size": [1.5, 1]},
								"south": {"uv": [61, 58], "uv_size": [14, 1]},
								"west": {"uv": [71, 4], "uv_size": [1.5, 1]},
								"up": {"uv": [30, 56], "uv_size": [14, 1.5]},
								"down": {"uv": [55, 57.5], "uv_size": [14, -1.5]}
							}
						},
						{
							"origin": [-12, -45.5, -4.5],
							"size": [24, 14, 1.5],
							"uv": {
								"north": {"uv": [0, 30], "uv_size": [24, 14]},
								"east": {"uv": [52, 55], "uv_size": [1.5, 14]},
								"south": {"uv": [24, 30], "uv_size": [24, 14]},
								"west": {"uv": [44, 56], "uv_size": [1.5, 14]},
								"up": {"uv": [52, 31], "uv_size": [24, 1.5]},
								"down": {"uv": [52, 34.5], "uv_size": [24, -1.5]}
							}
						}
					]
				}
			]
		}
	]
}