{
	"format_version": "1.12.0",
	"minecraft:geometry": [
		{
			"description": {
				"identifier": "geometry.sight_eotech_hhs8_nozoom",
				"texture_width": 128,
				"texture_height": 128,
				"visible_bounds_width": 312,
				"visible_bounds_height": 25,
				"visible_bounds_offset": [0, 0.5, 0]
			},
			"bones": [
				{
					"name": "scope_view",
					"pivot": [0, 2.15, 6.7]
				},
				{
					"name": "division",
					"pivot": [0, -1, -25]
				},
				{
					"name": "crosshair_illuminated",
					"parent": "division",
					"pivot": [0, 0.82625, -56.3],
					"cubes": [
						{
							"origin": [-59.5, -57.4, -1800],
							"size": [119, 119, 0.1],
							"uv": {
								"south": {"uv": [0, 0], "uv_size": [119, 119]}
							}
						}
					]
				},
				{
					"name": "ocular",
					"pivot": [0, 2.4, -0.4],
					"cubes": [
						{
							"origin": [-0.875, 1.525, -3.175],
							"size": [1.75, 1.2625, 1.25],
							"uv": {
								"north": {"uv": [119, 102], "uv_size": [2, 1]},
								"south": {"uv": [103, 119], "uv_size": [2, 1]}
							}
						}
					]
				},
				{
					"name": "scope_body",
					"pivot": [0, 21.7, 1.35]
				},
				{
					"name": "EOTech_EXPS3",
					"parent": "scope_body",
					"pivot": [-0.5625, 1, -4.84067],
					"cubes": [
						{
							"origin": [-0.375, -0.03125, -3.925],
							"size": [1.4375, 0.375, 2.625],
							"uv": {
								"north": {"uv": [119, 103], "uv_size": [1, 1]},
								"south": {"uv": [119, 104], "uv_size": [1, 1]},
								"west": {"uv": [7, 119], "uv_size": [3, 1]},
								"down": {"uv": [10, 122], "uv_size": [1, -3]}
							}
						},
						{
							"origin": [0.375, -0.21875, -3.925],
							"size": [0.5, 0.1875, 2.625],
							"uv": {
								"east": {"uv": [119, 10], "uv_size": [3, 1]},
								"south": {"uv": [105, 119], "uv_size": [1, 1]},
								"down": {"uv": [11, 122], "uv_size": [1, -3]}
							}
						},
						{
							"origin": [-1.12565, -0.06943, -2.2375],
							"size": [0.26516, 0.1875, 0.9375],
							"pivot": [-1.11049, 0.02432, -2.8625],
							"rotation": [0, 0, 45],
							"uv": {
								"north": {"uv": [119, 105], "uv_size": [1, 1]},
								"south": {"uv": [106, 119], "uv_size": [1, 1]},
								"down": {"uv": [119, 107], "uv_size": [1, -1]}
							}
						},
						{
							"origin": [-0.375, -0.03125, -4.4875],
							"size": [0.75, 0.375, 0.5625],
							"uv": {
								"north": {"uv": [107, 119], "uv_size": [1, 1]},
								"down": {"uv": [119, 108], "uv_size": [1, -1]}
							}
						},
						{
							"origin": [-1, -0.21875, -2.2375],
							"size": [0.625, 0.1875, 0.9375],
							"uv": {
								"north": {"uv": [108, 119], "uv_size": [1, 1]},
								"south": {"uv": [119, 108], "uv_size": [1, 1]},
								"west": {"uv": [109, 119], "uv_size": [1, 1]},
								"down": {"uv": [119, 110], "uv_size": [1, -1]}
							}
						},
						{
							"origin": [0.73549, -0.06943, -3.925],
							"size": [0.26516, 0.1875, 2.625],
							"pivot": [0.98549, 0.02432, -2.8625],
							"rotation": [0, 0, -45],
							"uv": {
								"south": {"uv": [110, 119], "uv_size": [1, 1]},
								"down": {"uv": [119, 14], "uv_size": [1, -3]}
							}
						},
						{
							"origin": [-1.1875, -0.03125, -2.2375],
							"size": [0.8125, 0.375, 0.9375],
							"uv": {
								"north": {"uv": [119, 110], "uv_size": [1, 1]},
								"east": {"uv": [111, 119], "uv_size": [1, 1]},
								"south": {"uv": [119, 111], "uv_size": [1, 1]},
								"up": {"uv": [112, 119], "uv_size": [1, 1]}
							}
						},
						{
							"origin": [-0.875, -0.28125, -4.4875],
							"size": [0.5, 0.625, 2.25],
							"uv": {
								"north": {"uv": [119, 112], "uv_size": [1, 1]},
								"south": {"uv": [113, 119], "uv_size": [1, 1]},
								"west": {"uv": [12, 119], "uv_size": [2, 1]},
								"down": {"uv": [14, 121], "uv_size": [1, -2]}
							}
						},
						{
							"origin": [-1.0625, -0.28125, -4.3],
							"size": [0.1875, 0.625, 1.875],
							"uv": {
								"east": {"uv": [119, 14], "uv_size": [2, 1]},
								"down": {"uv": [15, 121], "uv_size": [1, -2]}
							}
						},
						{
							"origin": [-0.73641, -0.28125, -4.35243],
							"size": [0.1875, 0.625, 0.26517],
							"pivot": [-0.64266, 0.03125, -4.58726],
							"rotation": [0, -45, 0],
							"uv": {
								"east": {"uv": [119, 113], "uv_size": [1, 1]},
								"down": {"uv": [114, 120], "uv_size": [1, -1]}
							}
						},
						{
							"origin": [-0.99621, -0.28125, -2.53012],
							"size": [0.1875, 0.625, 0.26516],
							"pivot": [-0.90246, 0.03125, -2.39754],
							"rotation": [0, 45, 0],
							"uv": {
								"east": {"uv": [119, 114], "uv_size": [1, 1]},
								"down": {"uv": [115, 120], "uv_size": [1, -1]}
							}
						},
						{
							"origin": [0.375, -0.28125, -4.4875],
							"size": [0.9, 0.625, 0.5625],
							"uv": {
								"north": {"uv": [119, 115], "uv_size": [1, 1]},
								"east": {"uv": [116, 119], "uv_size": [1, 1]},
								"south": {"uv": [119, 116], "uv_size": [1, 1]},
								"down": {"uv": [117, 120], "uv_size": [1, -1]}
							}
						},
						{
							"origin": [1.1603, -0.28125, -4.51181],
							"size": [0.21526, 0.625, 0.51968],
							"pivot": [1.38638, 0.0625, -4.24688],
							"rotation": [0, 22.5, 0],
							"uv": {
								"south": {"uv": [119, 117], "uv_size": [1, 1]},
								"west": {"uv": [118, 119], "uv_size": [1, 1]},
								"up": {"uv": [119, 118], "uv_size": [1, 1]},
								"down": {"uv": [119, 120], "uv_size": [1, -1]}
							}
						},
						{
							"origin": [1.3125, -0.21875, -2.83125],
							"size": [0.1875, 0.29688, 1.65625],
							"uv": {
								"east": {"uv": [119, 15], "uv_size": [2, 1]},
								"south": {"uv": [120, 6], "uv_size": [1, 1]},
								"west": {"uv": [16, 119], "uv_size": [2, 1]},
								"up": {"uv": [119, 16], "uv_size": [1, 2]},
								"down": {"uv": [18, 121], "uv_size": [1, -2]}
							}
						},
						{
							"origin": [1.3125, -0.29775, -2.94331],
							"size": [0.1875, 0.25, 0.5],
							"pivot": [1.4375, -0.17275, -2.09956],
							"rotation": [-22.5, 0, 0],
							"uv": {
								"east": {"uv": [7, 120], "uv_size": [1, 1]},
								"west": {"uv": [120, 7], "uv_size": [1, 1]},
								"up": {"uv": [8, 120], "uv_size": [1, 1]}
							}
						},
						{
							"origin": [1.3125, -0.21875, -3.6125],
							"size": [0.1875, 0.48438, 0.78125],
							"uv": {
								"east": {"uv": [120, 8], "uv_size": [1, 1]},
								"west": {"uv": [9, 120], "uv_size": [1, 1]},
								"up": {"uv": [120, 9], "uv_size": [1, 1]},
								"down": {"uv": [120, 12], "uv_size": [1, -1]}
							}
						},
						{
							"origin": [0.77167, -0.21875, -3.78224],
							"size": [0.6875, 0.48438, 0.375],
							"pivot": [1.05292, 0.0625, -3.59474],
							"rotation": [0, -22.5, 0],
							"uv": {
								"north": {"uv": [12, 120], "uv_size": [1, 1]},
								"south": {"uv": [120, 12], "uv_size": [1, 1]},
								"up": {"uv": [13, 120], "uv_size": [1, 1]},
								"down": {"uv": [120, 14], "uv_size": [1, -1]}
							}
						},
						{
							"origin": [-1.3125, 0.767, -5.425],
							"size": [0.25, 0.466, 1.125],
							"pivot": [0.9375, 1, -4.8625],
							"rotation": [-45, 0, 0],
							"uv": {
								"north": {"uv": [16, 120], "uv_size": [1, 1]},
								"east": {"uv": [120, 16], "uv_size": [1, 1]},
								"south": {"uv": [17, 120], "uv_size": [1, 1]}
							}
						},
						{
							"origin": [-1.3125, 0.767, -5.425],
							"size": [0.25, 0.466, 1.125],
							"uv": {
								"north": {"uv": [120, 17], "uv_size": [1, 1]},
								"east": {"uv": [20, 120], "uv_size": [1, 1]},
								"south": {"uv": [21, 120], "uv_size": [1, 1]}
							}
						},
						{
							"origin": [-1.3125, 0.4375, -5.0955],
							"size": [0.25, 1.125, 0.466],
							"pivot": [-0.0625, 1, -4.8625],
							"rotation": [-45, 0, 0],
							"uv": {
								"east": {"uv": [22, 120], "uv_size": [1, 1]},
								"up": {"uv": [120, 22], "uv_size": [1, 1]},
								"down": {"uv": [23, 121], "uv_size": [1, -1]}
							}
						},
						{
							"origin": [-1.3125, 0.4375, -5.0955],
							"size": [0.25, 1.125, 0.466],
							"uv": {
								"east": {"uv": [120, 23], "uv_size": [1, 1]},
								"up": {"uv": [24, 120], "uv_size": [1, 1]},
								"down": {"uv": [25, 121], "uv_size": [1, -1]}
							}
						},
						{
							"origin": [0.875, 1.53125, -5.1125],
							"size": [0.1875, 0.125, 1.8125],
							"uv": {
								"west": {"uv": [119, 18], "uv_size": [2, 1]},
								"up": {"uv": [19, 119], "uv_size": [1, 2]}
							}
						},
						{
							"origin": [0.875, 1.53125, -3.3],
							"size": [0.1875, 1.125, 1.5],
							"uv": {
								"north": {"uv": [26, 120], "uv_size": [1, 1]},
								"east": {"uv": [119, 19], "uv_size": [2, 1]},
								"west": {"uv": [20, 119], "uv_size": [2, 1]}
							}
						},
						{
							"origin": [-0.75, 2.78125, -3.3],
							"size": [1.5, 0.1875, 1.5],
							"uv": {
								"north": {"uv": [119, 20], "uv_size": [2, 1]},
								"south": {"uv": [119, 21], "uv_size": [2, 1]},
								"up": {"uv": [2, 119], "uv_size": [2, 2]},
								"down": {"uv": [4, 121], "uv_size": [2, -2]}
							}
						},
						{
							"origin": [0.875, 1.40361, -2.00077],
							"size": [0.1875, 1.25, 0.4375],
							"pivot": [0.96875, 2.05986, -1.68827],
							"rotation": [22.5, 0, 0],
							"uv": {
								"east": {"uv": [120, 26], "uv_size": [1, 1]},
								"south": {"uv": [27, 120], "uv_size": [1, 1]},
								"west": {"uv": [120, 27], "uv_size": [1, 1]}
							}
						},
						{
							"origin": [-1.0625, 1.53125, -5.1125],
							"size": [0.1875, 0.125, 1.8125],
							"uv": {
								"east": {"uv": [22, 119], "uv_size": [2, 1]},
								"up": {"uv": [119, 22], "uv_size": [1, 2]}
							}
						},
						{
							"origin": [-1.0625, 1.40361, -2.00077],
							"size": [0.1875, 1.25, 0.4375],
							"pivot": [-0.96875, 2.05986, -1.68827],
							"rotation": [22.5, 0, 0],
							"uv": {
								"east": {"uv": [29, 120], "uv_size": [1, 1]},
								"south": {"uv": [30, 120], "uv_size": [1, 1]},
								"west": {"uv": [120, 30], "uv_size": [1, 1]}
							}
						},
						{
							"origin": [-0.875, 1.15625, -5.2375],
							"size": [1.75, 0.375, 0.125],
							"uv": {
								"up": {"uv": [24, 119], "uv_size": [2, 1]}
							}
						},
						{
							"origin": [-1.0625, 1.83886, -3.70042],
							"size": [0.1875, 0.3125, 0.5625],
							"pivot": [0, 1.93261, -3.07542],
							"rotation": [45, 0, 0],
							"uv": {
								"east": {"uv": [120, 31], "uv_size": [1, 1]},
								"west": {"uv": [32, 120], "uv_size": [1, 1]},
								"up": {"uv": [33, 120], "uv_size": [1, 1]}
							}
						},
						{
							"origin": [0.875, 1.83886, -3.70042],
							"size": [0.1875, 0.3125, 0.5625],
							"pivot": [0, 1.93261, -3.07542],
							"rotation": [45, 0, 0],
							"uv": {
								"east": {"uv": [35, 120], "uv_size": [1, 1]},
								"west": {"uv": [36, 120], "uv_size": [1, 1]},
								"up": {"uv": [120, 37], "uv_size": [1, 1]}
							}
						},
						{
							"origin": [-1.0625, 0.34375, -5.1125],
							"size": [2.125, 1.1875, 3.8125],
							"uv": {
								"east": {"uv": [119, 4], "uv_size": [4, 1]},
								"south": {"uv": [119, 24], "uv_size": [2, 1]},
								"west": {"uv": [119, 5], "uv_size": [4, 1]},
								"up": {"uv": [0, 119], "uv_size": [2, 4]},
								"down": {"uv": [119, 4], "uv_size": [2, -4]}
							}
						},
						{
							"origin": [-0.9375, 0.09375, -1.3],
							"size": [1.875, 0.75, 0.25],
							"uv": {
								"east": {"uv": [120, 38], "uv_size": [1, 1]},
								"south": {"uv": [119, 25], "uv_size": [2, 1]},
								"west": {"uv": [39, 120], "uv_size": [1, 1]},
								"down": {"uv": [26, 120], "uv_size": [2, -1]}
							}
						},
						{
							"origin": [0.48234, 2.32257, -3.3],
							"size": [0.44195, 0.1875, 1.5],
							"pivot": [1.16984, 2.41632, -2.3],
							"rotation": [0, 0, 45],
							"uv": {
								"north": {"uv": [40, 120], "uv_size": [1, 1]},
								"south": {"uv": [120, 40], "uv_size": [1, 1]},
								"up": {"uv": [119, 26], "uv_size": [1, 2]},
								"down": {"uv": [28, 121], "uv_size": [1, -2]}
							}
						},
						{
							"origin": [-0.9375, 0.76499, -1.44595],
							"size": [1.875, 0.67188, 0.25],
							"pivot": [0, 1.17124, -1.32095],
							"rotation": [22.5, 0, 0],
							"uv": {
								"east": {"uv": [41, 120], "uv_size": [1, 1]},
								"south": {"uv": [119, 28], "uv_size": [2, 1]},
								"west": {"uv": [120, 41], "uv_size": [1, 1]}
							}
						},
						{
							"origin": [-0.97411, 1.41697, -5.1125],
							"size": [0.1875, 0.125, 3.6875],
							"pivot": [-0.78661, 1.47947, -4.20625],
							"rotation": [0, 0, 45],
							"uv": {
								"north": {"uv": [42, 120], "uv_size": [1, 1]},
								"south": {"uv": [120, 42], "uv_size": [1, 1]},
								"up": {"uv": [6, 119], "uv_size": [1, 4]}
							}
						},
						{
							"origin": [-1.0625, 1.53125, -3.3],
							"size": [0.1875, 1.125, 1.5],
							"uv": {
								"north": {"uv": [43, 120], "uv_size": [1, 1]},
								"east": {"uv": [29, 119], "uv_size": [2, 1]},
								"west": {"uv": [119, 29], "uv_size": [2, 1]}
							}
						},
						{
							"origin": [0.78661, 1.41697, -5.1125],
							"size": [0.1875, 0.125, 3.6875],
							"pivot": [0.78661, 1.47947, -4.20625],
							"rotation": [0, 0, -45],
							"uv": {
								"north": {"uv": [120, 43], "uv_size": [1, 1]},
								"south": {"uv": [44, 120], "uv_size": [1, 1]},
								"up": {"uv": [119, 6], "uv_size": [1, 4]}
							}
						},
						{
							"origin": [-0.92429, 2.32257, -3.3],
							"size": [0.44195, 0.1875, 1.5],
							"pivot": [-1.16984, 2.41632, -2.3],
							"rotation": [0, 0, -45],
							"uv": {
								"north": {"uv": [120, 45], "uv_size": [1, 1]},
								"south": {"uv": [46, 120], "uv_size": [1, 1]},
								"up": {"uv": [119, 30], "uv_size": [1, 2]},
								"down": {"uv": [31, 121], "uv_size": [1, -2]}
							}
						},
						{
							"origin": [-1.0625, 0.72817, -5.49692],
							"size": [0.1875, 0.54366, 0.5],
							"pivot": [-0.5625, 1, -4.84067],
							"rotation": [-45, 0, 0],
							"uv": {
								"north": {"uv": [120, 46], "uv_size": [1, 1]},
								"east": {"uv": [47, 120], "uv_size": [1, 1]},
								"west": {"uv": [48, 120], "uv_size": [1, 1]}
							}
						},
						{
							"origin": [0.875, 0.72817, -5.49692],
							"size": [0.4375, 0.54366, 0.5],
							"pivot": [1.375, 1, -4.84067],
							"rotation": [-45, 0, 0],
							"uv": {
								"north": {"uv": [49, 120], "uv_size": [1, 1]},
								"east": {"uv": [120, 49], "uv_size": [1, 1]},
								"west": {"uv": [120, 50], "uv_size": [1, 1]}
							}
						},
						{
							"origin": [-0.875, 0.72817, -5.49692],
							"size": [1.75, 0.36688, 0.5],
							"pivot": [1.1875, 1, -4.84067],
							"rotation": [-45, 0, 0],
							"uv": {
								"north": {"uv": [32, 119], "uv_size": [2, 1]}
							}
						},
						{
							"origin": [-1.0625, 0.72817, -5.49692],
							"size": [2.375, 0.54366, 0.5],
							"uv": {
								"north": {"uv": [119, 32], "uv_size": [2, 1]},
								"east": {"uv": [51, 120], "uv_size": [1, 1]},
								"west": {"uv": [52, 120], "uv_size": [1, 1]}
							}
						},
						{
							"origin": [1.0625, 0.34375, -5.1125],
							"size": [0.25, 1.3125, 0.61558],
							"uv": {
								"west": {"uv": [120, 52], "uv_size": [1, 1]},
								"up": {"uv": [120, 53], "uv_size": [1, 1]},
								"down": {"uv": [55, 121], "uv_size": [1, -1]}
							}
						},
						{
							"origin": [0.88147, 0.34375, -4.67546],
							"size": [0.25, 1.3125, 0.36558],
							"pivot": [1.00647, 1, -4.36767],
							"rotation": [0, -45, 0],
							"uv": {
								"west": {"uv": [56, 120], "uv_size": [1, 1]},
								"up": {"uv": [57, 120], "uv_size": [1, 1]},
								"down": {"uv": [58, 121], "uv_size": [1, -1]}
							}
						},
						{
							"origin": [-1.0625, 0.34375, -5.1125],
							"size": [2.375, 0.5, 0.54366],
							"pivot": [-0.5625, 1, -4.84067],
							"rotation": [-45, 0, 0],
							"uv": {
								"east": {"uv": [120, 58], "uv_size": [1, 1]},
								"west": {"uv": [120, 59], "uv_size": [1, 1]},
								"down": {"uv": [119, 34], "uv_size": [2, -1]}
							}
						}
					]
				},
				{
					"name": "little",
					"parent": "EOTech_EXPS3",
					"pivot": [1.0625, 0.53125, -3.3625],
					"cubes": [
						{
							"origin": [-1.1875, 1.09375, -2.27855],
							"size": [0.125, 0.5, 0.2071],
							"uv": {
								"east": {"uv": [60, 120], "uv_size": [1, 1]},
								"up": {"uv": [61, 120], "uv_size": [1, 1]},
								"down": {"uv": [120, 62], "uv_size": [1, -1]}
							}
						},
						{
							"origin": [-1.1875, 1.09375, -2.27855],
							"size": [0.125, 0.5, 0.2071],
							"pivot": [-0.75, 1.34375, -2.175],
							"rotation": [-45, 0, 0],
							"uv": {
								"east": {"uv": [120, 62], "uv_size": [1, 1]},
								"up": {"uv": [63, 120], "uv_size": [1, 1]},
								"down": {"uv": [64, 121], "uv_size": [1, -1]}
							}
						},
						{
							"origin": [-1.1875, 1.2402, -2.425],
							"size": [0.125, 0.2071, 0.5],
							"uv": {
								"north": {"uv": [120, 64], "uv_size": [1, 1]},
								"east": {"uv": [120, 65], "uv_size": [1, 1]},
								"south": {"uv": [120, 66], "uv_size": [1, 1]}
							}
						},
						{
							"origin": [-1.1875, 1.2402, -2.425],
							"size": [0.125, 0.2071, 0.5],
							"pivot": [-0.75, 1.34375, -2.175],
							"rotation": [-45, 0, 0],
							"uv": {
								"north": {"uv": [120, 67], "uv_size": [1, 1]},
								"east": {"uv": [120, 68], "uv_size": [1, 1]},
								"south": {"uv": [120, 69], "uv_size": [1, 1]}
							}
						},
						{
							"origin": [-1.1875, 0.78125, -3.71605],
							"size": [0.125, 0.5, 0.2071],
							"uv": {
								"east": {"uv": [120, 70], "uv_size": [1, 1]},
								"up": {"uv": [120, 71], "uv_size": [1, 1]},
								"down": {"uv": [120, 73], "uv_size": [1, -1]}
							}
						},
						{
							"origin": [-1.1875, 0.9277, -3.8625],
							"size": [0.125, 0.2071, 0.5],
							"pivot": [-0.6875, 1.03125, -3.6125],
							"rotation": [-45, 0, 0],
							"uv": {
								"north": {"uv": [120, 73], "uv_size": [1, 1]},
								"east": {"uv": [120, 74], "uv_size": [1, 1]},
								"south": {"uv": [120, 75], "uv_size": [1, 1]}
							}
						},
						{
							"origin": [-1.1875, 0.9277, -3.8625],
							"size": [0.125, 0.2071, 0.5],
							"uv": {
								"north": {"uv": [120, 76], "uv_size": [1, 1]},
								"east": {"uv": [120, 77], "uv_size": [1, 1]},
								"south": {"uv": [120, 78], "uv_size": [1, 1]}
							}
						},
						{
							"origin": [-1.1875, 0.78125, -3.71605],
							"size": [0.125, 0.5, 0.2071],
							"pivot": [-0.6875, 1.03125, -3.6125],
							"rotation": [-45, 0, 0],
							"uv": {
								"east": {"uv": [120, 79], "uv_size": [1, 1]},
								"up": {"uv": [120, 80], "uv_size": [1, 1]},
								"down": {"uv": [120, 82], "uv_size": [1, -1]}
							}
						},
						{
							"origin": [-1.1875, -0.04642, -3.55],
							"size": [0.2, 0.15534, 0.375],
							"pivot": [-0.75, 0.03125, -3.3625],
							"rotation": [-45, 0, 0],
							"uv": {
								"north": {"uv": [120, 82], "uv_size": [1, 1]},
								"east": {"uv": [120, 83], "uv_size": [1, 1]},
								"south": {"uv": [120, 84], "uv_size": [1, 1]}
							}
						},
						{
							"origin": [-1.1875, -0.15625, -3.44017],
							"size": [0.2, 0.375, 0.15534],
							"pivot": [-0.75, 0.03125, -3.3625],
							"rotation": [-45, 0, 0],
							"uv": {
								"east": {"uv": [120, 85], "uv_size": [1, 1]},
								"up": {"uv": [120, 86], "uv_size": [1, 1]},
								"down": {"uv": [120, 88], "uv_size": [1, -1]}
							}
						},
						{
							"origin": [-1.1875, -0.15625, -3.44017],
							"size": [0.2, 0.375, 0.15534],
							"uv": {
								"east": {"uv": [120, 88], "uv_size": [1, 1]},
								"up": {"uv": [120, 89], "uv_size": [1, 1]},
								"down": {"uv": [120, 91], "uv_size": [1, -1]}
							}
						},
						{
							"origin": [-1.1875, -0.04642, -3.55],
							"size": [0.2, 0.15534, 0.375],
							"uv": {
								"north": {"uv": [120, 91], "uv_size": [1, 1]},
								"east": {"uv": [120, 92], "uv_size": [1, 1]},
								"south": {"uv": [120, 93], "uv_size": [1, 1]}
							}
						},
						{
							"origin": [-1.34375, 0.59375, -1.75711],
							"size": [0.5, 0.25, 0.25],
							"pivot": [-0.84375, 0.34375, -2.00711],
							"rotation": [-45, 0, 0],
							"uv": {
								"north": {"uv": [120, 94], "uv_size": [1, 1]},
								"east": {"uv": [120, 95], "uv_size": [1, 1]},
								"south": {"uv": [120, 96], "uv_size": [1, 1]},
								"up": {"uv": [120, 97], "uv_size": [1, 1]},
								"down": {"uv": [120, 99], "uv_size": [1, -1]}
							}
						},
						{
							"origin": [0.625, 1.125, -1.34779],
							"size": [0.1875, 0.1875, 0.20312],
							"pivot": [0.71875, 1.21875, -1.24623],
							"rotation": [16.32495, 15.69986, -42.73421],
							"uv": {
								"east": {"uv": [120, 99], "uv_size": [1, 1]},
								"south": {"uv": [120, 100], "uv_size": [1, 1]},
								"west": {"uv": [120, 101], "uv_size": [1, 1]},
								"up": {"uv": [103, 120], "uv_size": [1, 1]},
								"down": {"uv": [120, 104], "uv_size": [1, -1]}
							}
						},
						{
							"origin": [-0.8125, 1.125, -1.34779],
							"size": [0.1875, 0.1875, 0.20312],
							"pivot": [-0.71875, 1.21875, -1.24623],
							"rotation": [-16.32495, -15.69986, 137.26579],
							"uv": {
								"east": {"uv": [104, 120], "uv_size": [1, 1]},
								"south": {"uv": [120, 104], "uv_size": [1, 1]},
								"west": {"uv": [105, 120], "uv_size": [1, 1]},
								"up": {"uv": [120, 105], "uv_size": [1, 1]},
								"down": {"uv": [106, 121], "uv_size": [1, -1]}
							}
						},
						{
							"origin": [-0.78125, 0.1875, -1.97279],
							"size": [0.25, 0.25, 1.03125],
							"pivot": [-0.65625, 0.3125, -1.45716],
							"rotation": [0, 0, -45],
							"uv": {
								"east": {"uv": [120, 106], "uv_size": [1, 1]},
								"south": {"uv": [107, 120], "uv_size": [1, 1]},
								"west": {"uv": [120, 107], "uv_size": [1, 1]},
								"up": {"uv": [108, 120], "uv_size": [1, 1]},
								"down": {"uv": [120, 109], "uv_size": [1, -1]}
							}
						},
						{
							"origin": [0.53125, 0.1875, -1.97279],
							"size": [0.25, 0.25, 1.03125],
							"pivot": [0.65625, 0.3125, -1.45716],
							"rotation": [0, 0, -45],
							"uv": {
								"east": {"uv": [109, 120], "uv_size": [1, 1]},
								"south": {"uv": [120, 109], "uv_size": [1, 1]},
								"west": {"uv": [110, 120], "uv_size": [1, 1]},
								"up": {"uv": [120, 110], "uv_size": [1, 1]},
								"down": {"uv": [111, 121], "uv_size": [1, -1]}
							}
						},
						{
							"origin": [1.4375, 1.15625, -1.675],
							"size": [0.125, 0.375, 0.375],
							"pivot": [1.5, 1.34375, -1.4875],
							"rotation": [-45, 0, 0],
							"uv": {
								"north": {"uv": [120, 111], "uv_size": [1, 1]},
								"south": {"uv": [112, 120], "uv_size": [1, 1]},
								"west": {"uv": [120, 112], "uv_size": [1, 1]},
								"up": {"uv": [113, 120], "uv_size": [1, 1]},
								"down": {"uv": [120, 114], "uv_size": [1, -1]}
							}
						},
						{
							"origin": [1.4375, 0.46875, -1.7375],
							"size": [0.125, 0.375, 0.5625],
							"uv": {
								"north": {"uv": [114, 120], "uv_size": [1, 1]},
								"south": {"uv": [120, 114], "uv_size": [1, 1]},
								"west": {"uv": [115, 120], "uv_size": [1, 1]},
								"up": {"uv": [120, 115], "uv_size": [1, 1]},
								"down": {"uv": [116, 121], "uv_size": [1, -1]}
							}
						},
						{
							"origin": [1.4375, 0.46875, -2.425],
							"size": [0.125, 0.375, 0.5625],
							"uv": {
								"north": {"uv": [120, 116], "uv_size": [1, 1]},
								"south": {"uv": [117, 120], "uv_size": [1, 1]},
								"west": {"uv": [120, 117], "uv_size": [1, 1]},
								"up": {"uv": [118, 120], "uv_size": [1, 1]},
								"down": {"uv": [120, 119], "uv_size": [1, -1]}
							}
						},
						{
							"origin": [0.5625, 0.78125, -4.175],
							"size": [0.96875, 0.25, 0.25],
							"pivot": [1.0625, 0.53125, -4.425],
							"rotation": [-45, 0, 0],
							"uv": {
								"north": {"uv": [119, 120], "uv_size": [1, 1]},
								"south": {"uv": [120, 119], "uv_size": [1, 1]},
								"west": {"uv": [120, 120], "uv_size": [1, 1]},
								"up": {"uv": [121, 0], "uv_size": [1, 1]},
								"down": {"uv": [121, 2], "uv_size": [1, -1]}
							}
						},
						{
							"origin": [0.5625, 0.78125, -3.1125],
							"size": [0.96875, 0.25, 0.25],
							"pivot": [1.0625, 0.53125, -3.3625],
							"rotation": [-45, 0, 0],
							"uv": {
								"north": {"uv": [2, 121], "uv_size": [1, 1]},
								"south": {"uv": [121, 2], "uv_size": [1, 1]},
								"west": {"uv": [3, 121], "uv_size": [1, 1]},
								"up": {"uv": [121, 3], "uv_size": [1, 1]},
								"down": {"uv": [4, 122], "uv_size": [1, -1]}
							}
						},
						{
							"origin": [1.0625, 0.09375, -1.425],
							"size": [0.3125, 1.4375, 0.25],
							"uv": {
								"east": {"uv": [5, 121], "uv_size": [1, 1]},
								"south": {"uv": [121, 6], "uv_size": [1, 1]},
								"down": {"uv": [7, 122], "uv_size": [1, -1]}
							}
						},
						{
							"origin": [1.0625, 0.09375, -2.3],
							"size": [0.3125, 1.6875, 0.875],
							"uv": {
								"north": {"uv": [34, 119], "uv_size": [1, 2]},
								"up": {"uv": [121, 7], "uv_size": [1, 1]},
								"down": {"uv": [8, 122], "uv_size": [1, -1]}
							}
						},
						{
							"origin": [1.0625, 1.40338, -1.48371],
							"size": [0.3125, 0.35355, 0.25],
							"pivot": [1.21875, 1.53818, -1.35871],
							"rotation": [45, 0, 0],
							"uv": {
								"east": {"uv": [121, 8], "uv_size": [1, 1]},
								"south": {"uv": [9, 121], "uv_size": [1, 1]}
							}
						}
					]
				},
				{
					"name": "frame",
					"parent": "EOTech_EXPS3",
					"pivot": [0, -1.3, -0.1],
					"cubes": [
						{
							"origin": [1.375, 0.93132, -2.3625],
							"size": [0.125, 0.78743, 0.9699],
							"uv": {
								"west": {"uv": [121, 9], "uv_size": [1, 1]}
							}
						},
						{
							"origin": [1.375, 1.64375, -1.4211],
							"size": [0.125, 0.075, 0.29392],
							"uv": {
								"south": {"uv": [121, 11], "uv_size": [1, 1]},
								"west": {"uv": [12, 121], "uv_size": [1, 1]}
							}
						},
						{
							"origin": [1.375, 0.09375, -2.3625],
							"size": [0.125, 0.83757, 1.3699],
							"uv": {
								"east": {"uv": [121, 12], "uv_size": [1, 1]},
								"south": {"uv": [13, 121], "uv_size": [1, 1]},
								"west": {"uv": [121, 13], "uv_size": [1, 1]},
								"down": {"uv": [14, 122], "uv_size": [1, -1]}
							}
						},
						{
							"origin": [1.1875, 1.84375, -3.55],
							"size": [0.125, 0.8125, 1.875],
							"uv": {
								"north": {"uv": [121, 14], "uv_size": [1, 1]},
								"east": {"uv": [119, 34], "uv_size": [2, 1]},
								"south": {"uv": [15, 121], "uv_size": [1, 1]},
								"west": {"uv": [35, 119], "uv_size": [2, 1]}
							}
						},
						{
							"origin": [1.375, 0.28125, -4.2375],
							"size": [0.125, 1.125, 1.875],
							"uv": {
								"north": {"uv": [121, 15], "uv_size": [1, 1]},
								"east": {"uv": [119, 35], "uv_size": [2, 1]},
								"west": {"uv": [119, 36], "uv_size": [2, 1]},
								"down": {"uv": [37, 121], "uv_size": [1, -2]}
							}
						},
						{
							"origin": [-0.71875, 3.0625, -3.55],
							"size": [1.44024, 0.12557, 1.875],
							"uv": {
								"north": {"uv": [16, 121], "uv_size": [1, 1]},
								"south": {"uv": [121, 16], "uv_size": [1, 1]},
								"up": {"uv": [119, 37], "uv_size": [1, 2]},
								"down": {"uv": [38, 121], "uv_size": [1, -2]}
							}
						},
						{
							"origin": [1.375, 1.40625, -3.925],
							"size": [0.125, 0.3125, 1.5625],
							"uv": {
								"east": {"uv": [39, 119], "uv_size": [2, 1]},
								"west": {"uv": [119, 39], "uv_size": [2, 1]},
								"up": {"uv": [119, 40], "uv_size": [1, 2]}
							}
						},
						{
							"origin": [1.1875, 1.78125, -3.8],
							"size": [0.125, 0.125, 2.4],
							"uv": {
								"north": {"uv": [17, 121], "uv_size": [1, 1]},
								"east": {"uv": [41, 119], "uv_size": [2, 1]},
								"south": {"uv": [121, 17], "uv_size": [1, 1]},
								"down": {"uv": [119, 44], "uv_size": [1, -2]}
							}
						},
						{
							"origin": [1.28282, 1.62879, -3.8],
							"size": [0.125, 0.26517, 2.4],
							"pivot": [1.34532, 1.78504, -2.8],
							"rotation": [0, 0, -45],
							"uv": {
								"north": {"uv": [18, 121], "uv_size": [1, 1]},
								"east": {"uv": [43, 119], "uv_size": [2, 1]},
								"west": {"uv": [119, 44], "uv_size": [2, 1]}
							}
						},
						{
							"origin": [1.28282, 1.62879, -1.4],
							"size": [0.125, 0.075, 0.27282],
							"pivot": [1.34532, 1.78504, -2.8],
							"rotation": [0, 0, -45],
							"uv": {
								"south": {"uv": [121, 18], "uv_size": [1, 1]},
								"west": {"uv": [19, 121], "uv_size": [1, 1]}
							}
						},
						{
							"origin": [1.28282, 1.70379, -1.4],
							"size": [0.125, 0.1, 0.12282],
							"pivot": [1.34532, 1.78504, -2.8],
							"rotation": [0, 0, -45],
							"uv": {
								"east": {"uv": [121, 19], "uv_size": [1, 1]},
								"west": {"uv": [20, 121], "uv_size": [1, 1]}
							}
						},
						{
							"origin": [1.37026, 1.58206, -1.26128],
							"size": [0.125, 0.375, 0.1],
							"pivot": [1.43276, 1.6976, -1.31359],
							"rotation": [50, 0, -45],
							"uv": {
								"east": {"uv": [121, 20], "uv_size": [1, 1]},
								"south": {"uv": [21, 121], "uv_size": [1, 1]},
								"west": {"uv": [121, 21], "uv_size": [1, 1]}
							}
						},
						{
							"origin": [1.1875, 1.75, -3.7375],
							"size": [0.125, 0.65625, 0.25],
							"pivot": [-0.0625, 1.96875, -3.39375],
							"rotation": [-22.5, 0, 0],
							"uv": {
								"north": {"uv": [22, 121], "uv_size": [1, 1]},
								"east": {"uv": [121, 22], "uv_size": [1, 1]},
								"west": {"uv": [23, 121], "uv_size": [1, 1]}
							}
						},
						{
							"origin": [0.65343, 2.97093, -3.55],
							"size": [0.48438, 0.125, 1.875],
							"pivot": [0.91906, 2.97093, -2.6125],
							"rotation": [0, 0, 22.5],
							"uv": {
								"north": {"uv": [121, 23], "uv_size": [1, 1]},
								"south": {"uv": [24, 121], "uv_size": [1, 1]},
								"up": {"uv": [45, 119], "uv_size": [1, 2]},
								"down": {"uv": [119, 47], "uv_size": [1, -2]}
							}
						},
						{
							"origin": [1.375, 1.04419, -4.05092],
							"size": [0.125, 0.44195, 0.25],
							"pivot": [0.125, 1.45044, -3.70717],
							"rotation": [-45, 0, 0],
							"uv": {
								"north": {"uv": [121, 24], "uv_size": [1, 1]},
								"east": {"uv": [25, 121], "uv_size": [1, 1]},
								"west": {"uv": [121, 25], "uv_size": [1, 1]}
							}
						},
						{
							"origin": [1.1133, 2.59176, -3.55],
							"size": [0.125, 0.375, 1.875],
							"pivot": [1.1133, 2.81051, -2.6125],
							"rotation": [0, 0, -22.5],
							"uv": {
								"north": {"uv": [26, 121], "uv_size": [1, 1]},
								"east": {"uv": [46, 119], "uv_size": [2, 1]},
								"south": {"uv": [121, 26], "uv_size": [1, 1]},
								"west": {"uv": [119, 47], "uv_size": [2, 1]}
							}
						},
						{
							"origin": [-1.2383, 2.59176, -3.55],
							"size": [0.125, 0.375, 1.875],
							"pivot": [-1.1133, 2.81051, -2.6125],
							"rotation": [0, 0, 22.5],
							"uv": {
								"north": {"uv": [27, 121], "uv_size": [1, 1]},
								"east": {"uv": [48, 119], "uv_size": [2, 1]},
								"south": {"uv": [121, 27], "uv_size": [1, 1]},
								"west": {"uv": [119, 48], "uv_size": [2, 1]}
							}
						},
						{
							"origin": [-1.13781, 2.97093, -3.55],
							"size": [0.48438, 0.125, 1.875],
							"pivot": [-0.91906, 2.97093, -2.6125],
							"rotation": [0, 0, -22.5],
							"uv": {
								"north": {"uv": [28, 121], "uv_size": [1, 1]},
								"south": {"uv": [121, 28], "uv_size": [1, 1]},
								"up": {"uv": [119, 49], "uv_size": [1, 2]},
								"down": {"uv": [50, 121], "uv_size": [1, -2]}
							}
						},
						{
							"origin": [1.1875, 1.78883, -1.78614],
							"size": [0.125, 0.75, 0.3125],
							"pivot": [-0.0625, 2.03883, -1.72364],
							"rotation": [22.5, 0, 0],
							"uv": {
								"east": {"uv": [29, 121], "uv_size": [1, 1]},
								"south": {"uv": [121, 29], "uv_size": [1, 1]},
								"west": {"uv": [30, 121], "uv_size": [1, 1]}
							}
						},
						{
							"origin": [1.375, 0.20389, -2.7287],
							"size": [0.125, 0.1875, 0.5],
							"pivot": [1.4375, 0.48514, -2.57245],
							"rotation": [-22.5, 0, 0],
							"uv": {
								"east": {"uv": [121, 30], "uv_size": [1, 1]},
								"west": {"uv": [31, 121], "uv_size": [1, 1]},
								"down": {"uv": [121, 32], "uv_size": [1, -1]}
							}
						},
						{
							"origin": [-1.3125, 0.93132, -1.675],
							"size": [0.125, 0.97221, 0.278],
							"uv": {
								"north": {"uv": [32, 121], "uv_size": [1, 1]},
								"east": {"uv": [121, 32], "uv_size": [1, 1]},
								"west": {"uv": [33, 121], "uv_size": [1, 1]}
							}
						},
						{
							"origin": [-1.3125, 1.50919, -1.35534],
							"size": [0.125, 0.4, 0.25],
							"pivot": [-0.25, 1.5543, -1.24434],
							"rotation": [45, 0, 0],
							"uv": {
								"east": {"uv": [121, 33], "uv_size": [1, 1]},
								"south": {"uv": [34, 121], "uv_size": [1, 1]},
								"west": {"uv": [121, 34], "uv_size": [1, 1]}
							}
						},
						{
							"origin": [1.375, 0.90194, -1.45042],
							"size": [0.125, 0.775, 0.4],
							"pivot": [1.25, 1.24705, -1.18942],
							"rotation": [10, 0, 0],
							"uv": {
								"east": {"uv": [35, 121], "uv_size": [1, 1]},
								"south": {"uv": [121, 35], "uv_size": [1, 1]},
								"west": {"uv": [36, 121], "uv_size": [1, 1]}
							}
						},
						{
							"origin": [-1.3125, 0.90194, -1.45042],
							"size": [0.125, 0.7, 0.4],
							"pivot": [-1.25, 1.24705, -1.18942],
							"rotation": [10, 0, 0],
							"uv": {
								"east": {"uv": [121, 36], "uv_size": [1, 1]},
								"south": {"uv": [37, 121], "uv_size": [1, 1]},
								"west": {"uv": [121, 37], "uv_size": [1, 1]}
							}
						},
						{
							"origin": [-1.3125, 0.09375, -1.675],
							"size": [0.125, 0.83757, 0.6824],
							"uv": {
								"east": {"uv": [38, 121], "uv_size": [1, 1]},
								"south": {"uv": [121, 38], "uv_size": [1, 1]},
								"west": {"uv": [39, 121], "uv_size": [1, 1]},
								"down": {"uv": [121, 40], "uv_size": [1, -1]}
							}
						},
						{
							"origin": [-1.3125, 0.46875, -4.2375],
							"size": [0.125, 0.9375, 0.125],
							"uv": {
								"north": {"uv": [40, 121], "uv_size": [1, 1]},
								"east": {"uv": [121, 40], "uv_size": [1, 1]},
								"south": {"uv": [41, 121], "uv_size": [1, 1]},
								"west": {"uv": [121, 41], "uv_size": [1, 1]}
							}
						},
						{
							"origin": [-1.3125, 1.59375, -3.7375],
							"size": [0.125, 0.8125, 0.6875],
							"pivot": [1.0625, 1.96875, -3.39375],
							"rotation": [-22.5, 0, 0],
							"uv": {
								"north": {"uv": [42, 121], "uv_size": [1, 1]},
								"east": {"uv": [121, 42], "uv_size": [1, 1]},
								"west": {"uv": [43, 121], "uv_size": [1, 1]}
							}
						},
						{
							"origin": [-1.3125, 1.04419, -4.05092],
							"size": [0.125, 0.625, 0.125],
							"pivot": [0.0625, 1.45044, -3.70717],
							"rotation": [-45, 0, 0],
							"uv": {
								"north": {"uv": [121, 43], "uv_size": [1, 1]},
								"east": {"uv": [44, 121], "uv_size": [1, 1]},
								"west": {"uv": [121, 44], "uv_size": [1, 1]}
							}
						},
						{
							"origin": [-1.3125, 1.78883, -1.78614],
							"size": [0.125, 0.75, 0.3125],
							"pivot": [0.0625, 2.03883, -1.72364],
							"rotation": [22.5, 0, 0],
							"uv": {
								"east": {"uv": [45, 121], "uv_size": [1, 1]},
								"south": {"uv": [121, 45], "uv_size": [1, 1]},
								"west": {"uv": [46, 121], "uv_size": [1, 1]}
							}
						},
						{
							"origin": [-1.3125, 1.08487, -1.675],
							"size": [0.125, 0.51776, 0.25],
							"pivot": [-0.8125, 1.34375, -2.175],
							"rotation": [-45, 0, 0],
							"uv": {
								"north": {"uv": [121, 46], "uv_size": [1, 1]},
								"east": {"uv": [47, 121], "uv_size": [1, 1]},
								"west": {"uv": [121, 47], "uv_size": [1, 1]}
							}
						},
						{
							"origin": [-1.3125, 0.59375, -2.43388],
							"size": [0.125, 0.25, 0.51776],
							"pivot": [-0.8125, 1.34375, -2.175],
							"rotation": [-45, 0, 0],
							"uv": {
								"east": {"uv": [48, 121], "uv_size": [1, 1]},
								"west": {"uv": [121, 48], "uv_size": [1, 1]},
								"up": {"uv": [49, 121], "uv_size": [1, 1]}
							}
						},
						{
							"origin": [-1.3125, 1.84375, -2.43388],
							"size": [0.125, 0.25, 0.51776],
							"pivot": [-0.8125, 1.34375, -2.175],
							"rotation": [-45, 0, 0],
							"uv": {
								"east": {"uv": [121, 49], "uv_size": [1, 1]},
								"west": {"uv": [50, 121], "uv_size": [1, 1]},
								"down": {"uv": [121, 51], "uv_size": [1, -1]}
							}
						},
						{
							"origin": [-1.3125, 0.77237, -4.2375],
							"size": [0.125, 0.58026, 0.125],
							"pivot": [-0.8125, 1.03125, -3.6125],
							"rotation": [-45, 0, 0],
							"uv": {
								"east": {"uv": [51, 121], "uv_size": [1, 1]},
								"south": {"uv": [121, 51], "uv_size": [1, 1]},
								"west": {"uv": [52, 121], "uv_size": [1, 1]}
							}
						},
						{
							"origin": [-1.3125, 0.77237, -3.1125],
							"size": [0.125, 0.51776, 0.25],
							"pivot": [-0.8125, 1.03125, -3.6125],
							"rotation": [-45, 0, 0],
							"uv": {
								"north": {"uv": [121, 52], "uv_size": [1, 1]},
								"east": {"uv": [53, 121], "uv_size": [1, 1]},
								"west": {"uv": [121, 53], "uv_size": [1, 1]}
							}
						},
						{
							"origin": [-1.3125, 0.77237, -3.1125],
							"size": [0.125, 0.83026, 0.4375],
							"uv": {
								"north": {"uv": [54, 121], "uv_size": [1, 1]},
								"east": {"uv": [121, 54], "uv_size": [1, 1]},
								"south": {"uv": [55, 121], "uv_size": [1, 1]},
								"west": {"uv": [121, 55], "uv_size": [1, 1]}
							}
						},
						{
							"origin": [-1.3125, 0.40625, -3.87138],
							"size": [0.125, 0.125, 0.51776],
							"pivot": [-0.8125, 1.03125, -3.6125],
							"rotation": [-45, 0, 0],
							"uv": {
								"east": {"uv": [56, 121], "uv_size": [1, 1]},
								"west": {"uv": [121, 56], "uv_size": [1, 1]},
								"up": {"uv": [57, 121], "uv_size": [1, 1]}
							}
						},
						{
							"origin": [-1.3125, 1.53125, -3.87138],
							"size": [0.125, 0.99632, 0.55438],
							"pivot": [-0.8125, 1.03125, -3.6125],
							"rotation": [-45, 0, 0],
							"uv": {
								"east": {"uv": [121, 57], "uv_size": [1, 1]},
								"south": {"uv": [58, 121], "uv_size": [1, 1]},
								"west": {"uv": [121, 58], "uv_size": [1, 1]},
								"down": {"uv": [59, 122], "uv_size": [1, -1]}
							}
						},
						{
							"origin": [-1.3125, 1.53125, -3.87138],
							"size": [0.125, 0.1875, 0.51776],
							"uv": {
								"east": {"uv": [121, 59], "uv_size": [1, 1]},
								"west": {"uv": [60, 121], "uv_size": [1, 1]},
								"down": {"uv": [121, 61], "uv_size": [1, -1]}
							}
						},
						{
							"origin": [-1.3125, 0.09375, -2.3625],
							"size": [0.125, 0.75, 0.6875],
							"uv": {
								"east": {"uv": [61, 121], "uv_size": [1, 1]},
								"west": {"uv": [121, 61], "uv_size": [1, 1]},
								"up": {"uv": [62, 121], "uv_size": [1, 1]},
								"down": {"uv": [121, 63], "uv_size": [1, -1]}
							}
						},
						{
							"origin": [-1.3125, 0.28125, -3.05],
							"size": [0.125, 0.5625, 0.6875],
							"uv": {
								"east": {"uv": [63, 121], "uv_size": [1, 1]},
								"west": {"uv": [121, 63], "uv_size": [1, 1]},
								"up": {"uv": [64, 121], "uv_size": [1, 1]},
								"down": {"uv": [121, 65], "uv_size": [1, -1]}
							}
						},
						{
							"origin": [-1.3125, 0.20389, -2.7287],
							"size": [0.125, 0.1875, 0.5],
							"pivot": [-1.25, 0.48514, -2.57245],
							"rotation": [-22.5, 0, 0],
							"uv": {
								"east": {"uv": [65, 121], "uv_size": [1, 1]},
								"west": {"uv": [121, 65], "uv_size": [1, 1]},
								"down": {"uv": [66, 122], "uv_size": [1, -1]}
							}
						},
						{
							"origin": [-1.3125, 0.28125, -4.2375],
							"size": [0.125, 0.25, 1.1875],
							"uv": {
								"north": {"uv": [121, 66], "uv_size": [1, 1]},
								"east": {"uv": [67, 121], "uv_size": [1, 1]},
								"west": {"uv": [121, 67], "uv_size": [1, 1]},
								"up": {"uv": [68, 121], "uv_size": [1, 1]},
								"down": {"uv": [121, 69], "uv_size": [1, -1]}
							}
						},
						{
							"origin": [-1.3125, 0.31786, -3.83477],
							"size": [0.125, 0.125, 0.26777],
							"pivot": [-0.8125, 0.94286, -3.70089],
							"rotation": [-45, 0, 0],
							"uv": {
								"east": {"uv": [69, 121], "uv_size": [1, 1]},
								"west": {"uv": [121, 69], "uv_size": [1, 1]}
							}
						},
						{
							"origin": [-1.3125, 1.84375, -3.55],
							"size": [0.125, 0.8125, 1.875],
							"uv": {
								"north": {"uv": [70, 121], "uv_size": [1, 1]},
								"east": {"uv": [51, 119], "uv_size": [2, 1]},
								"south": {"uv": [121, 70], "uv_size": [1, 1]},
								"west": {"uv": [119, 51], "uv_size": [2, 1]},
								"down": {"uv": [119, 54], "uv_size": [1, -2]}
							}
						}
					]
				},
				{
					"name": "EOTech_STS",
					"parent": "scope_body",
					"pivot": [0, 6.3, 3.6]
				},
				{
					"name": "STS_base",
					"parent": "EOTech_STS",
					"pivot": [-0.025, 6.3, 3.6],
					"cubes": [
						{
							"origin": [-0.375, -0.025, -0.75],
							"size": [0.75, 0.35, 1.75],
							"uv": {
								"north": {"uv": [71, 121], "uv_size": [1, 1]},
								"south": {"uv": [121, 71], "uv_size": [1, 1]},
								"up": {"uv": [53, 119], "uv_size": [1, 2]},
								"down": {"uv": [54, 121], "uv_size": [1, -2]}
							}
						},
						{
							"origin": [0.375, -0.325, 0.325],
							"size": [0.75, 0.65, 0.675],
							"uv": {
								"north": {"uv": [72, 121], "uv_size": [1, 1]},
								"east": {"uv": [121, 72], "uv_size": [1, 1]},
								"south": {"uv": [73, 121], "uv_size": [1, 1]},
								"west": {"uv": [121, 73], "uv_size": [1, 1]},
								"up": {"uv": [74, 121], "uv_size": [1, 1]},
								"down": {"uv": [121, 75], "uv_size": [1, -1]}
							}
						},
						{
							"origin": [0.375, -0.325, -0.75],
							"size": [0.725, 0.65, 0.4],
							"uv": {
								"north": {"uv": [75, 121], "uv_size": [1, 1]},
								"east": {"uv": [121, 75], "uv_size": [1, 1]},
								"south": {"uv": [76, 121], "uv_size": [1, 1]},
								"west": {"uv": [121, 76], "uv_size": [1, 1]},
								"up": {"uv": [77, 121], "uv_size": [1, 1]},
								"down": {"uv": [121, 78], "uv_size": [1, -1]}
							}
						},
						{
							"origin": [0.375, -0.325, -0.35],
							"size": [0.6, 0.65, 0.675],
							"uv": {
								"east": {"uv": [78, 121], "uv_size": [1, 1]},
								"west": {"uv": [121, 78], "uv_size": [1, 1]},
								"up": {"uv": [79, 121], "uv_size": [1, 1]},
								"down": {"uv": [121, 80], "uv_size": [1, -1]}
							}
						},
						{
							"origin": [-1.1, -0.325, -0.75],
							"size": [0.725, 0.65, 0.45],
							"uv": {
								"north": {"uv": [80, 121], "uv_size": [1, 1]},
								"east": {"uv": [121, 80], "uv_size": [1, 1]},
								"south": {"uv": [81, 121], "uv_size": [1, 1]},
								"west": {"uv": [121, 81], "uv_size": [1, 1]},
								"down": {"uv": [82, 122], "uv_size": [1, -1]}
							}
						},
						{
							"origin": [-1, -0.325, -0.3],
							"size": [0.625, 0.65, 0.85],
							"uv": {
								"east": {"uv": [121, 82], "uv_size": [1, 1]},
								"west": {"uv": [83, 121], "uv_size": [1, 1]},
								"up": {"uv": [121, 83], "uv_size": [1, 1]},
								"down": {"uv": [84, 122], "uv_size": [1, -1]}
							}
						},
						{
							"origin": [-1.1, -0.325, 0.55],
							"size": [0.725, 0.65, 0.45],
							"uv": {
								"north": {"uv": [121, 84], "uv_size": [1, 1]},
								"east": {"uv": [85, 121], "uv_size": [1, 1]},
								"south": {"uv": [121, 85], "uv_size": [1, 1]},
								"west": {"uv": [86, 121], "uv_size": [1, 1]},
								"down": {"uv": [121, 87], "uv_size": [1, -1]}
							}
						},
						{
							"origin": [-1.2, -0.1, -0.075],
							"size": [2.175, 0.3, 0.3],
							"pivot": [-0.025, 0, 0.125],
							"rotation": [-45, 0, 0],
							"uv": {
								"north": {"uv": [119, 54], "uv_size": [2, 1]},
								"east": {"uv": [87, 121], "uv_size": [1, 1]},
								"south": {"uv": [55, 119], "uv_size": [2, 1]},
								"west": {"uv": [121, 87], "uv_size": [1, 1]},
								"up": {"uv": [119, 55], "uv_size": [2, 1]},
								"down": {"uv": [119, 57], "uv_size": [2, -1]}
							}
						},
						{
							"origin": [-1.0075, 0.3, 0.55],
							"size": [0.29, 0.75, 0.45],
							"uv": {
								"north": {"uv": [88, 121], "uv_size": [1, 1]},
								"south": {"uv": [121, 88], "uv_size": [1, 1]},
								"up": {"uv": [89, 121], "uv_size": [1, 1]}
							}
						},
						{
							"origin": [-1.0075, 0.35, 0.55],
							"size": [0.29, 0.7, 0.45],
							"pivot": [-0.8625, 0.7, 0.775],
							"rotation": [0, 0, 45],
							"uv": {
								"north": {"uv": [121, 89], "uv_size": [1, 1]},
								"south": {"uv": [90, 121], "uv_size": [1, 1]},
								"up": {"uv": [121, 90], "uv_size": [1, 1]}
							}
						},
						{
							"origin": [-1.0075, 0.35, 0.55],
							"size": [0.29, 0.7, 0.45],
							"pivot": [-0.8625, 0.7, 0.775],
							"rotation": [0, 0, 90],
							"uv": {
								"north": {"uv": [91, 121], "uv_size": [1, 1]},
								"south": {"uv": [121, 91], "uv_size": [1, 1]},
								"up": {"uv": [92, 121], "uv_size": [1, 1]},
								"down": {"uv": [121, 93], "uv_size": [1, -1]}
							}
						},
						{
							"origin": [-0.83748, 0.23004, 0.55],
							"size": [0.325, 0.325, 0.45],
							"pivot": [-0.51248, 0.55504, 1],
							"rotation": [0, 0, -35],
							"uv": {
								"north": {"uv": [93, 121], "uv_size": [1, 1]},
								"south": {"uv": [121, 93], "uv_size": [1, 1]},
								"west": {"uv": [94, 121], "uv_size": [1, 1]}
							}
						},
						{
							"origin": [-1.0075, 0.35, 0.55],
							"size": [0.29, 0.7, 0.45],
							"pivot": [-0.8625, 0.7, 0.775],
							"rotation": [0, 0, 135],
							"uv": {
								"north": {"uv": [121, 94], "uv_size": [1, 1]},
								"south": {"uv": [95, 121], "uv_size": [1, 1]},
								"down": {"uv": [121, 96], "uv_size": [1, -1]}
							}
						},
						{
							"origin": [-1.2125, 0.03, 0.55],
							"size": [0.29, 0.525, 0.45],
							"pivot": [-1.2125, 0.555, 1],
							"rotation": [0, 0, -12.5],
							"uv": {
								"north": {"uv": [96, 121], "uv_size": [1, 1]},
								"east": {"uv": [121, 96], "uv_size": [1, 1]},
								"south": {"uv": [97, 121], "uv_size": [1, 1]}
							}
						},
						{
							"origin": [-0.83748, 0.23004, -0.75],
							"size": [0.325, 0.325, 0.45],
							"pivot": [-0.51248, 0.55504, -0.3],
							"rotation": [0, 0, -35],
							"uv": {
								"north": {"uv": [121, 97], "uv_size": [1, 1]},
								"south": {"uv": [98, 121], "uv_size": [1, 1]},
								"west": {"uv": [121, 98], "uv_size": [1, 1]}
							}
						},
						{
							"origin": [-1.0075, 0.3, -0.75],
							"size": [0.29, 0.75, 0.45],
							"uv": {
								"north": {"uv": [99, 121], "uv_size": [1, 1]},
								"south": {"uv": [121, 99], "uv_size": [1, 1]},
								"up": {"uv": [100, 121], "uv_size": [1, 1]}
							}
						},
						{
							"origin": [-1.2125, 0.03, -0.75],
							"size": [0.29, 0.525, 0.45],
							"pivot": [-1.2125, 0.555, -0.3],
							"rotation": [0, 0, -12.5],
							"uv": {
								"north": {"uv": [121, 100], "uv_size": [1, 1]},
								"east": {"uv": [101, 121], "uv_size": [1, 1]},
								"south": {"uv": [121, 101], "uv_size": [1, 1]}
							}
						},
						{
							"origin": [-1.0075, 0.35, -0.75],
							"size": [0.29, 0.7, 0.45],
							"pivot": [-0.8625, 0.7, -0.525],
							"rotation": [0, 0, 90],
							"uv": {
								"north": {"uv": [102, 121], "uv_size": [1, 1]},
								"south": {"uv": [121, 102], "uv_size": [1, 1]},
								"up": {"uv": [103, 121], "uv_size": [1, 1]},
								"down": {"uv": [121, 104], "uv_size": [1, -1]}
							}
						},
						{
							"origin": [-1.0075, 0.35, -0.75],
							"size": [0.29, 0.7, 0.45],
							"pivot": [-0.8625, 0.7, -0.525],
							"rotation": [0, 0, 135],
							"uv": {
								"north": {"uv": [104, 121], "uv_size": [1, 1]},
								"south": {"uv": [121, 104], "uv_size": [1, 1]},
								"down": {"uv": [105, 122], "uv_size": [1, -1]}
							}
						},
						{
							"origin": [-1.0075, 0.35, -0.75],
							"size": [0.29, 0.7, 0.45],
							"pivot": [-0.8625, 0.7, -0.525],
							"rotation": [0, 0, 45],
							"uv": {
								"north": {"uv": [121, 105], "uv_size": [1, 1]},
								"south": {"uv": [106, 121], "uv_size": [1, 1]},
								"up": {"uv": [121, 106], "uv_size": [1, 1]}
							}
						},
						{
							"origin": [1.1, -0.325, -0.75],
							"size": [0.275, 0.15, 0.4],
							"uv": {
								"north": {"uv": [107, 121], "uv_size": [1, 1]},
								"west": {"uv": [121, 107], "uv_size": [1, 1]},
								"up": {"uv": [108, 121], "uv_size": [1, 1]},
								"down": {"uv": [121, 109], "uv_size": [1, -1]}
							}
						},
						{
							"origin": [1.1, 0.25, -0.75],
							"size": [0.275, 0.075, 0.4],
							"uv": {
								"north": {"uv": [109, 121], "uv_size": [1, 1]},
								"west": {"uv": [121, 109], "uv_size": [1, 1]},
								"up": {"uv": [110, 121], "uv_size": [1, 1]},
								"down": {"uv": [121, 111], "uv_size": [1, -1]}
							}
						},
						{
							"origin": [0.80931, -0.325, -0.63284],
							"size": [0.56569, 0.15, 0.28284],
							"pivot": [1.375, -0.325, -0.35],
							"rotation": [0, 45, 0],
							"uv": {
								"south": {"uv": [111, 121], "uv_size": [1, 1]},
								"up": {"uv": [121, 111], "uv_size": [1, 1]},
								"down": {"uv": [112, 122], "uv_size": [1, -1]}
							}
						},
						{
							"origin": [0.80931, 0.25, -0.63284],
							"size": [0.56569, 0.075, 0.28284],
							"pivot": [1.375, 0.325, -0.35],
							"rotation": [0, 45, 0],
							"uv": {
								"south": {"uv": [121, 112], "uv_size": [1, 1]},
								"up": {"uv": [113, 121], "uv_size": [1, 1]},
								"down": {"uv": [121, 114], "uv_size": [1, -1]}
							}
						},
						{
							"origin": [0.80931, -0.175, -0.54445],
							"size": [0.37123, 0.425, 0.19445],
							"pivot": [1.375, 0.325, -0.35],
							"rotation": [0, 45, 0],
							"uv": {
								"south": {"uv": [114, 121], "uv_size": [1, 1]},
								"west": {"uv": [121, 114], "uv_size": [1, 1]}
							}
						},
						{
							"origin": [0.975, -0.075, -0.225],
							"size": [0.4, 0.225, 0.55],
							"uv": {
								"north": {"uv": [115, 121], "uv_size": [1, 1]},
								"east": {"uv": [121, 115], "uv_size": [1, 1]},
								"south": {"uv": [116, 121], "uv_size": [1, 1]},
								"west": {"uv": [121, 116], "uv_size": [1, 1]},
								"up": {"uv": [117, 121], "uv_size": [1, 1]},
								"down": {"uv": [121, 118], "uv_size": [1, -1]}
							}
						},
						{
							"origin": [1.375, -0.075, -0.125],
							"size": [0.1, 0.225, 0.35],
							"uv": {
								"north": {"uv": [118, 121], "uv_size": [1, 1]},
								"east": {"uv": [121, 118], "uv_size": [1, 1]},
								"south": {"uv": [119, 121], "uv_size": [1, 1]},
								"west": {"uv": [121, 119], "uv_size": [1, 1]},
								"up": {"uv": [120, 121], "uv_size": [1, 1]},
								"down": {"uv": [121, 121], "uv_size": [1, -1]}
							}
						},
						{
							"origin": [1.33358, -0.075, -0.125],
							"size": [0.14142, 0.225, 0.07071],
							"pivot": [1.475, -0.075, -0.125],
							"rotation": [0, -45, 0],
							"uv": {
								"north": {"uv": [121, 121], "uv_size": [1, 1]},
								"east": {"uv": [122, 0], "uv_size": [1, 1]},
								"south": {"uv": [122, 1], "uv_size": [1, 1]},
								"west": {"uv": [2, 122], "uv_size": [1, 1]},
								"up": {"uv": [122, 2], "uv_size": [1, 1]},
								"down": {"uv": [3, 123], "uv_size": [1, -1]}
							}
						},
						{
							"origin": [1.33358, -0.075, 0.15429],
							"size": [0.14142, 0.225, 0.07071],
							"pivot": [1.475, -0.075, 0.225],
							"rotation": [0, 45, 0],
							"uv": {
								"north": {"uv": [122, 3], "uv_size": [1, 1]},
								"east": {"uv": [4, 122], "uv_size": [1, 1]},
								"south": {"uv": [5, 122], "uv_size": [1, 1]},
								"west": {"uv": [122, 6], "uv_size": [1, 1]},
								"up": {"uv": [7, 122], "uv_size": [1, 1]},
								"down": {"uv": [122, 8], "uv_size": [1, -1]}
							}
						}
					]
				},
				{
					"name": "leverlock",
					"parent": "STS_base",
					"pivot": [1.275, 0, -0.525],
					"rotation": [0, 22.5, 0],
					"cubes": [
						{
							"origin": [1.225, -0.35, -0.575],
							"size": [0.1, 0.7, 0.1],
							"pivot": [1.275, 0, -0.525],
							"rotation": [0, -45, 0],
							"uv": {
								"north": {"uv": [8, 122], "uv_size": [1, 1]},
								"east": {"uv": [122, 8], "uv_size": [1, 1]},
								"south": {"uv": [9, 122], "uv_size": [1, 1]},
								"west": {"uv": [122, 9], "uv_size": [1, 1]},
								"up": {"uv": [10, 122], "uv_size": [1, 1]},
								"down": {"uv": [122, 11], "uv_size": [1, -1]}
							}
						},
						{
							"origin": [1.175, -0.25, -0.275],
							"size": [0.2, 0.15, 0.25],
							"uv": {
								"north": {"uv": [11, 122], "uv_size": [1, 1]},
								"east": {"uv": [122, 11], "uv_size": [1, 1]},
								"south": {"uv": [12, 122], "uv_size": [1, 1]},
								"west": {"uv": [122, 12], "uv_size": [1, 1]},
								"up": {"uv": [13, 122], "uv_size": [1, 1]},
								"down": {"uv": [122, 14], "uv_size": [1, -1]}
							}
						},
						{
							"origin": [1.175, 0.175, -0.275],
							"size": [0.2, 0.15, 0.25],
							"uv": {
								"north": {"uv": [14, 122], "uv_size": [1, 1]},
								"east": {"uv": [122, 14], "uv_size": [1, 1]},
								"south": {"uv": [15, 122], "uv_size": [1, 1]},
								"west": {"uv": [122, 15], "uv_size": [1, 1]},
								"up": {"uv": [16, 122], "uv_size": [1, 1]},
								"down": {"uv": [122, 17], "uv_size": [1, -1]}
							}
						},
						{
							"origin": [1.175, -0.175, -0.675],
							"size": [0.2, 0.425, 0.5],
							"uv": {
								"north": {"uv": [17, 122], "uv_size": [1, 1]},
								"east": {"uv": [122, 17], "uv_size": [1, 1]},
								"south": {"uv": [18, 122], "uv_size": [1, 1]},
								"west": {"uv": [122, 18], "uv_size": [1, 1]},
								"up": {"uv": [19, 122], "uv_size": [1, 1]},
								"down": {"uv": [122, 20], "uv_size": [1, -1]}
							}
						}
					]
				},
				{
					"name": "lever",
					"parent": "STS_base",
					"pivot": [1.375, 0.0375, 0.1],
					"rotation": [0, 22.5, 0],
					"cubes": [
						{
							"origin": [1.325, -0.275, 0.05],
							"size": [0.1, 0.625, 0.1],
							"pivot": [1.375, 0.0375, 0.1],
							"rotation": [0, -45, 0],
							"uv": {
								"north": {"uv": [20, 122], "uv_size": [1, 1]},
								"east": {"uv": [122, 20], "uv_size": [1, 1]},
								"south": {"uv": [21, 122], "uv_size": [1, 1]},
								"west": {"uv": [122, 21], "uv_size": [1, 1]},
								"up": {"uv": [22, 122], "uv_size": [1, 1]},
								"down": {"uv": [122, 23], "uv_size": [1, -1]}
							}
						},
						{
							"origin": [0.79776, -0.25, 0.27532],
							"size": [0.1, 0.575, 0.75],
							"pivot": [1.04776, 0.0375, 0.96282],
							"rotation": [0, -22.5, 0],
							"uv": {
								"north": {"uv": [23, 122], "uv_size": [1, 1]},
								"east": {"uv": [122, 23], "uv_size": [1, 1]},
								"west": {"uv": [24, 122], "uv_size": [1, 1]},
								"up": {"uv": [122, 24], "uv_size": [1, 1]},
								"down": {"uv": [25, 123], "uv_size": [1, -1]}
							}
						},
						{
							"origin": [0.85, -0.25, 1.36178],
							"size": [0.1, 0.575, 0.25],
							"pivot": [0.95991, -0.25, 1.36178],
							"rotation": [0, -22.5, 0],
							"uv": {
								"east": {"uv": [122, 25], "uv_size": [1, 1]},
								"south": {"uv": [26, 122], "uv_size": [1, 1]},
								"west": {"uv": [122, 26], "uv_size": [1, 1]},
								"up": {"uv": [27, 122], "uv_size": [1, 1]},
								"down": {"uv": [122, 28], "uv_size": [1, -1]}
							}
						},
						{
							"origin": [0.85075, -0.25, 0.90799],
							"size": [0.1, 0.575, 0.45],
							"pivot": [0.95075, -0.25, 1.35799],
							"rotation": [0, 7.5, 0],
							"uv": {
								"east": {"uv": [28, 122], "uv_size": [1, 1]},
								"west": {"uv": [122, 28], "uv_size": [1, 1]},
								"up": {"uv": [29, 122], "uv_size": [1, 1]},
								"down": {"uv": [122, 30], "uv_size": [1, -1]}
							}
						},
						{
							"origin": [1.075, 0.175, 0],
							"size": [0.4, 0.15, 0.2],
							"uv": {
								"north": {"uv": [30, 122], "uv_size": [1, 1]},
								"east": {"uv": [122, 30], "uv_size": [1, 1]},
								"west": {"uv": [31, 122], "uv_size": [1, 1]},
								"up": {"uv": [122, 31], "uv_size": [1, 1]},
								"down": {"uv": [32, 123], "uv_size": [1, -1]}
							}
						},
						{
							"origin": [1.075, 0.175, 0.2],
							"size": [0.3, 0.15, 0.1],
							"uv": {
								"east": {"uv": [122, 32], "uv_size": [1, 1]},
								"south": {"uv": [33, 122], "uv_size": [1, 1]},
								"up": {"uv": [122, 33], "uv_size": [1, 1]},
								"down": {"uv": [34, 123], "uv_size": [1, -1]}
							}
						},
						{
							"origin": [1.225, 0.175, 0.29142],
							"size": [0.14142, 0.15, 0.07071],
							"pivot": [1.225, 0.25, 0.15],
							"rotation": [0, 45, 0],
							"uv": {
								"south": {"uv": [122, 34], "uv_size": [1, 1]},
								"up": {"uv": [35, 122], "uv_size": [1, 1]},
								"down": {"uv": [122, 36], "uv_size": [1, -1]}
							}
						},
						{
							"origin": [1.225, 0.175, -0.15],
							"size": [0.175, 0.15, 0.15],
							"uv": {
								"north": {"uv": [36, 122], "uv_size": [1, 1]},
								"west": {"uv": [122, 36], "uv_size": [1, 1]},
								"up": {"uv": [37, 122], "uv_size": [1, 1]},
								"down": {"uv": [122, 38], "uv_size": [1, -1]}
							}
						},
						{
							"origin": [1.27626, 0.175, -0.11412],
							"size": [0.21213, 0.15, 0.10607],
							"pivot": [1.31339, 0.25, 0.18588],
							"rotation": [0, 45, 0],
							"uv": {
								"north": {"uv": [38, 122], "uv_size": [1, 1]},
								"up": {"uv": [122, 38], "uv_size": [1, 1]},
								"down": {"uv": [39, 123], "uv_size": [1, -1]}
							}
						},
						{
							"origin": [1.225, -0.25, -0.15],
							"size": [0.175, 0.15, 0.15],
							"uv": {
								"north": {"uv": [122, 39], "uv_size": [1, 1]},
								"west": {"uv": [40, 122], "uv_size": [1, 1]},
								"up": {"uv": [122, 40], "uv_size": [1, 1]},
								"down": {"uv": [41, 123], "uv_size": [1, -1]}
							}
						},
						{
							"origin": [1.27626, -0.25, -0.11412],
							"size": [0.21213, 0.15, 0.10607],
							"pivot": [1.31339, -0.175, 0.18588],
							"rotation": [0, 45, 0],
							"uv": {
								"north": {"uv": [122, 41], "uv_size": [1, 1]},
								"up": {"uv": [42, 122], "uv_size": [1, 1]},
								"down": {"uv": [122, 43], "uv_size": [1, -1]}
							}
						},
						{
							"origin": [1.075, -0.25, 0.2],
							"size": [0.3, 0.15, 0.1],
							"uv": {
								"east": {"uv": [43, 122], "uv_size": [1, 1]},
								"south": {"uv": [122, 43], "uv_size": [1, 1]},
								"up": {"uv": [44, 122], "uv_size": [1, 1]},
								"down": {"uv": [122, 45], "uv_size": [1, -1]}
							}
						},
						{
							"origin": [1.225, -0.25, 0.29142],
							"size": [0.14142, 0.15, 0.07071],
							"pivot": [1.225, -0.175, 0.15],
							"rotation": [0, 45, 0],
							"uv": {
								"south": {"uv": [45, 122], "uv_size": [1, 1]},
								"up": {"uv": [122, 45], "uv_size": [1, 1]},
								"down": {"uv": [46, 123], "uv_size": [1, -1]}
							}
						},
						{
							"origin": [1.075, -0.25, 0],
							"size": [0.4, 0.15, 0.2],
							"uv": {
								"north": {"uv": [122, 46], "uv_size": [1, 1]},
								"east": {"uv": [47, 122], "uv_size": [1, 1]},
								"west": {"uv": [122, 47], "uv_size": [1, 1]},
								"up": {"uv": [48, 122], "uv_size": [1, 1]},
								"down": {"uv": [122, 49], "uv_size": [1, -1]}
							}
						}
					]
				},
				{
					"name": "STS_flip",
					"parent": "EOTech_STS",
					"pivot": [-0.8625, 0.7, 0.125],
					"rotation": [0, 0, -90],
					"cubes": [
						{
							"origin": [-1.0625, 0.5, -0.875],
							"size": [0.4, 0.4, 2],
							"pivot": [-0.8625, 0.7, 0.125],
							"rotation": [0, 0, 45],
							"uv": {
								"north": {"uv": [49, 122], "uv_size": [1, 1]},
								"east": {"uv": [57, 119], "uv_size": [2, 1]},
								"south": {"uv": [122, 49], "uv_size": [1, 1]},
								"west": {"uv": [119, 57], "uv_size": [2, 1]},
								"up": {"uv": [119, 58], "uv_size": [1, 2]},
								"down": {"uv": [59, 121], "uv_size": [1, -2]}
							}
						},
						{
							"origin": [-0.25, 0.625, -0.225],
							"size": [0.65, 0.125, 0.725],
							"pivot": [0.4, 0.625, 1.15],
							"rotation": [0, 0, -11.25],
							"uv": {
								"north": {"uv": [50, 122], "uv_size": [1, 1]},
								"south": {"uv": [122, 50], "uv_size": [1, 1]},
								"down": {"uv": [51, 123], "uv_size": [1, -1]}
							}
						},
						{
							"origin": [-0.4, 0.625, -0.85],
							"size": [0.8, 0.3, 1.9],
							"uv": {
								"north": {"uv": [122, 51], "uv_size": [1, 1]},
								"east": {"uv": [60, 119], "uv_size": [2, 1]},
								"south": {"uv": [52, 122], "uv_size": [1, 1]},
								"west": {"uv": [119, 60], "uv_size": [2, 1]},
								"up": {"uv": [119, 61], "uv_size": [1, 2]},
								"down": {"uv": [62, 121], "uv_size": [1, -2]}
							}
						},
						{
							"origin": [-1.0075, 0.35, -0.225],
							"size": [0.29, 0.7, 0.725],
							"uv": {
								"north": {"uv": [122, 52], "uv_size": [1, 1]},
								"south": {"uv": [53, 122], "uv_size": [1, 1]},
								"up": {"uv": [122, 53], "uv_size": [1, 1]},
								"down": {"uv": [54, 123], "uv_size": [1, -1]}
							}
						},
						{
							"origin": [-0.9825, 0.325, -0.225],
							"size": [0.75, 0.45, 0.725],
							"uv": {
								"north": {"uv": [122, 54], "uv_size": [1, 1]},
								"south": {"uv": [55, 122], "uv_size": [1, 1]},
								"up": {"uv": [122, 55], "uv_size": [1, 1]},
								"down": {"uv": [56, 123], "uv_size": [1, -1]}
							}
						},
						{
							"origin": [-0.3075, 0.325, -0.225],
							"size": [0.075, 0.225, 0.725],
							"pivot": [-0.2325, 0.325, 0.5],
							"rotation": [0, 0, 22.5],
							"uv": {
								"north": {"uv": [122, 56], "uv_size": [1, 1]},
								"south": {"uv": [57, 122], "uv_size": [1, 1]},
								"west": {"uv": [122, 57], "uv_size": [1, 1]}
							}
						},
						{
							"origin": [-0.7848, 0.15228, -0.225],
							"size": [0.03536, 0.01768, 0.725],
							"pivot": [-0.65748, 0.51996, 0.275],
							"rotation": [0, 0, 45],
							"uv": {
								"north": {"uv": [58, 122], "uv_size": [1, 1]},
								"south": {"uv": [122, 58], "uv_size": [1, 1]},
								"down": {"uv": [59, 123], "uv_size": [1, -1]}
							}
						},
						{
							"origin": [-1.0075, 0.35, -0.225],
							"size": [0.29, 0.7, 0.725],
							"pivot": [-0.8625, 0.7, 0.275],
							"rotation": [0, 0, 45],
							"uv": {
								"north": {"uv": [122, 59], "uv_size": [1, 1]},
								"south": {"uv": [60, 122], "uv_size": [1, 1]},
								"up": {"uv": [122, 60], "uv_size": [1, 1]},
								"down": {"uv": [61, 123], "uv_size": [1, -1]}
							}
						},
						{
							"origin": [-1.00746, 1.05002, -0.225],
							"size": [0.265, 0.125, 0.725],
							"pivot": [-1.00746, 1.05002, 0.5],
							"rotation": [0, 0, 152.5],
							"uv": {
								"north": {"uv": [122, 61], "uv_size": [1, 1]},
								"south": {"uv": [62, 122], "uv_size": [1, 1]},
								"down": {"uv": [122, 63], "uv_size": [1, -1]}
							}
						},
						{
							"origin": [-1.24251, 0.845, -0.225],
							"size": [0.05, 0.08265, 0.725],
							"uv": {
								"north": {"uv": [63, 122], "uv_size": [1, 1]},
								"east": {"uv": [122, 63], "uv_size": [1, 1]},
								"south": {"uv": [64, 122], "uv_size": [1, 1]},
								"down": {"uv": [122, 65], "uv_size": [1, -1]}
							}
						},
						{
							"origin": [-1.0075, 0.35, -0.225],
							"size": [0.29, 0.25, 0.725],
							"pivot": [-0.8625, 0.7, 0.275],
							"rotation": [0, 0, 135],
							"uv": {
								"north": {"uv": [65, 122], "uv_size": [1, 1]},
								"south": {"uv": [122, 65], "uv_size": [1, 1]}
							}
						},
						{
							"origin": [-1.0075, 0.35, -0.225],
							"size": [0.29, 0.7, 0.725],
							"pivot": [-0.8625, 0.7, 0.275],
							"rotation": [0, 0, 90],
							"uv": {
								"north": {"uv": [66, 122], "uv_size": [1, 1]},
								"south": {"uv": [122, 66], "uv_size": [1, 1]},
								"up": {"uv": [67, 122], "uv_size": [1, 1]},
								"down": {"uv": [122, 68], "uv_size": [1, -1]}
							}
						}
					]
				},
				{
					"name": "EOTech_G45",
					"parent": "STS_flip",
					"pivot": [0.7625, 5.325, 2.2]
				},
				{
					"name": "tube",
					"parent": "EOTech_G45",
					"pivot": [1.525, 5.325, 1.525],
					"cubes": [
						{
							"origin": [-0.2375, 1.85, -0.6],
							"size": [0.475, 1.1, 0.1],
							"uv": {
								"north": {"uv": [68, 122], "uv_size": [1, 1]}
							}
						},
						{
							"origin": [-0.2375, 1.85, -0.6],
							"size": [0.475, 1.1, 0.1],
							"pivot": [0, 2.4, -0.55],
							"rotation": [0, 0, 45],
							"uv": {
								"north": {"uv": [122, 68], "uv_size": [1, 1]}
							}
						},
						{
							"origin": [-0.2375, 1.85, -0.6],
							"size": [0.475, 1.1, 0.1],
							"pivot": [0, 2.4, -0.55],
							"rotation": [0, 0, 90],
							"uv": {
								"north": {"uv": [69, 122], "uv_size": [1, 1]}
							}
						},
						{
							"origin": [-0.2375, 1.85, -0.6],
							"size": [0.475, 1.1, 0.1],
							"pivot": [0, 2.4, -0.55],
							"rotation": [0, 0, 135],
							"uv": {
								"north": {"uv": [122, 69], "uv_size": [1, 1]}
							}
						},
						{
							"origin": [-0.35, 0.9196, -0.85],
							"size": [0.7, 0.95, 2],
							"uv": {
								"north": {"uv": [70, 122], "uv_size": [1, 1]},
								"east": {"uv": [63, 119], "uv_size": [2, 1]},
								"south": {"uv": [122, 70], "uv_size": [1, 1]},
								"west": {"uv": [119, 63], "uv_size": [2, 1]},
								"up": {"uv": [119, 64], "uv_size": [1, 2]},
								"down": {"uv": [65, 121], "uv_size": [1, -2]}
							}
						},
						{
							"origin": [-0.29, 2.95, -0.85],
							"size": [0.58, 0.15, 1.375],
							"uv": {
								"north": {"uv": [71, 122], "uv_size": [1, 1]},
								"up": {"uv": [122, 71], "uv_size": [1, 1]},
								"down": {"uv": [72, 123], "uv_size": [1, -1]}
							}
						},
						{
							"origin": [-0.29, 2.95, -0.85],
							"size": [0.58, 0.15, 1.375],
							"pivot": [0, 2.4, -0.3],
							"rotation": [0, 0, -45],
							"uv": {
								"north": {"uv": [122, 72], "uv_size": [1, 1]},
								"up": {"uv": [73, 122], "uv_size": [1, 1]},
								"down": {"uv": [122, 74], "uv_size": [1, -1]}
							}
						},
						{
							"origin": [-0.29, 2.95, -0.85],
							"size": [0.58, 0.15, 1.375],
							"pivot": [0, 2.4, -0.3],
							"rotation": [0, 0, -90],
							"uv": {
								"north": {"uv": [74, 122], "uv_size": [1, 1]},
								"up": {"uv": [122, 74], "uv_size": [1, 1]},
								"down": {"uv": [75, 123], "uv_size": [1, -1]}
							}
						},
						{
							"origin": [-0.29, 2.95, -0.85],
							"size": [0.58, 0.15, 1.375],
							"pivot": [0, 2.4, -0.3],
							"rotation": [0, 0, -135],
							"uv": {
								"north": {"uv": [122, 75], "uv_size": [1, 1]},
								"up": {"uv": [76, 122], "uv_size": [1, 1]},
								"down": {"uv": [122, 77], "uv_size": [1, -1]}
							}
						},
						{
							"origin": [-0.29, 2.95, -0.85],
							"size": [0.58, 0.15, 1.375],
							"pivot": [0, 2.4, -0.3],
							"rotation": [0, 0, 45],
							"uv": {
								"north": {"uv": [77, 122], "uv_size": [1, 1]},
								"up": {"uv": [122, 77], "uv_size": [1, 1]},
								"down": {"uv": [78, 123], "uv_size": [1, -1]}
							}
						},
						{
							"origin": [-0.4246, 1.3625, 0.625],
							"size": [0.8492, 2.05, 1.275],
							"uv": {
								"south": {"uv": [66, 119], "uv_size": [1, 2]},
								"up": {"uv": [122, 78], "uv_size": [1, 1]},
								"down": {"uv": [79, 123], "uv_size": [1, -1]}
							}
						},
						{
							"origin": [-0.3572, 1.525, 0.4625],
							"size": [0.7144, 1.725, 0.1625],
							"uv": {
								"north": {"uv": [119, 66], "uv_size": [1, 2]}
							}
						},
						{
							"origin": [-0.3572, 1.525, 0.4625],
							"size": [0.7144, 1.725, 0.1625],
							"pivot": [0, 2.3875, 0.575],
							"rotation": [0, 0, -45],
							"uv": {
								"north": {"uv": [67, 119], "uv_size": [1, 2]}
							}
						},
						{
							"origin": [-0.3572, 1.525, 0.4625],
							"size": [0.7144, 1.725, 0.1625],
							"pivot": [0, 2.3875, 0.575],
							"rotation": [0, 0, -90],
							"uv": {
								"north": {"uv": [68, 119], "uv_size": [1, 2]}
							}
						},
						{
							"origin": [-0.3572, 1.525, 0.4625],
							"size": [0.7144, 1.725, 0.1625],
							"pivot": [0, 2.3875, 0.575],
							"rotation": [0, 0, -135],
							"uv": {
								"north": {"uv": [119, 68], "uv_size": [1, 2]}
							}
						},
						{
							"origin": [-0.25513, 1.56272, 0.54267],
							"size": [0.0625, 0.1, 0.24231],
							"pivot": [0, 2.3875, -1.425],
							"rotation": [46.13154, 11.23918, 11.46188],
							"uv": {
								"up": {"uv": [122, 79], "uv_size": [1, 1]}
							}
						},
						{
							"origin": [-0.3572, 1.56272, 0.51954],
							"size": [0.7144, 0.1, 0.22981],
							"pivot": [0, 2.3875, -1.425],
							"rotation": [45, 0, 0],
							"uv": {
								"up": {"uv": [80, 122], "uv_size": [1, 1]}
							}
						},
						{
							"origin": [0.19263, 1.56272, 0.54267],
							"size": [0.0625, 0.1, 0.24231],
							"pivot": [0, 2.3875, -1.425],
							"rotation": [46.13154, -11.23918, -11.46188],
							"uv": {
								"up": {"uv": [122, 80], "uv_size": [1, 1]}
							}
						},
						{
							"origin": [-0.25513, 1.56272, 0.54267],
							"size": [0.0625, 0.1, 0.24231],
							"pivot": [0, 2.3875, -1.425],
							"rotation": [46.13154, 11.23918, 56.46188],
							"uv": {
								"up": {"uv": [81, 122], "uv_size": [1, 1]}
							}
						},
						{
							"origin": [-0.3572, 1.56272, 0.51954],
							"size": [0.7144, 0.1, 0.22981],
							"pivot": [0, 2.3875, -1.425],
							"rotation": [45, 0, 45],
							"uv": {
								"up": {"uv": [122, 81], "uv_size": [1, 1]}
							}
						},
						{
							"origin": [0.19263, 1.56272, 0.54267],
							"size": [0.0625, 0.1, 0.24231],
							"pivot": [0, 2.3875, -1.425],
							"rotation": [46.13154, -11.23918, 33.53812],
							"uv": {
								"up": {"uv": [82, 122], "uv_size": [1, 1]}
							}
						},
						{
							"origin": [-0.25513, 1.56272, 0.54267],
							"size": [0.0625, 0.1, 0.24231],
							"pivot": [0, 2.3875, -1.425],
							"rotation": [46.13154, 11.23918, 101.46188],
							"uv": {
								"up": {"uv": [122, 82], "uv_size": [1, 1]}
							}
						},
						{
							"origin": [-0.3572, 1.56272, 0.51954],
							"size": [0.7144, 0.1, 0.22981],
							"pivot": [0, 2.3875, -1.425],
							"rotation": [45, 0, 90],
							"uv": {
								"up": {"uv": [83, 122], "uv_size": [1, 1]}
							}
						},
						{
							"origin": [0.19263, 1.56272, 0.54267],
							"size": [0.0625, 0.1, 0.24231],
							"pivot": [0, 2.3875, -1.425],
							"rotation": [46.13154, -11.23918, 78.53812],
							"uv": {
								"up": {"uv": [122, 83], "uv_size": [1, 1]}
							}
						},
						{
							"origin": [-0.25513, 1.56272, 0.54267],
							"size": [0.0625, 0.1, 0.24231],
							"pivot": [0, 2.3875, -1.425],
							"rotation": [46.13154, 11.23918, 146.46188],
							"uv": {
								"up": {"uv": [84, 122], "uv_size": [1, 1]}
							}
						},
						{
							"origin": [-0.3572, 1.56272, 0.51954],
							"size": [0.7144, 0.1, 0.22981],
							"pivot": [0, 2.3875, -1.425],
							"rotation": [45, 0, 135],
							"uv": {
								"up": {"uv": [122, 84], "uv_size": [1, 1]}
							}
						},
						{
							"origin": [0.19263, 1.56272, 0.54267],
							"size": [0.0625, 0.1, 0.24231],
							"pivot": [0, 2.3875, -1.425],
							"rotation": [46.13154, -11.23918, 123.53812],
							"uv": {
								"up": {"uv": [85, 122], "uv_size": [1, 1]}
							}
						},
						{
							"origin": [-0.26763, 1.56272, 0.54267],
							"size": [0.075, 0.1, 0.24231],
							"pivot": [0, 2.3875, -1.425],
							"rotation": [46.13154, 11.23918, -168.53812],
							"uv": {
								"up": {"uv": [122, 85], "uv_size": [1, 1]}
							}
						},
						{
							"origin": [0.19263, 1.56272, 0.54267],
							"size": [0.075, 0.1, 0.24231],
							"pivot": [0, 2.3875, -1.425],
							"rotation": [46.13154, -11.23918, 168.53812],
							"uv": {
								"up": {"uv": [86, 122], "uv_size": [1, 1]}
							}
						},
						{
							"origin": [-0.25513, 1.56272, 0.54267],
							"size": [0.0625, 0.1, 0.24231],
							"pivot": [0, 2.3875, -1.425],
							"rotation": [46.13154, 11.23918, -123.53812],
							"uv": {
								"up": {"uv": [122, 86], "uv_size": [1, 1]}
							}
						},
						{
							"origin": [-0.3572, 1.56272, 0.51954],
							"size": [0.7144, 0.1, 0.22981],
							"pivot": [0, 2.3875, -1.425],
							"rotation": [45, 0, -135],
							"uv": {
								"up": {"uv": [87, 122], "uv_size": [1, 1]}
							}
						},
						{
							"origin": [0.19263, 1.56272, 0.54267],
							"size": [0.0625, 0.1, 0.24231],
							"pivot": [0, 2.3875, -1.425],
							"rotation": [46.13154, -11.23918, -146.46188],
							"uv": {
								"up": {"uv": [122, 87], "uv_size": [1, 1]}
							}
						},
						{
							"origin": [-0.25513, 1.56272, 0.54267],
							"size": [0.0625, 0.1, 0.24231],
							"pivot": [0, 2.3875, -1.425],
							"rotation": [46.13154, 11.23918, -78.53812],
							"uv": {
								"up": {"uv": [88, 122], "uv_size": [1, 1]}
							}
						},
						{
							"origin": [-0.3572, 1.56272, 0.51954],
							"size": [0.7144, 0.1, 0.22981],
							"pivot": [0, 2.3875, -1.425],
							"rotation": [45, 0, -90],
							"uv": {
								"up": {"uv": [122, 88], "uv_size": [1, 1]}
							}
						},
						{
							"origin": [0.19263, 1.56272, 0.54267],
							"size": [0.0625, 0.1, 0.24231],
							"pivot": [0, 2.3875, -1.425],
							"rotation": [46.13154, -11.23918, -101.46188],
							"uv": {
								"up": {"uv": [89, 122], "uv_size": [1, 1]}
							}
						},
						{
							"origin": [-0.25513, 1.56272, 0.54267],
							"size": [0.0625, 0.1, 0.24231],
							"pivot": [0, 2.3875, -1.425],
							"rotation": [46.13154, 11.23918, -33.53812],
							"uv": {
								"up": {"uv": [122, 89], "uv_size": [1, 1]}
							}
						},
						{
							"origin": [-0.3572, 1.56272, 0.51954],
							"size": [0.7144, 0.1, 0.22981],
							"pivot": [0, 2.3875, -1.425],
							"rotation": [45, 0, -45],
							"uv": {
								"up": {"uv": [90, 122], "uv_size": [1, 1]}
							}
						},
						{
							"origin": [0.19263, 1.56272, 0.54267],
							"size": [0.0625, 0.1, 0.24231],
							"pivot": [0, 2.3875, -1.425],
							"rotation": [46.13154, -11.23918, -56.46188],
							"uv": {
								"up": {"uv": [122, 90], "uv_size": [1, 1]}
							}
						},
						{
							"origin": [-0.4246, 1.3625, 0.625],
							"size": [0.8492, 2.05, 1.275],
							"pivot": [0, 2.3875, 1.2125],
							"rotation": [0, 0, 45],
							"uv": {
								"north": {"uv": [69, 119], "uv_size": [1, 2]},
								"south": {"uv": [70, 119], "uv_size": [1, 2]},
								"up": {"uv": [91, 122], "uv_size": [1, 1]},
								"down": {"uv": [122, 92], "uv_size": [1, -1]}
							}
						},
						{
							"origin": [-0.4246, 1.3625, 0.625],
							"size": [0.8492, 2.05, 1.275],
							"pivot": [0, 2.3875, 1.2125],
							"rotation": [0, 0, 90],
							"uv": {
								"north": {"uv": [119, 70], "uv_size": [1, 2]},
								"south": {"uv": [71, 119], "uv_size": [1, 2]},
								"up": {"uv": [92, 122], "uv_size": [1, 1]},
								"down": {"uv": [122, 93], "uv_size": [1, -1]}
							}
						},
						{
							"origin": [0.925, 1.7879, 0.625],
							"size": [0.1, 0.175, 1.275],
							"uv": {
								"north": {"uv": [93, 122], "uv_size": [1, 1]},
								"east": {"uv": [122, 93], "uv_size": [1, 1]},
								"south": {"uv": [94, 122], "uv_size": [1, 1]},
								"west": {"uv": [122, 94], "uv_size": [1, 1]},
								"up": {"uv": [95, 122], "uv_size": [1, 1]},
								"down": {"uv": [122, 96], "uv_size": [1, -1]}
							}
						},
						{
							"origin": [0.4246, 1.3625, 0.625],
							"size": [0.175, 0.1, 1.275],
							"uv": {
								"north": {"uv": [96, 122], "uv_size": [1, 1]},
								"east": {"uv": [122, 96], "uv_size": [1, 1]},
								"south": {"uv": [97, 122], "uv_size": [1, 1]},
								"west": {"uv": [122, 97], "uv_size": [1, 1]},
								"up": {"uv": [98, 122], "uv_size": [1, 1]},
								"down": {"uv": [122, 99], "uv_size": [1, -1]}
							}
						},
						{
							"origin": [-0.4246, 1.3625, 0.625],
							"size": [0.8492, 2.05, 1.275],
							"pivot": [0, 2.3875, 1.2125],
							"rotation": [0, 0, 135],
							"uv": {
								"north": {"uv": [72, 119], "uv_size": [1, 2]},
								"south": {"uv": [119, 72], "uv_size": [1, 2]},
								"up": {"uv": [99, 122], "uv_size": [1, 1]},
								"down": {"uv": [122, 100], "uv_size": [1, -1]}
							}
						},
						{
							"origin": [-0.4423, 3.07103, 0.625],
							"size": [0.60161, 0.12374, 1.275],
							"pivot": [-0.00002, 2.18745, 1.2125],
							"rotation": [0, 0, 135],
							"uv": {
								"north": {"uv": [100, 122], "uv_size": [1, 1]},
								"south": {"uv": [122, 100], "uv_size": [1, 1]},
								"up": {"uv": [101, 122], "uv_size": [1, 1]},
								"down": {"uv": [122, 102], "uv_size": [1, -1]}
							}
						},
						{
							"origin": [0.64709, 1.48928, 0.925],
							"size": [0.4, 0.1, 0.4],
							"pivot": [0.84709, 1.53928, 1.125],
							"rotation": [0, -45, 135],
							"uv": {
								"north": {"uv": [102, 122], "uv_size": [1, 1]},
								"east": {"uv": [122, 102], "uv_size": [1, 1]},
								"south": {"uv": [103, 122], "uv_size": [1, 1]},
								"west": {"uv": [122, 103], "uv_size": [1, 1]},
								"up": {"uv": [104, 122], "uv_size": [1, 1]}
							}
						},
						{
							"origin": [0.72209, 1.48928, 1.275],
							"size": [0.25, 0.05, 0.35],
							"pivot": [0.84709, 1.53928, 1.125],
							"rotation": [0, 0, 135],
							"uv": {
								"north": {"uv": [122, 104], "uv_size": [1, 1]},
								"east": {"uv": [105, 122], "uv_size": [1, 1]},
								"south": {"uv": [122, 105], "uv_size": [1, 1]},
								"west": {"uv": [106, 122], "uv_size": [1, 1]},
								"up": {"uv": [122, 106], "uv_size": [1, 1]}
							}
						},
						{
							"origin": [-0.4039, 1.4125, 1.9],
							"size": [0.8078, 1.95, 1.6],
							"uv": {
								"south": {"uv": [73, 119], "uv_size": [1, 2]},
								"up": {"uv": [74, 119], "uv_size": [1, 2]},
								"down": {"uv": [119, 76], "uv_size": [1, -2]}
							}
						},
						{
							"origin": [-0.4039, 1.4125, 1.9],
							"size": [0.8078, 1.95, 1.6],
							"pivot": [0, 2.3875, 2.7],
							"rotation": [0, 0, 45],
							"uv": {
								"south": {"uv": [75, 119], "uv_size": [1, 2]},
								"up": {"uv": [76, 119], "uv_size": [1, 2]},
								"down": {"uv": [119, 78], "uv_size": [1, -2]}
							}
						},
						{
							"origin": [-0.4039, 1.4125, 1.9],
							"size": [0.8078, 1.95, 1.6],
							"pivot": [0, 2.3875, 2.7],
							"rotation": [0, 0, 90],
							"uv": {
								"south": {"uv": [77, 119], "uv_size": [1, 2]},
								"up": {"uv": [78, 119], "uv_size": [1, 2]},
								"down": {"uv": [119, 80], "uv_size": [1, -2]}
							}
						},
						{
							"origin": [-0.4039, 1.4125, 1.9],
							"size": [0.8078, 1.95, 1.6],
							"pivot": [0, 2.3875, 2.7],
							"rotation": [0, 0, 135],
							"uv": {
								"south": {"uv": [79, 119], "uv_size": [1, 2]},
								"up": {"uv": [80, 119], "uv_size": [1, 2]},
								"down": {"uv": [119, 82], "uv_size": [1, -2]}
							}
						},
						{
							"origin": [-0.29, 2.95, -0.85],
							"size": [0.58, 0.15, 1.375],
							"pivot": [0, 2.4, -0.3],
							"rotation": [0, 0, 90],
							"uv": {
								"north": {"uv": [107, 122], "uv_size": [1, 1]},
								"up": {"uv": [122, 107], "uv_size": [1, 1]},
								"down": {"uv": [108, 123], "uv_size": [1, -1]}
							}
						},
						{
							"origin": [-0.29, 2.95, -0.85],
							"size": [0.58, 0.15, 1.375],
							"pivot": [0, 2.4, -0.3],
							"rotation": [0, 0, 135],
							"uv": {
								"north": {"uv": [122, 108], "uv_size": [1, 1]},
								"up": {"uv": [109, 122], "uv_size": [1, 1]},
								"down": {"uv": [122, 110], "uv_size": [1, -1]}
							}
						},
						{
							"origin": [-0.3039, 1.325, 2.1],
							"size": [0.6078, 2.1125, 1.2],
							"uv": {
								"north": {"uv": [81, 119], "uv_size": [1, 2]},
								"east": {"uv": [82, 119], "uv_size": [1, 2]},
								"south": {"uv": [119, 82], "uv_size": [1, 2]},
								"west": {"uv": [83, 119], "uv_size": [1, 2]},
								"up": {"uv": [110, 122], "uv_size": [1, 1]},
								"down": {"uv": [122, 111], "uv_size": [1, -1]}
							}
						},
						{
							"origin": [-0.3039, 1.325, 2.1],
							"size": [0.6078, 2.1125, 1.2],
							"pivot": [0, 2.3875, 2.7],
							"rotation": [0, 0, 90],
							"uv": {
								"north": {"uv": [84, 119], "uv_size": [1, 2]},
								"east": {"uv": [119, 84], "uv_size": [1, 2]},
								"south": {"uv": [85, 119], "uv_size": [1, 2]},
								"west": {"uv": [86, 119], "uv_size": [1, 2]},
								"up": {"uv": [111, 122], "uv_size": [1, 1]},
								"down": {"uv": [122, 112], "uv_size": [1, -1]}
							}
						},
						{
							"origin": [0.2039, 1.325, 2.1],
							"size": [0.1, 2.1125, 1.2],
							"pivot": [0, 2.3875, 2.7],
							"rotation": [0, 0, 45],
							"uv": {
								"north": {"uv": [119, 86], "uv_size": [1, 2]},
								"east": {"uv": [87, 119], "uv_size": [1, 2]},
								"south": {"uv": [88, 119], "uv_size": [1, 2]},
								"west": {"uv": [119, 88], "uv_size": [1, 2]},
								"up": {"uv": [112, 122], "uv_size": [1, 1]},
								"down": {"uv": [122, 113], "uv_size": [1, -1]}
							}
						},
						{
							"origin": [-0.3039, 1.325, 2.1],
							"size": [0.1, 2.1125, 1.2],
							"pivot": [0, 2.3875, 2.7],
							"rotation": [0, 0, 45],
							"uv": {
								"north": {"uv": [89, 119], "uv_size": [1, 2]},
								"east": {"uv": [90, 119], "uv_size": [1, 2]},
								"south": {"uv": [119, 90], "uv_size": [1, 2]},
								"west": {"uv": [91, 119], "uv_size": [1, 2]},
								"up": {"uv": [113, 122], "uv_size": [1, 1]},
								"down": {"uv": [122, 114], "uv_size": [1, -1]}
							}
						},
						{
							"origin": [-0.2039, 1.325, 2.1],
							"size": [0.4078, 2.1125, 0.1],
							"pivot": [0, 2.3875, 2.7],
							"rotation": [0, 0, 45],
							"uv": {
								"north": {"uv": [92, 119], "uv_size": [1, 2]},
								"south": {"uv": [119, 92], "uv_size": [1, 2]},
								"up": {"uv": [114, 122], "uv_size": [1, 1]},
								"down": {"uv": [122, 115], "uv_size": [1, -1]}
							}
						},
						{
							"origin": [-0.2039, 1.325, 3.2],
							"size": [0.4078, 2.1125, 0.1],
							"pivot": [0, 2.3875, 3.8],
							"rotation": [0, 0, 45],
							"uv": {
								"north": {"uv": [93, 119], "uv_size": [1, 2]},
								"south": {"uv": [94, 119], "uv_size": [1, 2]},
								"up": {"uv": [115, 122], "uv_size": [1, 1]},
								"down": {"uv": [122, 116], "uv_size": [1, -1]}
							}
						},
						{
							"origin": [0.2039, 1.325, 2.1],
							"size": [0.1, 2.1125, 1.2],
							"pivot": [0, 2.3875, 2.7],
							"rotation": [0, 0, -45],
							"uv": {
								"north": {"uv": [119, 94], "uv_size": [1, 2]},
								"east": {"uv": [95, 119], "uv_size": [1, 2]},
								"south": {"uv": [96, 119], "uv_size": [1, 2]},
								"west": {"uv": [119, 96], "uv_size": [1, 2]},
								"up": {"uv": [116, 122], "uv_size": [1, 1]},
								"down": {"uv": [122, 117], "uv_size": [1, -1]}
							}
						},
						{
							"origin": [-0.2039, 1.325, 2.1],
							"size": [0.4078, 2.1125, 0.1],
							"pivot": [0, 2.3875, 2.7],
							"rotation": [0, 0, -45],
							"uv": {
								"north": {"uv": [97, 119], "uv_size": [1, 2]},
								"south": {"uv": [98, 119], "uv_size": [1, 2]},
								"up": {"uv": [117, 122], "uv_size": [1, 1]},
								"down": {"uv": [122, 118], "uv_size": [1, -1]}
							}
						},
						{
							"origin": [-0.3039, 1.325, 2.1],
							"size": [0.1, 2.1125, 1.2],
							"pivot": [0, 2.3875, 2.7],
							"rotation": [0, 0, -45],
							"uv": {
								"north": {"uv": [119, 98], "uv_size": [1, 2]},
								"east": {"uv": [99, 119], "uv_size": [1, 2]},
								"south": {"uv": [100, 119], "uv_size": [1, 2]},
								"west": {"uv": [119, 100], "uv_size": [1, 2]},
								"up": {"uv": [118, 122], "uv_size": [1, 1]},
								"down": {"uv": [122, 119], "uv_size": [1, -1]}
							}
						},
						{
							"origin": [-0.2039, 1.325, 3.2],
							"size": [0.4078, 2.1125, 0.1],
							"pivot": [0, 2.3875, 3.8],
							"rotation": [0, 0, -45],
							"uv": {
								"north": {"uv": [101, 119], "uv_size": [1, 2]},
								"south": {"uv": [102, 119], "uv_size": [1, 2]},
								"up": {"uv": [119, 122], "uv_size": [1, 1]},
								"down": {"uv": [122, 120], "uv_size": [1, -1]}
							}
						},
						{
							"origin": [-0.2753, 1.75, 3.75],
							"size": [0.5506, 1.3, 0.1],
							"uv": {
								"south": {"uv": [35, 123], "uv_size": [1, 1]}
							}
						},
						{
							"origin": [-0.2753, 1.75, 3.75],
							"size": [0.5506, 1.3, 0.1],
							"pivot": [0, 2.4, 0.95],
							"rotation": [0, 0, 45],
							"uv": {
								"south": {"uv": [123, 34], "uv_size": [1, 1]}
							}
						},
						{
							"origin": [-0.2753, 1.75, 3.75],
							"size": [0.5506, 1.3, 0.1],
							"pivot": [0, 2.4, 0.95],
							"rotation": [0, 0, 90],
							"uv": {
								"south": {"uv": [34, 123], "uv_size": [1, 1]}
							}
						},
						{
							"origin": [-0.2753, 1.75, 3.75],
							"size": [0.5506, 1.3, 0.1],
							"pivot": [0, 2.4, 0.95],
							"rotation": [0, 0, 135],
							"uv": {
								"south": {"uv": [123, 33], "uv_size": [1, 1]}
							}
						},
						{
							"origin": [-0.1691, 1.55, 3.5],
							"size": [0.3382, 0.2, 0.5],
							"uv": {
								"south": {"uv": [32, 123], "uv_size": [1, 1]},
								"up": {"uv": [123, 32], "uv_size": [1, 1]},
								"down": {"uv": [33, 124], "uv_size": [1, -1]}
							}
						},
						{
							"origin": [-0.1691, 1.55, 3.5],
							"size": [0.3382, 0.2, 0.5],
							"pivot": [0, 2.4, 3.75],
							"rotation": [0, 0, -22.5],
							"uv": {
								"south": {"uv": [123, 30], "uv_size": [1, 1]},
								"up": {"uv": [31, 123], "uv_size": [1, 1]},
								"down": {"uv": [123, 32], "uv_size": [1, -1]}
							}
						},
						{
							"origin": [-0.1691, 1.55, 3.5],
							"size": [0.3382, 0.2, 0.5],
							"pivot": [0, 2.4, 3.75],
							"rotation": [0, 0, -45],
							"uv": {
								"south": {"uv": [29, 123], "uv_size": [1, 1]},
								"up": {"uv": [123, 29], "uv_size": [1, 1]},
								"down": {"uv": [30, 124], "uv_size": [1, -1]}
							}
						},
						{
							"origin": [-0.1691, 1.55, 3.5],
							"size": [0.3382, 0.2, 0.5],
							"pivot": [0, 2.4, 3.75],
							"rotation": [0, 0, -67.5],
							"uv": {
								"south": {"uv": [123, 27], "uv_size": [1, 1]},
								"up": {"uv": [28, 123], "uv_size": [1, 1]},
								"down": {"uv": [123, 29], "uv_size": [1, -1]}
							}
						},
						{
							"origin": [-0.1691, 1.55, 3.5],
							"size": [0.3382, 0.2, 0.5],
							"pivot": [0, 2.4, 3.75],
							"rotation": [0, 0, -90],
							"uv": {
								"south": {"uv": [26, 123], "uv_size": [1, 1]},
								"up": {"uv": [123, 26], "uv_size": [1, 1]},
								"down": {"uv": [27, 124], "uv_size": [1, -1]}
							}
						},
						{
							"origin": [-0.1691, 1.55, 3.5],
							"size": [0.3382, 0.2, 0.5],
							"pivot": [0, 2.4, 3.75],
							"rotation": [0, 0, -112.5],
							"uv": {
								"south": {"uv": [123, 24], "uv_size": [1, 1]},
								"up": {"uv": [25, 123], "uv_size": [1, 1]},
								"down": {"uv": [123, 26], "uv_size": [1, -1]}
							}
						},
						{
							"origin": [-0.1691, 1.55, 3.5],
							"size": [0.3382, 0.2, 0.5],
							"pivot": [0, 2.4, 3.75],
							"rotation": [0, 0, -135],
							"uv": {
								"south": {"uv": [23, 123], "uv_size": [1, 1]},
								"up": {"uv": [123, 23], "uv_size": [1, 1]},
								"down": {"uv": [24, 124], "uv_size": [1, -1]}
							}
						},
						{
							"origin": [-0.1691, 1.55, 3.5],
							"size": [0.3382, 0.2, 0.5],
							"pivot": [0, 2.4, 3.75],
							"rotation": [0, 0, -157.5],
							"uv": {
								"south": {"uv": [123, 21], "uv_size": [1, 1]},
								"up": {"uv": [22, 123], "uv_size": [1, 1]},
								"down": {"uv": [123, 23], "uv_size": [1, -1]}
							}
						},
						{
							"origin": [-0.1691, 1.55, 3.5],
							"size": [0.3382, 0.2, 0.5],
							"pivot": [0, 2.4, 3.75],
							"rotation": [0, 0, 22.5],
							"uv": {
								"south": {"uv": [20, 123], "uv_size": [1, 1]},
								"up": {"uv": [123, 20], "uv_size": [1, 1]},
								"down": {"uv": [21, 124], "uv_size": [1, -1]}
							}
						},
						{
							"origin": [-0.1691, 1.55, 3.5],
							"size": [0.3382, 0.2, 0.5],
							"pivot": [0, 2.4, 3.75],
							"rotation": [0, 0, 45],
							"uv": {
								"south": {"uv": [123, 18], "uv_size": [1, 1]},
								"up": {"uv": [19, 123], "uv_size": [1, 1]},
								"down": {"uv": [123, 20], "uv_size": [1, -1]}
							}
						},
						{
							"origin": [-0.1691, 1.55, 3.5],
							"size": [0.3382, 0.2, 0.5],
							"pivot": [0, 2.4, 3.75],
							"rotation": [0, 0, 67.5],
							"uv": {
								"south": {"uv": [17, 123], "uv_size": [1, 1]},
								"up": {"uv": [123, 17], "uv_size": [1, 1]},
								"down": {"uv": [18, 124], "uv_size": [1, -1]}
							}
						},
						{
							"origin": [-0.1691, 1.55, 3.5],
							"size": [0.3382, 0.2, 0.5],
							"pivot": [0, 2.4, 3.75],
							"rotation": [0, 0, 90],
							"uv": {
								"south": {"uv": [123, 15], "uv_size": [1, 1]},
								"up": {"uv": [16, 123], "uv_size": [1, 1]},
								"down": {"uv": [123, 17], "uv_size": [1, -1]}
							}
						},
						{
							"origin": [-0.1691, 1.55, 3.5],
							"size": [0.3382, 0.2, 0.5],
							"pivot": [0, 2.4, 3.75],
							"rotation": [0, 0, 112.5],
							"uv": {
								"south": {"uv": [14, 123], "uv_size": [1, 1]},
								"up": {"uv": [123, 14], "uv_size": [1, 1]},
								"down": {"uv": [15, 124], "uv_size": [1, -1]}
							}
						},
						{
							"origin": [-0.1691, 1.55, 3.5],
							"size": [0.3382, 0.2, 0.5],
							"pivot": [0, 2.4, 3.75],
							"rotation": [0, 0, 135],
							"uv": {
								"south": {"uv": [123, 12], "uv_size": [1, 1]},
								"up": {"uv": [13, 123], "uv_size": [1, 1]},
								"down": {"uv": [123, 14], "uv_size": [1, -1]}
							}
						},
						{
							"origin": [-0.1691, 1.55, 3.5],
							"size": [0.3382, 0.2, 0.5],
							"pivot": [0, 2.4, 3.75],
							"rotation": [0, 0, 157.5],
							"uv": {
								"south": {"uv": [11, 123], "uv_size": [1, 1]},
								"up": {"uv": [123, 11], "uv_size": [1, 1]},
								"down": {"uv": [12, 124], "uv_size": [1, -1]}
							}
						},
						{
							"origin": [-0.1691, 1.55, 3.5],
							"size": [0.3382, 0.2, 0.5],
							"pivot": [0, 2.4, 3.75],
							"rotation": [0, 0, -180],
							"uv": {
								"south": {"uv": [123, 9], "uv_size": [1, 1]},
								"up": {"uv": [10, 123], "uv_size": [1, 1]},
								"down": {"uv": [123, 11], "uv_size": [1, -1]}
							}
						}
					]
				},
				{
					"name": "vertical",
					"parent": "EOTech_G45",
					"pivot": [0, 3.55, 1.1],
					"rotation": [0, -22.5, 0],
					"cubes": [
						{
							"origin": [-0.1761, 3.35, 0.675],
							"size": [0.35221, 0.45, 0.85],
							"uv": {
								"north": {"uv": [120, 122], "uv_size": [1, 1]},
								"south": {"uv": [122, 120], "uv_size": [1, 1]},
								"up": {"uv": [121, 122], "uv_size": [1, 1]}
							}
						},
						{
							"origin": [-0.1761, 3.35, 0.67499],
							"size": [0.3522, 0.45, 0.85001],
							"pivot": [0, 3.575, 1.1],
							"rotation": [0, -45, 0],
							"uv": {
								"north": {"uv": [122, 121], "uv_size": [1, 1]},
								"south": {"uv": [122, 122], "uv_size": [1, 1]},
								"up": {"uv": [0, 123], "uv_size": [1, 1]}
							}
						},
						{
							"origin": [-0.1761, 3.35, 0.675],
							"size": [0.3522, 0.45, 0.85001],
							"pivot": [0, 3.575, 1.1],
							"rotation": [0, -90, 0],
							"uv": {
								"north": {"uv": [123, 0], "uv_size": [1, 1]},
								"south": {"uv": [1, 123], "uv_size": [1, 1]},
								"up": {"uv": [123, 1], "uv_size": [1, 1]}
							}
						},
						{
							"origin": [-0.1761, 3.35, 0.675],
							"size": [0.35219, 0.45, 0.85],
							"pivot": [0, 3.575, 1.1],
							"rotation": [0, -135, 0],
							"uv": {
								"north": {"uv": [2, 123], "uv_size": [1, 1]},
								"south": {"uv": [123, 2], "uv_size": [1, 1]},
								"up": {"uv": [3, 123], "uv_size": [1, 1]}
							}
						}
					]
				},
				{
					"name": "horizon",
					"parent": "EOTech_G45",
					"pivot": [0.8125, 5.325, 2.2],
					"rotation": [-7.5, 0, 0],
					"cubes": [
						{
							"origin": [-1.325, 2.09934, 1.06343],
							"size": [0.30001, 0.34516, 0.85093],
							"uv": {
								"north": {"uv": [123, 3], "uv_size": [1, 1]},
								"east": {"uv": [4, 123], "uv_size": [1, 1]},
								"south": {"uv": [123, 4], "uv_size": [1, 1]}
							}
						},
						{
							"origin": [-1.325, 2.09798, 1.06108],
							"size": [0.30001, 0.34788, 0.85563],
							"pivot": [-1.17499, 2.27192, 1.4889],
							"rotation": [-45, 0, 0],
							"uv": {
								"north": {"uv": [5, 123], "uv_size": [1, 1]},
								"east": {"uv": [123, 5], "uv_size": [1, 1]},
								"south": {"uv": [6, 123], "uv_size": [1, 1]}
							}
						},
						{
							"origin": [-1.325, 2.09536, 1.06038],
							"size": [0.30001, 0.35313, 0.85704],
							"pivot": [-1.17499, 2.27192, 1.4889],
							"rotation": [-90, 0, 0],
							"uv": {
								"north": {"uv": [123, 6], "uv_size": [1, 1]},
								"east": {"uv": [7, 123], "uv_size": [1, 1]},
								"south": {"uv": [123, 7], "uv_size": [1, 1]}
							}
						},
						{
							"origin": [-1.325, 2.09301, 1.06174],
							"size": [0.30001, 0.35783, 0.85432],
							"pivot": [-1.17499, 2.27192, 1.4889],
							"rotation": [-135, 0, 0],
							"uv": {
								"north": {"uv": [8, 123], "uv_size": [1, 1]},
								"east": {"uv": [123, 8], "uv_size": [1, 1]},
								"south": {"uv": [9, 123], "uv_size": [1, 1]}
							}
						}
					]
				}
			]
		}
	]
}