{
	"format_version": "1.12.0",
	"minecraft:geometry": [
		{
			"description": {
				"identifier": "geometry.sight_pantom_xlrd310",
				"texture_width": 128,
				"texture_height": 128,
				"visible_bounds_width": 49,
				"visible_bounds_height": 9,
				"visible_bounds_offset": [0, 0.5, 0]
			},
			"bones": [
				{
					"name": "scope_view",
					"pivot": [0, 2.24, 4.725]
				},
				{
					"name": "division",
					"pivot": [0, 0, 0]
				},
				{
					"name": "division_illuminated",
					"parent": "division",
					"pivot": [0, 1.275, -16],
					"cubes": [
						{
							"origin": [-60.5, -56.86, -350],
							"size": [121, 121, 0.2],
							"uv": {
								"south": {"uv": [0, 0], "uv_size": [121, 121]}
							}
						}
					]
				},
				{
					"name": "ocular",
					"pivot": [0, -1.4, -2.275],
					"cubes": [
						{
							"origin": [-1.75, 1.1, -3],
							"size": [3.5, 2.27931, 0.02],
							"uv": {
								"south": {"uv": [3, 121], "uv_size": [4, 2]}
							}
						},
						{
							"origin": [-1.55, 0.9, -3],
							"size": [3.1, 0.2, 0.02],
							"uv": {
								"south": {"uv": [20, 121], "uv_size": [3, 1]}
							}
						},
						{
							"origin": [-1.55, 3.37931, -3],
							"size": [3.1, 0.2, 0.02],
							"uv": {
								"south": {"uv": [121, 22], "uv_size": [3, 1]}
							}
						}
					]
				},
				{
					"name": "scope_body",
					"pivot": [0, 0.275, 1.35]
				},
				{
					"name": "XLRD310",
					"parent": "scope_body",
					"pivot": [0, -2, -3.5]
				},
				{
					"name": "base",
					"parent": "XLRD310",
					"pivot": [0, -2.175, -1.925],
					"cubes": [
						{
							"origin": [-0.57322, -0.3625, -3.2],
							"size": [0.25, 0.25, 1],
							"pivot": [-0.44822, -0.2375, -2.2125],
							"rotation": [0, 0, -45],
							"uv": {
								"north": {"uv": [121, 68], "uv_size": [1, 1]},
								"east": {"uv": [69, 121], "uv_size": [1, 1]},
								"south": {"uv": [121, 69], "uv_size": [1, 1]},
								"down": {"uv": [70, 122], "uv_size": [1, -1]}
							}
						},
						{
							"origin": [0.32322, -0.3625, -3.2],
							"size": [0.25, 0.25, 1],
							"pivot": [0.44822, -0.2375, -2.2125],
							"rotation": [0, 0, 45],
							"uv": {
								"north": {"uv": [121, 70], "uv_size": [1, 1]},
								"south": {"uv": [71, 121], "uv_size": [1, 1]},
								"west": {"uv": [121, 71], "uv_size": [1, 1]},
								"down": {"uv": [72, 122], "uv_size": [1, -1]}
							}
						},
						{
							"origin": [-0.625, -0.2375, -3.2],
							"size": [1.25, 0.375, 1],
							"uv": {
								"north": {"uv": [121, 72], "uv_size": [1, 1]},
								"east": {"uv": [73, 121], "uv_size": [1, 1]},
								"south": {"uv": [121, 73], "uv_size": [1, 1]},
								"west": {"uv": [74, 121], "uv_size": [1, 1]},
								"down": {"uv": [121, 75], "uv_size": [1, -1]}
							}
						},
						{
							"origin": [-0.57322, -0.3625, -0.5],
							"size": [0.25, 0.25, 1.5],
							"pivot": [-0.44822, -0.2375, 0.9875],
							"rotation": [0, 0, -45],
							"uv": {
								"north": {"uv": [75, 121], "uv_size": [1, 1]},
								"east": {"uv": [121, 36], "uv_size": [2, 1]},
								"south": {"uv": [121, 75], "uv_size": [1, 1]},
								"down": {"uv": [37, 123], "uv_size": [1, -2]}
							}
						},
						{
							"origin": [0.32322, -0.3625, -0.5],
							"size": [0.25, 0.25, 1.5],
							"pivot": [0.44822, -0.2375, 0.9875],
							"rotation": [0, 0, 45],
							"uv": {
								"north": {"uv": [76, 121], "uv_size": [1, 1]},
								"south": {"uv": [121, 76], "uv_size": [1, 1]},
								"west": {"uv": [121, 37], "uv_size": [2, 1]},
								"down": {"uv": [38, 123], "uv_size": [1, -2]}
							}
						},
						{
							"origin": [-0.625, 0.1375, -3.2],
							"size": [1.25, 0.25, 4.2],
							"uv": {
								"north": {"uv": [77, 121], "uv_size": [1, 1]},
								"east": {"uv": [121, 11], "uv_size": [4, 1]},
								"south": {"uv": [121, 77], "uv_size": [1, 1]},
								"west": {"uv": [121, 12], "uv_size": [4, 1]},
								"up": {"uv": [121, 13], "uv_size": [1, 4]},
								"down": {"uv": [14, 125], "uv_size": [1, -4]}
							}
						},
						{
							"origin": [-0.625, -0.2375, -0.5],
							"size": [1.25, 0.375, 1.5],
							"uv": {
								"north": {"uv": [78, 121], "uv_size": [1, 1]},
								"east": {"uv": [121, 38], "uv_size": [2, 1]},
								"south": {"uv": [121, 78], "uv_size": [1, 1]},
								"west": {"uv": [39, 121], "uv_size": [2, 1]},
								"down": {"uv": [121, 41], "uv_size": [1, -2]}
							}
						},
						{
							"origin": [-0.6875, -0.3, -3.025],
							"size": [1.375, 0.3125, 0.3125],
							"pivot": [0, -0.175, -2.9],
							"rotation": [45, 0, 0],
							"uv": {
								"north": {"uv": [79, 121], "uv_size": [1, 1]},
								"east": {"uv": [121, 79], "uv_size": [1, 1]},
								"south": {"uv": [80, 121], "uv_size": [1, 1]},
								"west": {"uv": [121, 80], "uv_size": [1, 1]},
								"up": {"uv": [81, 121], "uv_size": [1, 1]},
								"down": {"uv": [121, 82], "uv_size": [1, -1]}
							}
						},
						{
							"origin": [-0.6875, -0.3, 0.225],
							"size": [1.375, 0.3125, 0.3125],
							"pivot": [0, -0.175, 0.35],
							"rotation": [45, 0, 0],
							"uv": {
								"north": {"uv": [82, 121], "uv_size": [1, 1]},
								"east": {"uv": [121, 82], "uv_size": [1, 1]},
								"south": {"uv": [83, 121], "uv_size": [1, 1]},
								"west": {"uv": [121, 83], "uv_size": [1, 1]},
								"up": {"uv": [84, 121], "uv_size": [1, 1]},
								"down": {"uv": [121, 85], "uv_size": [1, -1]}
							}
						}
					]
				},
				{
					"name": "main",
					"parent": "XLRD310",
					"pivot": [-1.58252, -0.98562, -4.14836],
					"cubes": [
						{
							"origin": [0.4375, 0.5, 0.8],
							"size": [0.15, 0.2, 0.2],
							"pivot": [0, 0.625, 0.825],
							"rotation": [45, 0, 0],
							"uv": {
								"north": {"uv": [85, 121], "uv_size": [1, 1]},
								"south": {"uv": [121, 85], "uv_size": [1, 1]},
								"west": {"uv": [86, 121], "uv_size": [1, 1]},
								"up": {"uv": [121, 86], "uv_size": [1, 1]},
								"down": {"uv": [87, 122], "uv_size": [1, -1]}
							}
						},
						{
							"origin": [0.26801, 0.9, -1.61759],
							"size": [0.2, 0.1, 0.2],
							"pivot": [0.36801, 1, -1.51759],
							"rotation": [0, -45, 0],
							"uv": {
								"north": {"uv": [121, 87], "uv_size": [1, 1]},
								"east": {"uv": [88, 121], "uv_size": [1, 1]},
								"south": {"uv": [121, 88], "uv_size": [1, 1]},
								"west": {"uv": [89, 121], "uv_size": [1, 1]},
								"up": {"uv": [121, 89], "uv_size": [1, 1]}
							}
						},
						{
							"origin": [-0.46801, 0.9, -1.61759],
							"size": [0.2, 0.1, 0.2],
							"pivot": [-0.36801, 1, -1.51759],
							"rotation": [0, 45, 0],
							"uv": {
								"north": {"uv": [90, 121], "uv_size": [1, 1]},
								"east": {"uv": [121, 90], "uv_size": [1, 1]},
								"south": {"uv": [91, 121], "uv_size": [1, 1]},
								"west": {"uv": [121, 91], "uv_size": [1, 1]},
								"up": {"uv": [92, 121], "uv_size": [1, 1]}
							}
						},
						{
							"origin": [-0.45, 0.3875, -3.2],
							"size": [0.9, 0.5, 6.4],
							"uv": {
								"north": {"uv": [121, 92], "uv_size": [1, 1]},
								"east": {"uv": [121, 3], "uv_size": [6, 1]},
								"south": {"uv": [93, 121], "uv_size": [1, 1]},
								"west": {"uv": [121, 4], "uv_size": [6, 1]},
								"up": {"uv": [121, 5], "uv_size": [1, 6]},
								"down": {"uv": [7, 127], "uv_size": [1, -6]}
							}
						},
						{
							"origin": [-0.3, 0.8875, 2.45],
							"size": [0.6, 0.275, 0.75],
							"uv": {
								"north": {"uv": [121, 93], "uv_size": [1, 1]},
								"east": {"uv": [94, 121], "uv_size": [1, 1]},
								"south": {"uv": [121, 94], "uv_size": [1, 1]},
								"west": {"uv": [95, 121], "uv_size": [1, 1]}
							}
						},
						{
							"origin": [-0.15, 1.1625, 2.45],
							"size": [0.3, 0.15, 0.75],
							"uv": {
								"north": {"uv": [121, 95], "uv_size": [1, 1]},
								"south": {"uv": [96, 121], "uv_size": [1, 1]},
								"up": {"uv": [121, 96], "uv_size": [1, 1]}
							}
						},
						{
							"origin": [-0.3621, 1.2055, 2.45],
							"size": [0.2121, 0.107, 0.75],
							"pivot": [-0.15, 1.3125, 3.2],
							"rotation": [0, 0, -45],
							"uv": {
								"north": {"uv": [97, 121], "uv_size": [1, 1]},
								"south": {"uv": [121, 97], "uv_size": [1, 1]},
								"up": {"uv": [98, 121], "uv_size": [1, 1]}
							}
						},
						{
							"origin": [0.15, 1.2055, 2.45],
							"size": [0.2121, 0.107, 0.75],
							"pivot": [0.15, 1.3125, 3.2],
							"rotation": [0, 0, 45],
							"uv": {
								"north": {"uv": [121, 98], "uv_size": [1, 1]},
								"south": {"uv": [99, 121], "uv_size": [1, 1]},
								"up": {"uv": [121, 99], "uv_size": [1, 1]}
							}
						},
						{
							"origin": [0.2, 0.70564, 2.00462],
							"size": [0.1, 0.25, 0.6],
							"pivot": [-0.4, 0.74314, 2.10462],
							"rotation": [27.5, 0, 0],
							"uv": {
								"east": {"uv": [100, 121], "uv_size": [1, 1]},
								"west": {"uv": [121, 100], "uv_size": [1, 1]},
								"up": {"uv": [101, 121], "uv_size": [1, 1]}
							}
						},
						{
							"origin": [-0.3, 0.70564, 2.00462],
							"size": [0.1, 0.25, 0.6],
							"pivot": [0.4, 0.74314, 2.10462],
							"rotation": [27.5, 0, 0],
							"uv": {
								"east": {"uv": [121, 101], "uv_size": [1, 1]},
								"west": {"uv": [102, 121], "uv_size": [1, 1]},
								"up": {"uv": [121, 102], "uv_size": [1, 1]}
							}
						}
					]
				},
				{
					"name": "switch",
					"parent": "XLRD310",
					"pivot": [0, -2, 1],
					"cubes": [
						{
							"origin": [-0.1243, 0.1875, 1.275],
							"size": [0.2486, 0.2, 1.55],
							"pivot": [0, 0.2875, 2.05],
							"rotation": [0, -67.5, 0],
							"uv": {
								"north": {"uv": [103, 121], "uv_size": [1, 1]},
								"east": {"uv": [41, 121], "uv_size": [2, 1]},
								"south": {"uv": [121, 103], "uv_size": [1, 1]},
								"west": {"uv": [121, 41], "uv_size": [2, 1]},
								"up": {"uv": [121, 42], "uv_size": [1, 2]},
								"down": {"uv": [43, 123], "uv_size": [1, -2]}
							}
						},
						{
							"origin": [-0.1243, 0.1875, 1.275],
							"size": [0.2486, 0.2, 1.55],
							"pivot": [0, 0.2875, 2.05],
							"rotation": [0, -112.5, 0],
							"uv": {
								"north": {"uv": [104, 121], "uv_size": [1, 1]},
								"east": {"uv": [44, 121], "uv_size": [2, 1]},
								"south": {"uv": [121, 104], "uv_size": [1, 1]},
								"west": {"uv": [121, 44], "uv_size": [2, 1]},
								"up": {"uv": [121, 45], "uv_size": [1, 2]},
								"down": {"uv": [46, 123], "uv_size": [1, -2]}
							}
						},
						{
							"origin": [-0.1243, 0.1875, 1.425],
							"size": [0.2486, 0.2, 1.25],
							"pivot": [0, 0.2875, 2.05],
							"rotation": [0, -135, 0],
							"uv": {
								"north": {"uv": [105, 121], "uv_size": [1, 1]},
								"south": {"uv": [121, 105], "uv_size": [1, 1]},
								"up": {"uv": [106, 121], "uv_size": [1, 1]},
								"down": {"uv": [121, 107], "uv_size": [1, -1]}
							}
						},
						{
							"origin": [-0.1243, 0.1875, 1.275],
							"size": [0.2486, 0.2, 1.55],
							"pivot": [0, 0.2875, 2.05],
							"rotation": [0, -157.5, 0],
							"uv": {
								"north": {"uv": [107, 121], "uv_size": [1, 1]},
								"east": {"uv": [47, 121], "uv_size": [2, 1]},
								"south": {"uv": [121, 107], "uv_size": [1, 1]},
								"west": {"uv": [121, 47], "uv_size": [2, 1]},
								"up": {"uv": [121, 48], "uv_size": [1, 2]},
								"down": {"uv": [49, 123], "uv_size": [1, -2]}
							}
						},
						{
							"origin": [-0.1243, 0.1875, 1.275],
							"size": [0.2486, 0.2, 1.55],
							"pivot": [0, 0.2875, 2.05],
							"rotation": [0, -22.5, 0],
							"uv": {
								"north": {"uv": [108, 121], "uv_size": [1, 1]},
								"east": {"uv": [50, 121], "uv_size": [2, 1]},
								"south": {"uv": [121, 108], "uv_size": [1, 1]},
								"west": {"uv": [121, 50], "uv_size": [2, 1]},
								"up": {"uv": [121, 51], "uv_size": [1, 2]},
								"down": {"uv": [52, 123], "uv_size": [1, -2]}
							}
						},
						{
							"origin": [-0.1243, 0.1875, 1.425],
							"size": [0.2486, 0.2, 1.25],
							"pivot": [0, 0.2875, 2.05],
							"rotation": [0, -45, 0],
							"uv": {
								"north": {"uv": [109, 121], "uv_size": [1, 1]},
								"south": {"uv": [121, 109], "uv_size": [1, 1]},
								"up": {"uv": [110, 121], "uv_size": [1, 1]},
								"down": {"uv": [121, 111], "uv_size": [1, -1]}
							}
						},
						{
							"origin": [-0.1243, 0.1875, 1.425],
							"size": [0.2486, 0.2, 1.25],
							"pivot": [0, 0.2875, 2.05],
							"rotation": [0, -90, 0],
							"uv": {
								"north": {"uv": [111, 121], "uv_size": [1, 1]},
								"south": {"uv": [121, 111], "uv_size": [1, 1]},
								"up": {"uv": [112, 121], "uv_size": [1, 1]},
								"down": {"uv": [121, 113], "uv_size": [1, -1]}
							}
						},
						{
							"origin": [-0.1243, 0.1875, 1.425],
							"size": [0.2486, 0.2, 1.25],
							"uv": {
								"north": {"uv": [113, 121], "uv_size": [1, 1]},
								"south": {"uv": [121, 113], "uv_size": [1, 1]},
								"up": {"uv": [114, 121], "uv_size": [1, 1]},
								"down": {"uv": [121, 115], "uv_size": [1, -1]}
							}
						}
					]
				},
				{
					"name": "frame",
					"parent": "XLRD310",
					"pivot": [-1.80843, 1.23888, -5.025],
					"cubes": [
						{
							"origin": [-1.40943, 0.7, -3.52912],
							"size": [2.81885, 0.2, 3.31153],
							"uv": {
								"north": {"uv": [23, 121], "uv_size": [3, 1]},
								"south": {"uv": [121, 23], "uv_size": [3, 1]},
								"up": {"uv": [0, 121], "uv_size": [3, 3]},
								"down": {"uv": [121, 3], "uv_size": [3, -3]}
							}
						},
						{
							"origin": [-1.40942, 3.57931, -3.33394],
							"size": [2.81883, 0.2, 1.70894],
							"uv": {
								"north": {"uv": [121, 24], "uv_size": [3, 1]},
								"south": {"uv": [121, 25], "uv_size": [3, 1]},
								"up": {"uv": [8, 121], "uv_size": [3, 2]},
								"down": {"uv": [11, 123], "uv_size": [3, -2]}
							}
						},
						{
							"origin": [1.48242, 0.66968, -3.52912],
							"size": [0.2, 0.76449, 3.31153],
							"pivot": [1.58252, 1.01438, -1.87336],
							"rotation": [0, 0, 45],
							"uv": {
								"north": {"uv": [115, 121], "uv_size": [1, 1]},
								"east": {"uv": [26, 121], "uv_size": [3, 1]},
								"south": {"uv": [121, 115], "uv_size": [1, 1]},
								"west": {"uv": [121, 26], "uv_size": [3, 1]}
							}
						},
						{
							"origin": [1.75, 1.24057, -3.52912],
							"size": [0.2, 0.59034, 3.31153],
							"uv": {
								"east": {"uv": [121, 27], "uv_size": [3, 1]},
								"south": {"uv": [116, 121], "uv_size": [1, 1]},
								"west": {"uv": [121, 28], "uv_size": [3, 1]}
							}
						},
						{
							"origin": [1.75, 1.8309, -3.33394],
							"size": [0.2, 1.40783, 1.70853],
							"uv": {
								"east": {"uv": [53, 121], "uv_size": [2, 1]},
								"west": {"uv": [121, 53], "uv_size": [2, 1]}
							}
						},
						{
							"origin": [1.75, 1.18338, -3.94248],
							"size": [0.2, 0.37494, 0.19997],
							"pivot": [1.2, 1.98332, -3.84252],
							"rotation": [30, 0, 0],
							"uv": {
								"north": {"uv": [121, 116], "uv_size": [1, 1]},
								"east": {"uv": [117, 121], "uv_size": [1, 1]},
								"west": {"uv": [121, 117], "uv_size": [1, 1]}
							}
						},
						{
							"origin": [1.75, 1.56528, -3.71659],
							"size": [0.2, 0.74998, 0.19997],
							"uv": {
								"north": {"uv": [118, 121], "uv_size": [1, 1]},
								"east": {"uv": [121, 118], "uv_size": [1, 1]},
								"west": {"uv": [119, 121], "uv_size": [1, 1]}
							}
						},
						{
							"origin": [1.75, 1.8309, -3.51894],
							"size": [0.2, 0.9082, 0.185],
							"uv": {
								"north": {"uv": [121, 119], "uv_size": [1, 1]},
								"east": {"uv": [120, 121], "uv_size": [1, 1]},
								"south": {"uv": [121, 120], "uv_size": [1, 1]},
								"west": {"uv": [121, 121], "uv_size": [1, 1]},
								"up": {"uv": [122, 5], "uv_size": [1, 1]},
								"down": {"uv": [122, 7], "uv_size": [1, -1]}
							}
						},
						{
							"origin": [1.75, 2.80061, -4.04091],
							"size": [0.2, 0.19997, 0.99999],
							"pivot": [0, 2.90061, -3.36592],
							"rotation": [67.5, 0, 0],
							"uv": {
								"north": {"uv": [122, 7], "uv_size": [1, 1]},
								"east": {"uv": [122, 8], "uv_size": [1, 1]},
								"west": {"uv": [122, 9], "uv_size": [1, 1]},
								"up": {"uv": [122, 10], "uv_size": [1, 1]},
								"down": {"uv": [122, 14], "uv_size": [1, -1]}
							}
						},
						{
							"origin": [1.75, 1.8309, -1.62541],
							"size": [0.2, 0.7, 0.70041],
							"uv": {
								"north": {"uv": [122, 14], "uv_size": [1, 1]},
								"east": {"uv": [15, 122], "uv_size": [1, 1]},
								"south": {"uv": [122, 15], "uv_size": [1, 1]},
								"west": {"uv": [16, 122], "uv_size": [1, 1]},
								"up": {"uv": [122, 16], "uv_size": [1, 1]},
								"down": {"uv": [17, 123], "uv_size": [1, -1]}
							}
						},
						{
							"origin": [1.75, 2.61531, -1.75913],
							"size": [0.2, 0.49942, 1.99096],
							"pivot": [0, 3.01531, -1.54259],
							"rotation": [-45, 0, 0],
							"uv": {
								"north": {"uv": [18, 122], "uv_size": [1, 1]},
								"east": {"uv": [121, 54], "uv_size": [2, 1]},
								"south": {"uv": [122, 18], "uv_size": [1, 1]},
								"west": {"uv": [55, 121], "uv_size": [2, 1]},
								"up": {"uv": [121, 55], "uv_size": [1, 2]},
								"down": {"uv": [57, 123], "uv_size": [1, -2]}
							}
						},
						{
							"origin": [1.14414, 3.13888, -3.33394],
							"size": [0.7645, 0.2, 1.70894],
							"pivot": [1.80843, 3.23888, -2.75],
							"rotation": [0, 0, 45],
							"uv": {
								"north": {"uv": [122, 19], "uv_size": [1, 1]},
								"south": {"uv": [20, 122], "uv_size": [1, 1]},
								"up": {"uv": [121, 57], "uv_size": [1, 2]},
								"down": {"uv": [58, 123], "uv_size": [1, -2]}
							}
						},
						{
							"origin": [-1.68242, 0.66968, -3.52912],
							"size": [0.2, 0.76449, 3.31153],
							"pivot": [-1.58252, 1.01438, -1.87336],
							"rotation": [0, 0, -45],
							"uv": {
								"north": {"uv": [122, 20], "uv_size": [1, 1]},
								"east": {"uv": [29, 121], "uv_size": [3, 1]},
								"south": {"uv": [21, 122], "uv_size": [1, 1]},
								"west": {"uv": [121, 29], "uv_size": [3, 1]}
							}
						},
						{
							"origin": [-1.95, 1.24057, -3.52912],
							"size": [0.2, 0.59034, 3.31153],
							"uv": {
								"east": {"uv": [121, 30], "uv_size": [3, 1]},
								"south": {"uv": [122, 21], "uv_size": [1, 1]},
								"west": {"uv": [121, 31], "uv_size": [3, 1]}
							}
						},
						{
							"origin": [-1.95, 1.8309, -3.33394],
							"size": [0.2, 1.40783, 1.70853],
							"uv": {
								"east": {"uv": [59, 121], "uv_size": [2, 1]},
								"west": {"uv": [121, 59], "uv_size": [2, 1]}
							}
						},
						{
							"origin": [-1.95, 1.18338, -3.94248],
							"size": [0.2, 0.37494, 0.19997],
							"pivot": [-1.2, 1.98332, -3.84252],
							"rotation": [30, 0, 0],
							"uv": {
								"north": {"uv": [22, 122], "uv_size": [1, 1]},
								"east": {"uv": [23, 122], "uv_size": [1, 1]},
								"west": {"uv": [24, 122], "uv_size": [1, 1]}
							}
						},
						{
							"origin": [-1.95, 1.56528, -3.71659],
							"size": [0.2, 0.74998, 0.19997],
							"uv": {
								"north": {"uv": [25, 122], "uv_size": [1, 1]},
								"east": {"uv": [26, 122], "uv_size": [1, 1]},
								"west": {"uv": [27, 122], "uv_size": [1, 1]}
							}
						},
						{
							"origin": [-1.95, 1.8309, -3.51894],
							"size": [0.2, 0.9082, 0.185],
							"uv": {
								"north": {"uv": [28, 122], "uv_size": [1, 1]},
								"east": {"uv": [29, 122], "uv_size": [1, 1]},
								"south": {"uv": [30, 122], "uv_size": [1, 1]},
								"west": {"uv": [31, 122], "uv_size": [1, 1]},
								"up": {"uv": [122, 32], "uv_size": [1, 1]},
								"down": {"uv": [33, 123], "uv_size": [1, -1]}
							}
						},
						{
							"origin": [-1.95, 2.80061, -4.04091],
							"size": [0.2, 0.19997, 0.99999],
							"pivot": [0, 2.90061, -3.36592],
							"rotation": [67.5, 0, 0],
							"uv": {
								"north": {"uv": [122, 33], "uv_size": [1, 1]},
								"east": {"uv": [34, 122], "uv_size": [1, 1]},
								"west": {"uv": [122, 34], "uv_size": [1, 1]},
								"up": {"uv": [35, 122], "uv_size": [1, 1]},
								"down": {"uv": [39, 123], "uv_size": [1, -1]}
							}
						},
						{
							"origin": [-1.95, 1.8309, -1.62541],
							"size": [0.2, 0.7, 0.70041],
							"uv": {
								"north": {"uv": [122, 39], "uv_size": [1, 1]},
								"east": {"uv": [40, 122], "uv_size": [1, 1]},
								"south": {"uv": [122, 40], "uv_size": [1, 1]},
								"west": {"uv": [41, 122], "uv_size": [1, 1]},
								"up": {"uv": [42, 122], "uv_size": [1, 1]},
								"down": {"uv": [122, 43], "uv_size": [1, -1]}
							}
						},
						{
							"origin": [-1.95, 2.61531, -1.75913],
							"size": [0.2, 0.49942, 1.99096],
							"pivot": [0, 3.01531, -1.54259],
							"rotation": [-45, 0, 0],
							"uv": {
								"north": {"uv": [122, 43], "uv_size": [1, 1]},
								"east": {"uv": [121, 60], "uv_size": [2, 1]},
								"south": {"uv": [44, 122], "uv_size": [1, 1]},
								"west": {"uv": [61, 121], "uv_size": [2, 1]},
								"up": {"uv": [121, 61], "uv_size": [1, 2]},
								"down": {"uv": [63, 123], "uv_size": [1, -2]}
							}
						},
						{
							"origin": [-1.90864, 3.13888, -3.33394],
							"size": [0.7645, 0.2, 1.70894],
							"pivot": [-1.80843, 3.23888, -2.75],
							"rotation": [0, 0, -45],
							"uv": {
								"north": {"uv": [45, 122], "uv_size": [1, 1]},
								"south": {"uv": [122, 45], "uv_size": [1, 1]},
								"up": {"uv": [121, 63], "uv_size": [1, 2]},
								"down": {"uv": [64, 123], "uv_size": [1, -2]}
							}
						}
					]
				}
			]
		}
	]
}