{
	"format_version": "1.12.0",
	"minecraft:geometry": [
		{
			"description": {
				"identifier": "geometry.sight_vortex_venom_rd_ambush",
				"texture_width": 32,
				"texture_height": 32,
				"visible_bounds_width": 22,
				"visible_bounds_height": 10,
				"visible_bounds_offset": [0, 0, 0]
			},
			"bones": [
				{
					"name": "scope_view",
					"pivot": [-2.05, 0.8356, 8],
					"rotation": [0, 0, -45]
				},
				{
					"name": "division",
					"pivot": [-2.05, -0.4, 0]
				},
				{
					"name": "crosshair_illuminated",
					"parent": "division",
					"pivot": [-2.05, -0.4, 0],
					"cubes": [
						{
							"origin": [-2.0854, 0.8, -10],
							"size": [0.0707, 0.0707, 0.025],
							"pivot": [-2.05, 0.8353, -5],
							"rotation": [0, 0, 45],
							"uv": {
								"south": {"uv": [2, 1], "uv_size": [1, 1]}
							}
						}
					]
				},
				{
					"name": "ocular",
					"pivot": [-2.05, 0.8353, -5],
					"rotation": [0, 0, -45],
					"cubes": [
						{
							"origin": [-2.6546, 0.3683, -1.1],
							"size": [1.2092, 0.6146, 0.02],
							"uv": {
								"south": {"uv": [10, 15], "uv_size": [1, 1]}
							}
						},
						{
							"origin": [-2.05232, 1.07191, -1.1],
							"size": [0.37812, 0.1551, 0.02],
							"pivot": [-2.05, 0.8353, -5],
							"rotation": [0, 0, 31.25],
							"uv": {
								"south": {"uv": [15, 10], "uv_size": [1, 1]}
							}
						},
						{
							"origin": [-2.4258, 1.07191, -1.1],
							"size": [0.37812, 0.1551, 0.02],
							"pivot": [-2.05, 0.8353, -5],
							"rotation": [0, 0, -31.25],
							"uv": {
								"south": {"uv": [11, 15], "uv_size": [1, 1]}
							}
						},
						{
							"origin": [-2.25875, 0.9829, -1.1],
							"size": [0.41751, 0.20089, 0.02],
							"uv": {
								"south": {"uv": [15, 11], "uv_size": [1, 1]}
							}
						}
					]
				},
				{
					"name": "scope_body",
					"pivot": [0, 0, 1]
				},
				{
					"name": "MountDP",
					"parent": "scope_body",
					"pivot": [0, 0, 1.11616],
					"cubes": [
						{
							"origin": [-1.40499, -0.16294, -0.725],
							"size": [0.35, 0.325, 1.45],
							"pivot": [-1.22999, 0.00499, 0],
							"rotation": [0, 0, 45],
							"uv": {
								"north": {"uv": [6, 13], "uv_size": [1, 1]},
								"south": {"uv": [13, 6], "uv_size": [1, 1]},
								"up": {"uv": [7, 13], "uv_size": [1, 1]},
								"down": {"uv": [13, 8], "uv_size": [1, -1]}
							}
						},
						{
							"origin": [-1.55499, -0.52544, -1.15],
							"size": [0.15, 1.05, 2.3],
							"pivot": [-1.22999, 0.00499, 0],
							"rotation": [0, 0, 45],
							"uv": {
								"east": {"uv": [4, 1], "uv_size": [2, 1]},
								"west": {"uv": [2, 4], "uv_size": [2, 1]}
							}
						},
						{
							"origin": [-1.55499, -0.62544, 0.85],
							"size": [0.1, 0.1, 0.3],
							"pivot": [-1.22999, 0.00499, 0],
							"rotation": [0, 0, 45],
							"uv": {
								"north": {"uv": [4, 15], "uv_size": [1, 1]},
								"east": {"uv": [15, 4], "uv_size": [1, 1]},
								"down": {"uv": [5, 16], "uv_size": [1, -1]}
							}
						},
						{
							"origin": [-1.55499, 0.52456, 0.85],
							"size": [0.1, 0.1, 0.3],
							"pivot": [-1.22999, 0.00499, 0],
							"rotation": [0, 0, 45],
							"uv": {
								"north": {"uv": [15, 5], "uv_size": [1, 1]},
								"east": {"uv": [6, 15], "uv_size": [1, 1]},
								"up": {"uv": [15, 6], "uv_size": [1, 1]}
							}
						},
						{
							"origin": [-1.55499, -0.62544, -1.15],
							"size": [0.1, 0.1, 0.3],
							"pivot": [-1.22999, 0.00499, 0],
							"rotation": [0, 0, 45],
							"uv": {
								"east": {"uv": [15, 8], "uv_size": [1, 1]},
								"south": {"uv": [9, 15], "uv_size": [1, 1]},
								"down": {"uv": [15, 10], "uv_size": [1, -1]}
							}
						},
						{
							"origin": [-1.55499, 0.52456, -1.15],
							"size": [0.1, 0.1, 0.3],
							"pivot": [-1.22999, 0.00499, 0],
							"rotation": [0, 0, 45],
							"uv": {
								"east": {"uv": [7, 15], "uv_size": [1, 1]},
								"south": {"uv": [15, 7], "uv_size": [1, 1]},
								"up": {"uv": [8, 15], "uv_size": [1, 1]}
							}
						},
						{
							"origin": [-1.09242, 0.50219, -0.85],
							"size": [0.14142, 0.1, 1.7],
							"uv": {
								"up": {"uv": [5, 5], "uv_size": [1, 2]}
							}
						},
						{
							"origin": [-1.83488, -0.28169, -0.85],
							"size": [0.1, 0.14142, 1.7],
							"uv": {
								"east": {"uv": [6, 0], "uv_size": [2, 1]}
							}
						},
						{
							"origin": [-1.45499, 0.37456, -1.15],
							"size": [0.125, 0.25, 2.3],
							"pivot": [-1.22999, 0.00499, 0],
							"rotation": [0, 0, 45],
							"uv": {
								"west": {"uv": [4, 2], "uv_size": [2, 1]},
								"up": {"uv": [4, 3], "uv_size": [1, 2]},
								"down": {"uv": [1, 7], "uv_size": [1, -2]}
							}
						},
						{
							"origin": [-1.45499, -0.62544, -1.15],
							"size": [0.125, 0.25, 2.3],
							"pivot": [-1.22999, 0.00499, 0],
							"rotation": [0, 0, 45],
							"uv": {
								"west": {"uv": [2, 5], "uv_size": [2, 1]},
								"up": {"uv": [5, 3], "uv_size": [1, 2]},
								"down": {"uv": [4, 7], "uv_size": [1, -2]}
							}
						},
						{
							"origin": [-1.55499, -0.52544, -1.25],
							"size": [0.15, 1.05, 0.1],
							"pivot": [-1.22999, 0.00499, 0],
							"rotation": [0, 0, 45],
							"uv": {
								"north": {"uv": [14, 6], "uv_size": [1, 1]},
								"east": {"uv": [7, 14], "uv_size": [1, 1]},
								"west": {"uv": [14, 7], "uv_size": [1, 1]}
							}
						},
						{
							"origin": [-1.54739, -0.51784, -1.24104],
							"size": [0.225, 0.14142, 0.07071],
							"pivot": [-1.22239, 0.0126, 0.00896],
							"rotation": [-45, 0, 45],
							"uv": {
								"north": {"uv": [14, 12], "uv_size": [1, 1]},
								"east": {"uv": [13, 14], "uv_size": [1, 1]},
								"west": {"uv": [14, 13], "uv_size": [1, 1]}
							}
						},
						{
							"origin": [-1.44581, 0.67924, 1.17033],
							"size": [0.225, 0.14142, 0.07071],
							"pivot": [-1.54581, 0.29022, -0.00896],
							"rotation": [-45, 0, 45],
							"uv": {
								"east": {"uv": [15, 2], "uv_size": [1, 1]},
								"south": {"uv": [3, 15], "uv_size": [1, 1]},
								"west": {"uv": [15, 3], "uv_size": [1, 1]}
							}
						},
						{
							"origin": [-1.44581, 0.67924, -1.24104],
							"size": [0.225, 0.14142, 0.07071],
							"pivot": [-1.54581, 0.29022, 0.00896],
							"rotation": [45, 0, 45],
							"uv": {
								"north": {"uv": [1, 15], "uv_size": [1, 1]},
								"east": {"uv": [15, 1], "uv_size": [1, 1]},
								"west": {"uv": [2, 15], "uv_size": [1, 1]}
							}
						},
						{
							"origin": [-1.54739, -0.51784, 1.17033],
							"size": [0.225, 0.14142, 0.07071],
							"pivot": [-1.22239, 0.0126, -0.00896],
							"rotation": [45, 0, 45],
							"uv": {
								"east": {"uv": [14, 14], "uv_size": [1, 1]},
								"south": {"uv": [0, 15], "uv_size": [1, 1]},
								"west": {"uv": [15, 0], "uv_size": [1, 1]}
							}
						},
						{
							"origin": [-1.40499, 0.37456, -1.25],
							"size": [0.075, 0.15, 0.1],
							"pivot": [-1.22999, 0.00499, 0],
							"rotation": [0, 0, 45],
							"uv": {
								"north": {"uv": [5, 14], "uv_size": [1, 1]},
								"west": {"uv": [14, 5], "uv_size": [1, 1]},
								"down": {"uv": [6, 15], "uv_size": [1, -1]}
							}
						},
						{
							"origin": [-1.40499, -0.52544, -1.25],
							"size": [0.075, 0.15, 0.1],
							"pivot": [-1.22999, 0.00499, 0],
							"rotation": [0, 0, 45],
							"uv": {
								"north": {"uv": [14, 3], "uv_size": [1, 1]},
								"west": {"uv": [4, 14], "uv_size": [1, 1]},
								"up": {"uv": [14, 4], "uv_size": [1, 1]}
							}
						},
						{
							"origin": [-1.55499, -0.52544, 1.15],
							"size": [0.15, 1.05, 0.1],
							"pivot": [-1.22999, 0.00499, 0],
							"rotation": [0, 0, 45],
							"uv": {
								"east": {"uv": [11, 14], "uv_size": [1, 1]},
								"south": {"uv": [14, 11], "uv_size": [1, 1]},
								"west": {"uv": [12, 14], "uv_size": [1, 1]}
							}
						},
						{
							"origin": [-1.40499, 0.37456, 1.15],
							"size": [0.075, 0.15, 0.1],
							"pivot": [-1.22999, 0.00499, 0],
							"rotation": [0, 0, 45],
							"uv": {
								"south": {"uv": [14, 9], "uv_size": [1, 1]},
								"west": {"uv": [10, 14], "uv_size": [1, 1]},
								"down": {"uv": [14, 11], "uv_size": [1, -1]}
							}
						},
						{
							"origin": [-1.40499, -0.52544, 1.15],
							"size": [0.075, 0.15, 0.1],
							"pivot": [-1.22999, 0.00499, 0],
							"rotation": [0, 0, 45],
							"uv": {
								"south": {"uv": [8, 14], "uv_size": [1, 1]},
								"west": {"uv": [14, 8], "uv_size": [1, 1]},
								"up": {"uv": [9, 14], "uv_size": [1, 1]}
							}
						},
						{
							"origin": [-1.24545, 0.14257, -0.725],
							"size": [0.1, 0.2, 1.45],
							"uv": {
								"north": {"uv": [8, 13], "uv_size": [1, 1]},
								"south": {"uv": [13, 8], "uv_size": [1, 1]},
								"west": {"uv": [9, 13], "uv_size": [1, 1]}
							}
						},
						{
							"origin": [-1.57526, -0.08724, -0.725],
							"size": [0.2, 0.1, 1.45],
							"uv": {
								"north": {"uv": [2, 14], "uv_size": [1, 1]},
								"south": {"uv": [14, 2], "uv_size": [1, 1]},
								"down": {"uv": [3, 15], "uv_size": [1, -1]}
							}
						},
						{
							"origin": [-0.27856, -0.2375, -0.725],
							"size": [0.72678, 0.2375, 0.25],
							"uv": {
								"north": {"uv": [4, 13], "uv_size": [1, 1]},
								"south": {"uv": [13, 4], "uv_size": [1, 1]},
								"up": {"uv": [5, 13], "uv_size": [1, 1]},
								"down": {"uv": [13, 6], "uv_size": [1, -1]}
							}
						},
						{
							"origin": [-0.27856, -0.2375, 0.475],
							"size": [0.72678, 0.2375, 0.25],
							"uv": {
								"north": {"uv": [15, 15], "uv_size": [1, 1]},
								"south": {"uv": [0, 16], "uv_size": [1, 1]},
								"up": {"uv": [16, 0], "uv_size": [1, 1]},
								"down": {"uv": [1, 17], "uv_size": [1, -1]}
							}
						},
						{
							"origin": [0.32322, -0.3625, -0.725],
							"size": [0.25, 0.25, 1.45],
							"pivot": [0.44822, -0.2375, 1.1125],
							"rotation": [0, 0, 45],
							"uv": {
								"north": {"uv": [6, 3], "uv_size": [1, 1]},
								"east": {"uv": [6, 4], "uv_size": [1, 1]},
								"south": {"uv": [6, 5], "uv_size": [1, 1]},
								"down": {"uv": [6, 7], "uv_size": [1, -1]}
							}
						},
						{
							"origin": [-0.57322, -0.3625, -0.725],
							"size": [0.25, 0.25, 1.45],
							"pivot": [-0.44822, -0.2375, 1.1125],
							"rotation": [0, 0, -45],
							"uv": {
								"north": {"uv": [0, 7], "uv_size": [1, 1]},
								"south": {"uv": [1, 7], "uv_size": [1, 1]},
								"down": {"uv": [7, 2], "uv_size": [1, -1]}
							}
						},
						{
							"origin": [-1.19966, -0.33129, -0.725],
							"size": [0.4625, 0.175, 1.45],
							"pivot": [-0.97005, -0.25072, 0],
							"rotation": [0, 0, 22.5],
							"uv": {
								"north": {"uv": [13, 9], "uv_size": [1, 1]},
								"south": {"uv": [10, 13], "uv_size": [1, 1]},
								"down": {"uv": [13, 11], "uv_size": [1, -1]}
							}
						},
						{
							"origin": [-0.78572, -0.41428, -0.725],
							"size": [0.3375, 0.17678, 1.45],
							"uv": {
								"north": {"uv": [14, 0], "uv_size": [1, 1]},
								"south": {"uv": [1, 14], "uv_size": [1, 1]},
								"down": {"uv": [14, 2], "uv_size": [1, -1]}
							}
						},
						{
							"origin": [0.25, -0.325, -0.125],
							"size": [0.6, 0.25, 0.25],
							"pivot": [0.55, -0.2, 0],
							"rotation": [45, 0, 0],
							"uv": {
								"north": {"uv": [11, 13], "uv_size": [1, 1]},
								"east": {"uv": [13, 11], "uv_size": [1, 1]},
								"south": {"uv": [12, 13], "uv_size": [1, 1]},
								"west": {"uv": [13, 12], "uv_size": [1, 1]},
								"up": {"uv": [13, 13], "uv_size": [1, 1]},
								"down": {"uv": [0, 15], "uv_size": [1, -1]}
							}
						},
						{
							"origin": [-1.225, -0.2375, -0.725],
							"size": [0.95356, 0.2375, 1.45],
							"uv": {
								"north": {"uv": [0, 6], "uv_size": [1, 1]},
								"south": {"uv": [6, 1], "uv_size": [1, 1]},
								"west": {"uv": [2, 6], "uv_size": [1, 1]},
								"up": {"uv": [6, 2], "uv_size": [1, 1]},
								"down": {"uv": [3, 7], "uv_size": [1, -1]}
							}
						},
						{
							"origin": [0.44822, -0.41428, -0.725],
							"size": [0.32678, 0.41428, 1.45],
							"uv": {
								"north": {"uv": [12, 15], "uv_size": [1, 1]},
								"east": {"uv": [15, 12], "uv_size": [1, 1]},
								"south": {"uv": [13, 15], "uv_size": [1, 1]},
								"west": {"uv": [15, 13], "uv_size": [1, 1]},
								"up": {"uv": [14, 15], "uv_size": [1, 1]},
								"down": {"uv": [15, 15], "uv_size": [1, -1]}
							}
						}
					]
				},
				{
					"name": "Vortex_VenomRD",
					"parent": "scope_body",
					"pivot": [-2.05, 0.8353, 0],
					"rotation": [0, 0, -45],
					"cubes": [
						{
							"origin": [-1.4454, 0.6579, -1.1],
							"size": [0.1, 0.325, 0.45],
							"uv": {
								"east": {"uv": [2, 7], "uv_size": [1, 1]},
								"west": {"uv": [7, 2], "uv_size": [1, 1]}
							}
						},
						{
							"origin": [-2.69, -0.0125, 0.363],
							"size": [1.28, 0.5207, 0.55],
							"uv": {
								"east": {"uv": [3, 7], "uv_size": [1, 1]},
								"west": {"uv": [7, 3], "uv_size": [1, 1]},
								"up": {"uv": [4, 7], "uv_size": [1, 1]},
								"down": {"uv": [7, 5], "uv_size": [1, -1]}
							}
						},
						{
							"origin": [-2.69, -0.0125, 0.913],
							"size": [1.28, 0.3707, 0.25],
							"uv": {
								"east": {"uv": [5, 7], "uv_size": [1, 1]},
								"south": {"uv": [7, 5], "uv_size": [1, 1]},
								"west": {"uv": [6, 7], "uv_size": [1, 1]},
								"down": {"uv": [7, 7], "uv_size": [1, -1]}
							}
						},
						{
							"origin": [-2.44, 0.3582, 0.913],
							"size": [0.78, 0.15, 0.25],
							"uv": {
								"south": {"uv": [7, 7], "uv_size": [1, 1]},
								"up": {"uv": [0, 8], "uv_size": [1, 1]}
							}
						},
						{
							"origin": [-2.69, 0.2332, 0.873],
							"size": [0.25, 0.125, 0.29],
							"pivot": [-2.69, 0.3582, 1.163],
							"rotation": [-30, 0, 0],
							"uv": {
								"east": {"uv": [8, 0], "uv_size": [1, 1]},
								"up": {"uv": [1, 8], "uv_size": [1, 1]}
							}
						},
						{
							"origin": [-2.69, 0.2332, 0.913],
							"size": [0.29, 0.125, 0.25],
							"pivot": [-2.69, 0.3582, 1.163],
							"rotation": [0, 0, -30],
							"uv": {
								"south": {"uv": [8, 1], "uv_size": [1, 1]},
								"up": {"uv": [2, 8], "uv_size": [1, 1]}
							}
						},
						{
							"origin": [-2.7935, 0.3582, 0.913],
							"size": [0.3535, 0.15, 0.25],
							"pivot": [-2.44, 0.5082, 1.163],
							"rotation": [0, -45, 0],
							"uv": {
								"south": {"uv": [8, 2], "uv_size": [1, 1]},
								"up": {"uv": [3, 8], "uv_size": [1, 1]}
							}
						},
						{
							"origin": [-1.7, 0.2332, 0.913],
							"size": [0.29, 0.125, 0.25],
							"pivot": [-1.41, 0.3582, 1.163],
							"rotation": [0, 0, 30],
							"uv": {
								"south": {"uv": [8, 3], "uv_size": [1, 1]},
								"up": {"uv": [4, 8], "uv_size": [1, 1]}
							}
						},
						{
							"origin": [-1.66, 0.2332, 0.873],
							"size": [0.25, 0.125, 0.29],
							"pivot": [-1.41, 0.3582, 1.163],
							"rotation": [-30, 0, 0],
							"uv": {
								"west": {"uv": [8, 4], "uv_size": [1, 1]},
								"up": {"uv": [5, 8], "uv_size": [1, 1]}
							}
						},
						{
							"origin": [-1.66, 0.3582, 0.913],
							"size": [0.3535, 0.15, 0.25],
							"pivot": [-1.66, 0.5082, 1.163],
							"rotation": [0, 45, 0],
							"uv": {
								"south": {"uv": [8, 5], "uv_size": [1, 1]},
								"up": {"uv": [6, 8], "uv_size": [1, 1]}
							}
						},
						{
							"origin": [-1.46941, 0.5075, 0.49309],
							"size": [0.2, 0.025, 0.2],
							"pivot": [-2.05, 0.68531, -0.0875],
							"rotation": [0, -45, 0],
							"uv": {
								"north": {"uv": [8, 6], "uv_size": [1, 1]},
								"east": {"uv": [7, 8], "uv_size": [1, 1]},
								"south": {"uv": [8, 7], "uv_size": [1, 1]},
								"west": {"uv": [8, 8], "uv_size": [1, 1]},
								"up": {"uv": [0, 9], "uv_size": [1, 1]},
								"down": {"uv": [9, 1], "uv_size": [1, -1]}
							}
						},
						{
							"origin": [-2.75, 0.71819, 0.62261],
							"size": [1.4, 0.2, 0.2],
							"pivot": [-2.05, 0.56031, -0.0625],
							"rotation": [-45, 0, 0],
							"uv": {
								"north": {"uv": [1, 9], "uv_size": [1, 1]},
								"east": {"uv": [9, 1], "uv_size": [1, 1]},
								"south": {"uv": [2, 9], "uv_size": [1, 1]},
								"west": {"uv": [9, 2], "uv_size": [1, 1]},
								"up": {"uv": [3, 9], "uv_size": [1, 1]},
								"down": {"uv": [9, 4], "uv_size": [1, -1]}
							}
						},
						{
							"origin": [-2.3, 0.2332, 0.163],
							"size": [0.5, 0.275, 0.2],
							"uv": {
								"north": {"uv": [4, 9], "uv_size": [1, 1]},
								"up": {"uv": [9, 4], "uv_size": [1, 1]}
							}
						},
						{
							"origin": [-1.90607, 0.2332, 0.11907],
							"size": [0.288, 0.275, 0.15],
							"pivot": [-1.90607, 0.5082, 0.26907],
							"rotation": [0, -45, 0],
							"uv": {
								"north": {"uv": [5, 9], "uv_size": [1, 1]},
								"up": {"uv": [9, 5], "uv_size": [1, 1]}
							}
						},
						{
							"origin": [-2.588, 0.2332, 0.163],
							"size": [0.288, 0.275, 0.15],
							"pivot": [-2.3, 0.5082, 0.163],
							"rotation": [0, 45, 0],
							"uv": {
								"north": {"uv": [6, 9], "uv_size": [1, 1]},
								"up": {"uv": [9, 6], "uv_size": [1, 1]}
							}
						},
						{
							"origin": [-1.89901, 0.2832, -0.15405],
							"size": [0.15, 0.125, 0.15],
							"pivot": [-1.36894, 0.78101, -0.18057],
							"rotation": [0, 45, 0],
							"uv": {
								"north": {"uv": [7, 9], "uv_size": [1, 1]},
								"east": {"uv": [9, 7], "uv_size": [1, 1]},
								"south": {"uv": [8, 9], "uv_size": [1, 1]},
								"west": {"uv": [9, 8], "uv_size": [1, 1]},
								"up": {"uv": [9, 9], "uv_size": [1, 1]}
							}
						},
						{
							"origin": [-2.76114, 0.2832, -0.15405],
							"size": [0.15, 0.125, 0.15],
							"pivot": [-2.23107, 0.78101, -0.18057],
							"rotation": [0, 45, 0],
							"uv": {
								"north": {"uv": [0, 10], "uv_size": [1, 1]},
								"east": {"uv": [10, 0], "uv_size": [1, 1]},
								"south": {"uv": [1, 10], "uv_size": [1, 1]},
								"west": {"uv": [10, 1], "uv_size": [1, 1]},
								"up": {"uv": [2, 10], "uv_size": [1, 1]}
							}
						},
						{
							"origin": [-2.69, 0.2875, -1.25],
							"size": [0.1, 0.2207, 1.613],
							"uv": {
								"north": {"uv": [10, 2], "uv_size": [1, 1]},
								"east": {"uv": [0, 0], "uv_size": [2, 1]},
								"west": {"uv": [0, 1], "uv_size": [2, 1]},
								"up": {"uv": [0, 2], "uv_size": [1, 2]}
							}
						},
						{
							"origin": [-2.69, -0.0125, -1.25],
							"size": [1.28, 0.3, 1.613],
							"uv": {
								"north": {"uv": [3, 10], "uv_size": [1, 1]},
								"east": {"uv": [2, 0], "uv_size": [2, 1]},
								"west": {"uv": [1, 2], "uv_size": [2, 1]},
								"up": {"uv": [1, 3], "uv_size": [1, 2]},
								"down": {"uv": [3, 3], "uv_size": [1, -2]}
							}
						},
						{
							"origin": [-1.51, 0.2875, -1.25],
							"size": [0.1, 0.2207, 1.613],
							"uv": {
								"north": {"uv": [10, 3], "uv_size": [1, 1]},
								"east": {"uv": [2, 3], "uv_size": [2, 1]},
								"west": {"uv": [4, 0], "uv_size": [2, 1]},
								"up": {"uv": [0, 4], "uv_size": [1, 2]}
							}
						},
						{
							"origin": [-1.46, 0.0875, -0.75],
							"size": [0.1, 0.3, 0.7],
							"uv": {
								"north": {"uv": [4, 10], "uv_size": [1, 1]},
								"east": {"uv": [10, 4], "uv_size": [1, 1]},
								"south": {"uv": [5, 10], "uv_size": [1, 1]},
								"west": {"uv": [10, 5], "uv_size": [1, 1]},
								"up": {"uv": [6, 10], "uv_size": [1, 1]},
								"down": {"uv": [10, 7], "uv_size": [1, -1]}
							}
						},
						{
							"origin": [-2.255, 0.2875, -0.9],
							"size": [0.41, 0.05, 1],
							"pivot": [-2.05, 0.3125, -0.4],
							"rotation": [0, 45, 0],
							"uv": {
								"north": {"uv": [7, 10], "uv_size": [1, 1]},
								"south": {"uv": [10, 7], "uv_size": [1, 1]},
								"up": {"uv": [8, 10], "uv_size": [1, 1]}
							}
						},
						{
							"origin": [-2.255, 0.2875, -0.9],
							"size": [0.41, 0.05, 1],
							"pivot": [-2.05, 0.3125, -0.4],
							"rotation": [0, 90, 0],
							"uv": {
								"north": {"uv": [10, 8], "uv_size": [1, 1]},
								"south": {"uv": [9, 10], "uv_size": [1, 1]},
								"up": {"uv": [10, 9], "uv_size": [1, 1]}
							}
						},
						{
							"origin": [-2.255, 0.2875, -0.9],
							"size": [0.41, 0.05, 1],
							"uv": {
								"north": {"uv": [10, 10], "uv_size": [1, 1]},
								"south": {"uv": [0, 11], "uv_size": [1, 1]},
								"up": {"uv": [11, 0], "uv_size": [1, 1]}
							}
						},
						{
							"origin": [-2.255, 0.2875, -0.9],
							"size": [0.41, 0.05, 1],
							"pivot": [-2.05, 0.3125, -0.4],
							"rotation": [0, 135, 0],
							"uv": {
								"north": {"uv": [1, 11], "uv_size": [1, 1]},
								"south": {"uv": [11, 1], "uv_size": [1, 1]},
								"up": {"uv": [2, 11], "uv_size": [1, 1]}
							}
						},
						{
							"origin": [-2.59, 0.2875, -1.25],
							"size": [1.08, 0.1, 0.25],
							"uv": {
								"north": {"uv": [11, 2], "uv_size": [1, 1]},
								"south": {"uv": [3, 11], "uv_size": [1, 1]},
								"up": {"uv": [11, 3], "uv_size": [1, 1]}
							}
						},
						{
							"origin": [-2.705, 0.0332, -1.25],
							"size": [0.115, 0.475, 0.25],
							"pivot": [-2.59, 0.5082, -1.25],
							"rotation": [0, 0, -75],
							"uv": {
								"north": {"uv": [4, 11], "uv_size": [1, 1]},
								"south": {"uv": [11, 4], "uv_size": [1, 1]},
								"west": {"uv": [5, 11], "uv_size": [1, 1]}
							}
						},
						{
							"origin": [-1.51, 0.0332, -1.25],
							"size": [0.115, 0.475, 0.25],
							"pivot": [-1.51, 0.5082, -1.25],
							"rotation": [0, 0, 75],
							"uv": {
								"north": {"uv": [11, 5], "uv_size": [1, 1]},
								"east": {"uv": [6, 11], "uv_size": [1, 1]},
								"south": {"uv": [11, 6], "uv_size": [1, 1]}
							}
						},
						{
							"origin": [-2.25875, 1.18379, -1.1],
							"size": [0.41751, 0.1, 0.45],
							"uv": {
								"north": {"uv": [7, 11], "uv_size": [1, 1]},
								"south": {"uv": [11, 7], "uv_size": [1, 1]},
								"up": {"uv": [8, 11], "uv_size": [1, 1]},
								"down": {"uv": [11, 9], "uv_size": [1, -1]}
							}
						},
						{
							"origin": [-2.7546, 0.9829, -1.1],
							"size": [0.1, 0.58, 0.45],
							"pivot": [-2.7546, 0.9829, -0.55],
							"rotation": [0, 0, 58.75],
							"uv": {
								"north": {"uv": [9, 11], "uv_size": [1, 1]},
								"east": {"uv": [11, 9], "uv_size": [1, 1]},
								"south": {"uv": [10, 11], "uv_size": [1, 1]},
								"west": {"uv": [11, 10], "uv_size": [1, 1]}
							}
						},
						{
							"origin": [-1.4454, 0.9829, -1.1],
							"size": [0.1, 0.58, 0.45],
							"pivot": [-1.3454, 0.9829, -0.55],
							"rotation": [0, 0, -58.75],
							"uv": {
								"north": {"uv": [11, 11], "uv_size": [1, 1]},
								"east": {"uv": [0, 12], "uv_size": [1, 1]},
								"south": {"uv": [12, 0], "uv_size": [1, 1]},
								"west": {"uv": [1, 12], "uv_size": [1, 1]}
							}
						},
						{
							"origin": [-2.7546, 0.6429, -0.75],
							"size": [0.1, 0.34, 0.1],
							"pivot": [-2.7546, 0.9829, -0.65],
							"rotation": [17, 0, 0],
							"uv": {
								"east": {"uv": [12, 1], "uv_size": [1, 1]},
								"south": {"uv": [2, 12], "uv_size": [1, 1]},
								"west": {"uv": [12, 2], "uv_size": [1, 1]}
							}
						},
						{
							"origin": [-1.4454, 0.6429, -0.75],
							"size": [0.1, 0.34, 0.1],
							"pivot": [-1.3454, 0.9829, -0.65],
							"rotation": [17, 0, 0],
							"uv": {
								"east": {"uv": [3, 12], "uv_size": [1, 1]},
								"south": {"uv": [12, 3], "uv_size": [1, 1]},
								"west": {"uv": [4, 12], "uv_size": [1, 1]}
							}
						},
						{
							"origin": [-2.69, 0.5082, -1.25],
							"size": [0.1, 0.156, 0.7],
							"pivot": [-2.59, 0.5082, -1.25],
							"rotation": [0, 0, -30],
							"uv": {
								"north": {"uv": [12, 4], "uv_size": [1, 1]},
								"east": {"uv": [5, 12], "uv_size": [1, 1]},
								"south": {"uv": [12, 5], "uv_size": [1, 1]},
								"west": {"uv": [6, 12], "uv_size": [1, 1]}
							}
						},
						{
							"origin": [-1.51, 0.5082, -1.25],
							"size": [0.1, 0.156, 0.7],
							"pivot": [-1.51, 0.5082, -1.25],
							"rotation": [0, 0, 30],
							"uv": {
								"north": {"uv": [12, 6], "uv_size": [1, 1]},
								"east": {"uv": [7, 12], "uv_size": [1, 1]},
								"south": {"uv": [12, 7], "uv_size": [1, 1]},
								"west": {"uv": [8, 12], "uv_size": [1, 1]}
							}
						},
						{
							"origin": [-2.7546, 0.5933, -1.25],
							"size": [0.1, 0.0646, 0.7],
							"uv": {
								"north": {"uv": [12, 8], "uv_size": [1, 1]},
								"east": {"uv": [9, 12], "uv_size": [1, 1]},
								"south": {"uv": [12, 9], "uv_size": [1, 1]},
								"west": {"uv": [10, 12], "uv_size": [1, 1]}
							}
						},
						{
							"origin": [-1.4454, 0.5933, -1.25],
							"size": [0.1, 0.0646, 0.7],
							"uv": {
								"north": {"uv": [12, 10], "uv_size": [1, 1]},
								"east": {"uv": [11, 12], "uv_size": [1, 1]},
								"south": {"uv": [12, 11], "uv_size": [1, 1]},
								"west": {"uv": [12, 12], "uv_size": [1, 1]}
							}
						},
						{
							"origin": [-2.7546, 0.62382, -1.10419],
							"size": [0.1, 0.36, 0.135],
							"pivot": [-2.7546, 0.97382, -1.10419],
							"rotation": [-24.75, 0, 0],
							"uv": {
								"north": {"uv": [0, 13], "uv_size": [1, 1]},
								"east": {"uv": [13, 0], "uv_size": [1, 1]},
								"west": {"uv": [1, 13], "uv_size": [1, 1]}
							}
						},
						{
							"origin": [-1.4454, 0.62382, -1.10419],
							"size": [0.1, 0.36, 0.135],
							"pivot": [-1.3454, 0.97382, -1.10419],
							"rotation": [-24.75, 0, 0],
							"uv": {
								"north": {"uv": [13, 1], "uv_size": [1, 1]},
								"east": {"uv": [2, 13], "uv_size": [1, 1]},
								"west": {"uv": [13, 2], "uv_size": [1, 1]}
							}
						},
						{
							"origin": [-2.7546, 0.6579, -1.1],
							"size": [0.1, 0.325, 0.45],
							"uv": {
								"east": {"uv": [3, 13], "uv_size": [1, 1]},
								"west": {"uv": [13, 3], "uv_size": [1, 1]}
							}
						}
					]
				}
			]
		}
	]
}