{
	"format_version": "1.12.0",
	"minecraft:geometry": [
		{
			"description": {
				"identifier": "geometry.sight_vortex_venom_rd",
				"texture_width": 16,
				"texture_height": 16,
				"visible_bounds_width": 22,
				"visible_bounds_height": 10,
				"visible_bounds_offset": [0, 0, 0]
			},
			"bones": [
				{
					"name": "scope_view",
					"pivot": [0, 0.8478, 7.25]
				},
				{
					"name": "division",
					"pivot": [0, 0, 0]
				},
				{
					"name": "crosshair_illuminated",
					"parent": "division",
					"pivot": [0, 0, 0],
					"cubes": [
						{
							"origin": [-0.0354, 0.8125, -10.183],
							"size": [0.0707, 0.0707, 0.025],
							"pivot": [0, 0.8478, -0.183],
							"rotation": [0, 0, 45],
							"uv": {
								"south": {"uv": [6, 6], "uv_size": [1, 1]}
							}
						}
					]
				},
				{
					"name": "ocular",
					"pivot": [0, 0, 0],
					"cubes": [
						{
							"origin": [-0.6046, 0.3808, -2.283],
							"size": [1.2092, 0.6146, 0.02],
							"uv": {
								"south": {"uv": [6, 1], "uv_size": [1, 1]}
							}
						},
						{
							"origin": [0.12636, 1.1204, -2.283],
							"size": [0.37812, 0.1551, 0.02],
							"pivot": [0, 1.09585, -2.273],
							"rotation": [0, 0, 31.25],
							"uv": {
								"south": {"uv": [4, 6], "uv_size": [1, 1]}
							}
						},
						{
							"origin": [-0.50448, 1.1204, -2.283],
							"size": [0.37812, 0.1551, 0.02],
							"pivot": [0, 1.09585, -2.273],
							"rotation": [0, 0, -31.25],
							"uv": {
								"south": {"uv": [6, 4], "uv_size": [1, 1]}
							}
						},
						{
							"origin": [-0.20875, 0.9954, -2.283],
							"size": [0.41751, 0.20089, 0.02],
							"uv": {
								"south": {"uv": [6, 5], "uv_size": [1, 1]}
							}
						}
					]
				},
				{
					"name": "scope_body",
					"pivot": [0, 0, 0]
				},
				{
					"name": "Vortex_VenomRD",
					"parent": "scope_body",
					"pivot": [0, 0, 0],
					"cubes": [
						{
							"origin": [0.6046, 0.6704, -2.283],
							"size": [0.1, 0.325, 0.45],
							"uv": {
								"east": {"uv": [8, 6], "uv_size": [1, 1]},
								"west": {"uv": [7, 8], "uv_size": [1, 1]}
							}
						},
						{
							"origin": [-0.64, 0, -0.82],
							"size": [1.28, 0.5207, 0.55],
							"uv": {
								"east": {"uv": [8, 8], "uv_size": [1, 1]},
								"west": {"uv": [0, 9], "uv_size": [1, 1]},
								"up": {"uv": [9, 0], "uv_size": [1, 1]},
								"down": {"uv": [1, 10], "uv_size": [1, -1]}
							}
						},
						{
							"origin": [-0.64, 0, -0.27],
							"size": [1.28, 0.3707, 0.25],
							"uv": {
								"east": {"uv": [9, 1], "uv_size": [1, 1]},
								"south": {"uv": [2, 9], "uv_size": [1, 1]},
								"west": {"uv": [9, 2], "uv_size": [1, 1]},
								"down": {"uv": [3, 10], "uv_size": [1, -1]}
							}
						},
						{
							"origin": [-0.39, 0.3707, -0.27],
							"size": [0.78, 0.15, 0.25],
							"uv": {
								"south": {"uv": [9, 3], "uv_size": [1, 1]},
								"up": {"uv": [4, 9], "uv_size": [1, 1]}
							}
						},
						{
							"origin": [-0.64, 0.2457, -0.31],
							"size": [0.25, 0.125, 0.29],
							"pivot": [-0.64, 0.3707, -0.02],
							"rotation": [-30, 0, 0],
							"uv": {
								"east": {"uv": [9, 4], "uv_size": [1, 1]},
								"up": {"uv": [5, 9], "uv_size": [1, 1]}
							}
						},
						{
							"origin": [-0.64, 0.2457, -0.27],
							"size": [0.29, 0.125, 0.25],
							"pivot": [-0.64, 0.3707, -0.02],
							"rotation": [0, 0, -30],
							"uv": {
								"south": {"uv": [9, 5], "uv_size": [1, 1]},
								"up": {"uv": [6, 9], "uv_size": [1, 1]}
							}
						},
						{
							"origin": [-0.7435, 0.3707, -0.27],
							"size": [0.3535, 0.15, 0.25],
							"pivot": [-0.39, 0.5207, -0.02],
							"rotation": [0, -45, 0],
							"uv": {
								"south": {"uv": [9, 6], "uv_size": [1, 1]},
								"up": {"uv": [7, 9], "uv_size": [1, 1]}
							}
						},
						{
							"origin": [0.35, 0.2457, -0.27],
							"size": [0.29, 0.125, 0.25],
							"pivot": [0.64, 0.3707, -0.02],
							"rotation": [0, 0, 30],
							"uv": {
								"south": {"uv": [9, 7], "uv_size": [1, 1]},
								"up": {"uv": [8, 9], "uv_size": [1, 1]}
							}
						},
						{
							"origin": [0.39, 0.2457, -0.31],
							"size": [0.25, 0.125, 0.29],
							"pivot": [0.64, 0.3707, -0.02],
							"rotation": [-30, 0, 0],
							"uv": {
								"west": {"uv": [9, 8], "uv_size": [1, 1]},
								"up": {"uv": [9, 9], "uv_size": [1, 1]}
							}
						},
						{
							"origin": [0.39, 0.3707, -0.27],
							"size": [0.3535, 0.15, 0.25],
							"pivot": [0.39, 0.5207, -0.02],
							"rotation": [0, 45, 0],
							"uv": {
								"south": {"uv": [0, 10], "uv_size": [1, 1]},
								"up": {"uv": [10, 0], "uv_size": [1, 1]}
							}
						},
						{
							"origin": [0.58059, 0.52, -0.68991],
							"size": [0.2, 0.025, 0.2],
							"pivot": [0, 0.69781, -1.2705],
							"rotation": [0, -45, 0],
							"uv": {
								"north": {"uv": [1, 10], "uv_size": [1, 1]},
								"east": {"uv": [10, 1], "uv_size": [1, 1]},
								"south": {"uv": [2, 10], "uv_size": [1, 1]},
								"west": {"uv": [10, 2], "uv_size": [1, 1]},
								"up": {"uv": [3, 10], "uv_size": [1, 1]},
								"down": {"uv": [10, 4], "uv_size": [1, -1]}
							}
						},
						{
							"origin": [-0.7, 0.73069, -0.56039],
							"size": [1.4, 0.2, 0.2],
							"pivot": [0, 0.57281, -1.2455],
							"rotation": [-45, 0, 0],
							"uv": {
								"north": {"uv": [4, 10], "uv_size": [1, 1]},
								"east": {"uv": [10, 4], "uv_size": [1, 1]},
								"south": {"uv": [5, 10], "uv_size": [1, 1]},
								"west": {"uv": [10, 5], "uv_size": [1, 1]},
								"up": {"uv": [6, 10], "uv_size": [1, 1]},
								"down": {"uv": [10, 7], "uv_size": [1, -1]}
							}
						},
						{
							"origin": [-0.25, 0.2457, -1.02],
							"size": [0.5, 0.275, 0.2],
							"uv": {
								"north": {"uv": [7, 10], "uv_size": [1, 1]},
								"up": {"uv": [10, 7], "uv_size": [1, 1]}
							}
						},
						{
							"origin": [0.14393, 0.2457, -1.06393],
							"size": [0.288, 0.275, 0.15],
							"pivot": [0.14393, 0.5207, -0.91393],
							"rotation": [0, -45, 0],
							"uv": {
								"north": {"uv": [8, 10], "uv_size": [1, 1]},
								"up": {"uv": [10, 8], "uv_size": [1, 1]}
							}
						},
						{
							"origin": [-0.538, 0.2457, -1.02],
							"size": [0.288, 0.275, 0.15],
							"pivot": [-0.25, 0.5207, -1.02],
							"rotation": [0, 45, 0],
							"uv": {
								"north": {"uv": [9, 10], "uv_size": [1, 1]},
								"up": {"uv": [10, 9], "uv_size": [1, 1]}
							}
						},
						{
							"origin": [0.15099, 0.2957, -1.33705],
							"size": [0.15, 0.125, 0.15],
							"pivot": [0.68106, 0.79351, -1.36357],
							"rotation": [0, 45, 0],
							"uv": {
								"north": {"uv": [10, 10], "uv_size": [1, 1]},
								"east": {"uv": [0, 11], "uv_size": [1, 1]},
								"south": {"uv": [11, 0], "uv_size": [1, 1]},
								"west": {"uv": [1, 11], "uv_size": [1, 1]},
								"up": {"uv": [11, 1], "uv_size": [1, 1]}
							}
						},
						{
							"origin": [-0.71114, 0.2957, -1.33705],
							"size": [0.15, 0.125, 0.15],
							"pivot": [-0.18107, 0.79351, -1.36357],
							"rotation": [0, 45, 0],
							"uv": {
								"north": {"uv": [2, 11], "uv_size": [1, 1]},
								"east": {"uv": [11, 2], "uv_size": [1, 1]},
								"south": {"uv": [3, 11], "uv_size": [1, 1]},
								"west": {"uv": [11, 3], "uv_size": [1, 1]},
								"up": {"uv": [4, 11], "uv_size": [1, 1]}
							}
						},
						{
							"origin": [-0.64, 0.3, -2.433],
							"size": [0.1, 0.2207, 1.613],
							"uv": {
								"north": {"uv": [11, 4], "uv_size": [1, 1]},
								"east": {"uv": [2, 4], "uv_size": [2, 1]},
								"west": {"uv": [4, 4], "uv_size": [2, 1]},
								"up": {"uv": [5, 0], "uv_size": [1, 2]}
							}
						},
						{
							"origin": [-0.64, 0, -2.433],
							"size": [1.28, 0.3, 1.613],
							"uv": {
								"north": {"uv": [5, 11], "uv_size": [1, 1]},
								"east": {"uv": [5, 2], "uv_size": [2, 1]},
								"west": {"uv": [3, 5], "uv_size": [2, 1]},
								"up": {"uv": [5, 5], "uv_size": [1, 2]},
								"down": {"uv": [0, 8], "uv_size": [1, -2]}
							}
						},
						{
							"origin": [0.54, 0.3, -2.433],
							"size": [0.1, 0.2207, 1.613],
							"uv": {
								"north": {"uv": [11, 5], "uv_size": [1, 1]},
								"east": {"uv": [5, 3], "uv_size": [2, 1]},
								"west": {"uv": [6, 0], "uv_size": [2, 1]},
								"up": {"uv": [1, 6], "uv_size": [1, 2]}
							}
						},
						{
							"origin": [0.59, 0.1, -1.933],
							"size": [0.1, 0.3, 0.7],
							"uv": {
								"north": {"uv": [6, 11], "uv_size": [1, 1]},
								"east": {"uv": [11, 6], "uv_size": [1, 1]},
								"south": {"uv": [7, 11], "uv_size": [1, 1]},
								"west": {"uv": [11, 7], "uv_size": [1, 1]},
								"up": {"uv": [8, 11], "uv_size": [1, 1]},
								"down": {"uv": [11, 9], "uv_size": [1, -1]}
							}
						},
						{
							"origin": [-0.205, 0.3, -2.083],
							"size": [0.41, 0.05, 1],
							"pivot": [0, 0.325, -1.583],
							"rotation": [0, 45, 0],
							"uv": {
								"north": {"uv": [9, 11], "uv_size": [1, 1]},
								"south": {"uv": [11, 9], "uv_size": [1, 1]},
								"up": {"uv": [10, 11], "uv_size": [1, 1]}
							}
						},
						{
							"origin": [-0.205, 0.3, -2.083],
							"size": [0.41, 0.05, 1],
							"pivot": [0, 0.325, -1.583],
							"rotation": [0, 90, 0],
							"uv": {
								"north": {"uv": [11, 10], "uv_size": [1, 1]},
								"south": {"uv": [11, 11], "uv_size": [1, 1]},
								"up": {"uv": [0, 12], "uv_size": [1, 1]}
							}
						},
						{
							"origin": [-0.205, 0.3, -2.083],
							"size": [0.41, 0.05, 1],
							"uv": {
								"north": {"uv": [12, 0], "uv_size": [1, 1]},
								"south": {"uv": [1, 12], "uv_size": [1, 1]},
								"up": {"uv": [12, 1], "uv_size": [1, 1]}
							}
						},
						{
							"origin": [-0.205, 0.3, -2.083],
							"size": [0.41, 0.05, 1],
							"pivot": [0, 0.325, -1.583],
							"rotation": [0, 135, 0],
							"uv": {
								"north": {"uv": [2, 12], "uv_size": [1, 1]},
								"south": {"uv": [12, 2], "uv_size": [1, 1]},
								"up": {"uv": [3, 12], "uv_size": [1, 1]}
							}
						},
						{
							"origin": [-0.54, 0.3, -2.433],
							"size": [1.08, 0.1, 0.25],
							"uv": {
								"north": {"uv": [12, 3], "uv_size": [1, 1]},
								"south": {"uv": [4, 12], "uv_size": [1, 1]},
								"up": {"uv": [12, 4], "uv_size": [1, 1]}
							}
						},
						{
							"origin": [-0.655, 0.0457, -2.433],
							"size": [0.115, 0.475, 0.25],
							"pivot": [-0.54, 0.5207, -2.433],
							"rotation": [0, 0, -75],
							"uv": {
								"north": {"uv": [5, 12], "uv_size": [1, 1]},
								"south": {"uv": [12, 5], "uv_size": [1, 1]},
								"west": {"uv": [6, 12], "uv_size": [1, 1]}
							}
						},
						{
							"origin": [0.54, 0.0457, -2.433],
							"size": [0.115, 0.475, 0.25],
							"pivot": [0.54, 0.5207, -2.433],
							"rotation": [0, 0, 75],
							"uv": {
								"north": {"uv": [12, 6], "uv_size": [1, 1]},
								"east": {"uv": [7, 12], "uv_size": [1, 1]},
								"south": {"uv": [12, 7], "uv_size": [1, 1]}
							}
						},
						{
							"origin": [-0.20875, 1.19629, -2.283],
							"size": [0.41751, 0.1, 0.45],
							"uv": {
								"north": {"uv": [8, 12], "uv_size": [1, 1]},
								"south": {"uv": [12, 8], "uv_size": [1, 1]},
								"up": {"uv": [9, 12], "uv_size": [1, 1]},
								"down": {"uv": [12, 10], "uv_size": [1, -1]}
							}
						},
						{
							"origin": [-0.7046, 0.9954, -2.283],
							"size": [0.1, 0.58, 0.45],
							"pivot": [-0.7046, 0.9954, -1.733],
							"rotation": [0, 0, 58.75],
							"uv": {
								"north": {"uv": [10, 12], "uv_size": [1, 1]},
								"east": {"uv": [12, 10], "uv_size": [1, 1]},
								"south": {"uv": [11, 12], "uv_size": [1, 1]},
								"west": {"uv": [12, 11], "uv_size": [1, 1]}
							}
						},
						{
							"origin": [0.6046, 0.9954, -2.283],
							"size": [0.1, 0.58, 0.45],
							"pivot": [0.7046, 0.9954, -1.733],
							"rotation": [0, 0, -58.75],
							"uv": {
								"north": {"uv": [12, 12], "uv_size": [1, 1]},
								"east": {"uv": [0, 13], "uv_size": [1, 1]},
								"south": {"uv": [13, 0], "uv_size": [1, 1]},
								"west": {"uv": [1, 13], "uv_size": [1, 1]}
							}
						},
						{
							"origin": [-0.7046, 0.6554, -1.933],
							"size": [0.1, 0.34, 0.1],
							"pivot": [-0.7046, 0.9954, -1.833],
							"rotation": [17, 0, 0],
							"uv": {
								"east": {"uv": [13, 1], "uv_size": [1, 1]},
								"south": {"uv": [2, 13], "uv_size": [1, 1]},
								"west": {"uv": [13, 2], "uv_size": [1, 1]}
							}
						},
						{
							"origin": [0.6046, 0.6554, -1.933],
							"size": [0.1, 0.34, 0.1],
							"pivot": [0.7046, 0.9954, -1.833],
							"rotation": [17, 0, 0],
							"uv": {
								"east": {"uv": [3, 13], "uv_size": [1, 1]},
								"south": {"uv": [13, 3], "uv_size": [1, 1]},
								"west": {"uv": [4, 13], "uv_size": [1, 1]}
							}
						},
						{
							"origin": [-0.64, 0.5207, -2.433],
							"size": [0.1, 0.156, 0.7],
							"pivot": [-0.54, 0.5207, -2.433],
							"rotation": [0, 0, -30],
							"uv": {
								"north": {"uv": [13, 4], "uv_size": [1, 1]},
								"east": {"uv": [5, 13], "uv_size": [1, 1]},
								"south": {"uv": [13, 5], "uv_size": [1, 1]},
								"west": {"uv": [6, 13], "uv_size": [1, 1]}
							}
						},
						{
							"origin": [0.54, 0.5207, -2.433],
							"size": [0.1, 0.156, 0.7],
							"pivot": [0.54, 0.5207, -2.433],
							"rotation": [0, 0, 30],
							"uv": {
								"north": {"uv": [13, 6], "uv_size": [1, 1]},
								"east": {"uv": [7, 13], "uv_size": [1, 1]},
								"south": {"uv": [13, 7], "uv_size": [1, 1]},
								"west": {"uv": [8, 13], "uv_size": [1, 1]}
							}
						},
						{
							"origin": [-0.7046, 0.6058, -2.433],
							"size": [0.1, 0.0646, 0.7],
							"uv": {
								"north": {"uv": [13, 8], "uv_size": [1, 1]},
								"east": {"uv": [9, 13], "uv_size": [1, 1]},
								"south": {"uv": [13, 9], "uv_size": [1, 1]},
								"west": {"uv": [10, 13], "uv_size": [1, 1]}
							}
						},
						{
							"origin": [0.6046, 0.6058, -2.433],
							"size": [0.1, 0.0646, 0.7],
							"uv": {
								"north": {"uv": [13, 10], "uv_size": [1, 1]},
								"east": {"uv": [11, 13], "uv_size": [1, 1]},
								"south": {"uv": [13, 11], "uv_size": [1, 1]},
								"west": {"uv": [12, 13], "uv_size": [1, 1]}
							}
						},
						{
							"origin": [-0.7046, 0.63632, -2.28719],
							"size": [0.1, 0.36, 0.135],
							"pivot": [-0.7046, 0.98632, -2.28719],
							"rotation": [-24.75, 0, 0],
							"uv": {
								"north": {"uv": [13, 12], "uv_size": [1, 1]},
								"east": {"uv": [13, 13], "uv_size": [1, 1]},
								"west": {"uv": [0, 14], "uv_size": [1, 1]}
							}
						},
						{
							"origin": [0.6046, 0.63632, -2.28719],
							"size": [0.1, 0.36, 0.135],
							"pivot": [0.7046, 0.98632, -2.28719],
							"rotation": [-24.75, 0, 0],
							"uv": {
								"north": {"uv": [14, 0], "uv_size": [1, 1]},
								"east": {"uv": [1, 14], "uv_size": [1, 1]},
								"west": {"uv": [14, 1], "uv_size": [1, 1]}
							}
						},
						{
							"origin": [-0.7046, 0.6704, -2.283],
							"size": [0.1, 0.325, 0.45],
							"uv": {
								"east": {"uv": [2, 14], "uv_size": [1, 1]},
								"west": {"uv": [14, 2], "uv_size": [1, 1]}
							}
						}
					]
				}
			]
		}
	]
}