{
	"format_version": "1.12.0",
	"minecraft:geometry": [
		{
			"description": {
				"identifier": "geometry.sight_eotech_hhs6_hdl",
				"texture_width": 256,
				"texture_height": 256,
				"visible_bounds_width": 112,
				"visible_bounds_height": 25,
				"visible_bounds_offset": [0, 0.5, 0]
			},
			"bones": [
				{
					"name": "scope_view",
					"pivot": [0, 2.4, 6.7]
				},
				{
					"name": "division",
					"pivot": [0, -0.125, -25],
					"cubes": [
						{
							"origin": [-64, -60.725, -275],
							"size": [128, 128, 0.1],
							"uv": {
								"south": {"uv": [0, 0], "uv_size": [128, 128]}
							}
						},
						{
							"origin": [-64, 67.275, -275],
							"size": [128, 128, 0.1],
							"uv": {
								"south": {"uv": [0, 0], "uv_size": [1, 1]}
							}
						},
						{
							"origin": [-64, -188.725, -275],
							"size": [128, 128, 0.1],
							"uv": {
								"south": {"uv": [0, 0], "uv_size": [1, 1]}
							}
						},
						{
							"origin": [-320, -188.725, -275],
							"size": [256, 384, 0.1],
							"uv": {
								"south": {"uv": [0, 0], "uv_size": [1, 1]}
							}
						},
						{
							"origin": [64, -188.725, -275],
							"size": [256, 384, 0.1],
							"uv": {
								"south": {"uv": [1, 0], "uv_size": [-1, 1]}
							}
						}
					]
				},
				{
					"name": "crosshair_illuminated",
					"parent": "division",
					"pivot": [0, 2.00125, -56.3],
					"cubes": [
						{
							"origin": [-59.5, -56.225, -775],
							"size": [119, 119, 0.1],
							"uv": {
								"south": {"uv": [0, 128], "uv_size": [119, 119]}
							}
						}
					]
				},
				{
					"name": "ocular",
					"pivot": [0, 3.275, -0.4],
					"cubes": [
						{
							"origin": [-0.2753, 2.625, 3.75],
							"size": [0.5506, 1.3, 0.1],
							"uv": {
								"south": {"uv": [130, 28], "uv_size": [1, 1]}
							}
						},
						{
							"origin": [-0.2753, 2.625, 3.75],
							"size": [0.5506, 1.3, 0.1],
							"pivot": [0, 3.275, 0.95],
							"rotation": [0, 0, 45],
							"uv": {
								"south": {"uv": [130, 29], "uv_size": [1, 1]}
							}
						},
						{
							"origin": [-0.2753, 2.625, 3.75],
							"size": [0.5506, 1.3, 0.1],
							"pivot": [0, 3.275, 0.95],
							"rotation": [0, 0, 90],
							"uv": {
								"south": {"uv": [130, 30], "uv_size": [1, 1]}
							}
						},
						{
							"origin": [-0.2753, 2.625, 3.75],
							"size": [0.5506, 1.3, 0.1],
							"pivot": [0, 3.275, 0.95],
							"rotation": [0, 0, 135],
							"uv": {
								"south": {"uv": [130, 31], "uv_size": [1, 1]}
							}
						}
					]
				},
				{
					"name": "ocular_ring",
					"pivot": [0, 3.275, 1.2],
					"cubes": [
						{
							"origin": [-0.1691, 2.425, 3.5],
							"size": [0.3382, 0.2, 0.5],
							"pivot": [0, 3.275, 3.75],
							"rotation": [0, 0, -180],
							"uv": {
								"south": {"uv": [130, 32], "uv_size": [1, 1]},
								"up": {"uv": [130, 33], "uv_size": [1, 1]},
								"down": {"uv": [130, 35], "uv_size": [1, -1]}
							}
						},
						{
							"origin": [-0.1691, 2.425, 3.5],
							"size": [0.3382, 0.2, 0.5],
							"pivot": [0, 3.275, 3.75],
							"rotation": [0, 0, 157.5],
							"uv": {
								"south": {"uv": [130, 35], "uv_size": [1, 1]},
								"up": {"uv": [130, 36], "uv_size": [1, 1]},
								"down": {"uv": [130, 38], "uv_size": [1, -1]}
							}
						},
						{
							"origin": [-0.1691, 2.425, 3.5],
							"size": [0.3382, 0.2, 0.5],
							"pivot": [0, 3.275, 3.75],
							"rotation": [0, 0, 135],
							"uv": {
								"south": {"uv": [130, 38], "uv_size": [1, 1]},
								"up": {"uv": [130, 39], "uv_size": [1, 1]},
								"down": {"uv": [130, 41], "uv_size": [1, -1]}
							}
						},
						{
							"origin": [-0.1691, 2.425, 3.5],
							"size": [0.3382, 0.2, 0.5],
							"pivot": [0, 3.275, 3.75],
							"rotation": [0, 0, 112.5],
							"uv": {
								"south": {"uv": [130, 41], "uv_size": [1, 1]},
								"up": {"uv": [130, 42], "uv_size": [1, 1]},
								"down": {"uv": [130, 44], "uv_size": [1, -1]}
							}
						},
						{
							"origin": [-0.1691, 2.425, 3.5],
							"size": [0.3382, 0.2, 0.5],
							"pivot": [0, 3.275, 3.75],
							"rotation": [0, 0, 90],
							"uv": {
								"south": {"uv": [130, 44], "uv_size": [1, 1]},
								"up": {"uv": [130, 45], "uv_size": [1, 1]},
								"down": {"uv": [130, 47], "uv_size": [1, -1]}
							}
						},
						{
							"origin": [-0.1691, 2.425, 3.5],
							"size": [0.3382, 0.2, 0.5],
							"pivot": [0, 3.275, 3.75],
							"rotation": [0, 0, 67.5],
							"uv": {
								"south": {"uv": [130, 47], "uv_size": [1, 1]},
								"up": {"uv": [130, 48], "uv_size": [1, 1]},
								"down": {"uv": [130, 50], "uv_size": [1, -1]}
							}
						},
						{
							"origin": [-0.1691, 2.425, 3.5],
							"size": [0.3382, 0.2, 0.5],
							"pivot": [0, 3.275, 3.75],
							"rotation": [0, 0, 45],
							"uv": {
								"south": {"uv": [130, 50], "uv_size": [1, 1]},
								"up": {"uv": [130, 51], "uv_size": [1, 1]},
								"down": {"uv": [130, 53], "uv_size": [1, -1]}
							}
						},
						{
							"origin": [-0.1691, 2.425, 3.5],
							"size": [0.3382, 0.2, 0.5],
							"pivot": [0, 3.275, 3.75],
							"rotation": [0, 0, 22.5],
							"uv": {
								"south": {"uv": [130, 53], "uv_size": [1, 1]},
								"up": {"uv": [130, 54], "uv_size": [1, 1]},
								"down": {"uv": [130, 56], "uv_size": [1, -1]}
							}
						},
						{
							"origin": [-0.1691, 2.425, 3.5],
							"size": [0.3382, 0.2, 0.5],
							"pivot": [0, 3.275, 3.75],
							"rotation": [0, 0, -157.5],
							"uv": {
								"south": {"uv": [130, 56], "uv_size": [1, 1]},
								"up": {"uv": [130, 57], "uv_size": [1, 1]},
								"down": {"uv": [130, 59], "uv_size": [1, -1]}
							}
						},
						{
							"origin": [-0.1691, 2.425, 3.5],
							"size": [0.3382, 0.2, 0.5],
							"pivot": [0, 3.275, 3.75],
							"rotation": [0, 0, -135],
							"uv": {
								"south": {"uv": [130, 59], "uv_size": [1, 1]},
								"up": {"uv": [130, 60], "uv_size": [1, 1]},
								"down": {"uv": [130, 62], "uv_size": [1, -1]}
							}
						},
						{
							"origin": [-0.1691, 2.425, 3.5],
							"size": [0.3382, 0.2, 0.5],
							"pivot": [0, 3.275, 3.75],
							"rotation": [0, 0, -112.5],
							"uv": {
								"south": {"uv": [130, 62], "uv_size": [1, 1]},
								"up": {"uv": [130, 63], "uv_size": [1, 1]},
								"down": {"uv": [130, 65], "uv_size": [1, -1]}
							}
						},
						{
							"origin": [-0.1691, 2.425, 3.5],
							"size": [0.3382, 0.2, 0.5],
							"pivot": [0, 3.275, 3.75],
							"rotation": [0, 0, -90],
							"uv": {
								"south": {"uv": [130, 65], "uv_size": [1, 1]},
								"up": {"uv": [130, 66], "uv_size": [1, 1]},
								"down": {"uv": [130, 68], "uv_size": [1, -1]}
							}
						},
						{
							"origin": [-0.1691, 2.425, 3.5],
							"size": [0.3382, 0.2, 0.5],
							"pivot": [0, 3.275, 3.75],
							"rotation": [0, 0, -67.5],
							"uv": {
								"south": {"uv": [130, 68], "uv_size": [1, 1]},
								"up": {"uv": [130, 69], "uv_size": [1, 1]},
								"down": {"uv": [130, 71], "uv_size": [1, -1]}
							}
						},
						{
							"origin": [-0.1691, 2.425, 3.5],
							"size": [0.3382, 0.2, 0.5],
							"pivot": [0, 3.275, 3.75],
							"rotation": [0, 0, -45],
							"uv": {
								"south": {"uv": [130, 71], "uv_size": [1, 1]},
								"up": {"uv": [130, 72], "uv_size": [1, 1]},
								"down": {"uv": [130, 74], "uv_size": [1, -1]}
							}
						},
						{
							"origin": [-0.1691, 2.425, 3.5],
							"size": [0.3382, 0.2, 0.5],
							"pivot": [0, 3.275, 3.75],
							"rotation": [0, 0, -22.5],
							"uv": {
								"south": {"uv": [130, 74], "uv_size": [1, 1]},
								"up": {"uv": [130, 75], "uv_size": [1, 1]},
								"down": {"uv": [130, 77], "uv_size": [1, -1]}
							}
						},
						{
							"origin": [-0.1691, 2.425, 3.5],
							"size": [0.3382, 0.2, 0.5],
							"uv": {
								"south": {"uv": [130, 77], "uv_size": [1, 1]},
								"up": {"uv": [130, 78], "uv_size": [1, 1]},
								"down": {"uv": [130, 80], "uv_size": [1, -1]}
							}
						}
					]
				},
				{
					"name": "scope_body",
					"pivot": [0, 21.7, 1.35]
				},
				{
					"name": "EOTech_EXPS3",
					"parent": "scope_body",
					"pivot": [-0.5625, 1.875, -4.84067],
					"cubes": [
						{
							"origin": [-0.375, 0.84375, -3.925],
							"size": [1.4375, 0.375, 2.625],
							"uv": {
								"north": {"uv": [130, 80], "uv_size": [1, 1]},
								"south": {"uv": [130, 81], "uv_size": [1, 1]},
								"west": {"uv": [128, 22], "uv_size": [3, 1]},
								"down": {"uv": [128, 26], "uv_size": [1, -3]}
							}
						},
						{
							"origin": [0.375, 0.65625, -3.925],
							"size": [0.5, 0.1875, 2.625],
							"uv": {
								"east": {"uv": [128, 26], "uv_size": [3, 1]},
								"south": {"uv": [130, 82], "uv_size": [1, 1]},
								"down": {"uv": [128, 30], "uv_size": [1, -3]}
							}
						},
						{
							"origin": [-1.12565, 0.80557, -2.2375],
							"size": [0.26516, 0.1875, 0.9375],
							"pivot": [-1.11049, 0.89932, -2.8625],
							"rotation": [0, 0, 45],
							"uv": {
								"north": {"uv": [130, 83], "uv_size": [1, 1]},
								"south": {"uv": [130, 84], "uv_size": [1, 1]},
								"down": {"uv": [130, 86], "uv_size": [1, -1]}
							}
						},
						{
							"origin": [-0.375, 0.84375, -4.4875],
							"size": [0.75, 0.375, 0.5625],
							"uv": {
								"north": {"uv": [130, 86], "uv_size": [1, 1]},
								"down": {"uv": [130, 88], "uv_size": [1, -1]}
							}
						},
						{
							"origin": [-1, 0.65625, -2.2375],
							"size": [0.625, 0.1875, 0.9375],
							"uv": {
								"north": {"uv": [130, 88], "uv_size": [1, 1]},
								"south": {"uv": [130, 89], "uv_size": [1, 1]},
								"west": {"uv": [130, 90], "uv_size": [1, 1]},
								"down": {"uv": [130, 92], "uv_size": [1, -1]}
							}
						},
						{
							"origin": [0.73549, 0.80557, -3.925],
							"size": [0.26516, 0.1875, 2.625],
							"pivot": [0.98549, 0.89932, -2.8625],
							"rotation": [0, 0, -45],
							"uv": {
								"south": {"uv": [130, 92], "uv_size": [1, 1]},
								"down": {"uv": [128, 33], "uv_size": [1, -3]}
							}
						},
						{
							"origin": [-1.1875, 0.84375, -2.2375],
							"size": [0.8125, 0.375, 0.9375],
							"uv": {
								"north": {"uv": [130, 93], "uv_size": [1, 1]},
								"east": {"uv": [130, 94], "uv_size": [1, 1]},
								"south": {"uv": [130, 95], "uv_size": [1, 1]},
								"up": {"uv": [130, 96], "uv_size": [1, 1]}
							}
						},
						{
							"origin": [-0.875, 0.59375, -4.4875],
							"size": [0.5, 0.625, 2.25],
							"uv": {
								"north": {"uv": [130, 97], "uv_size": [1, 1]},
								"south": {"uv": [130, 98], "uv_size": [1, 1]},
								"west": {"uv": [128, 33], "uv_size": [2, 1]},
								"down": {"uv": [128, 36], "uv_size": [1, -2]}
							}
						},
						{
							"origin": [-1.0625, 0.59375, -4.3],
							"size": [0.1875, 0.625, 1.875],
							"uv": {
								"east": {"uv": [128, 36], "uv_size": [2, 1]},
								"down": {"uv": [128, 39], "uv_size": [1, -2]}
							}
						},
						{
							"origin": [-0.73641, 0.59375, -4.35243],
							"size": [0.1875, 0.625, 0.26517],
							"pivot": [-0.64266, 0.90625, -4.58726],
							"rotation": [0, -45, 0],
							"uv": {
								"east": {"uv": [130, 99], "uv_size": [1, 1]},
								"down": {"uv": [130, 101], "uv_size": [1, -1]}
							}
						},
						{
							"origin": [-0.99621, 0.59375, -2.53012],
							"size": [0.1875, 0.625, 0.26516],
							"pivot": [-0.90246, 0.90625, -2.39754],
							"rotation": [0, 45, 0],
							"uv": {
								"east": {"uv": [130, 101], "uv_size": [1, 1]},
								"down": {"uv": [130, 103], "uv_size": [1, -1]}
							}
						},
						{
							"origin": [0.375, 0.59375, -4.4875],
							"size": [0.9, 0.625, 0.5625],
							"uv": {
								"north": {"uv": [130, 103], "uv_size": [1, 1]},
								"east": {"uv": [130, 104], "uv_size": [1, 1]},
								"south": {"uv": [130, 105], "uv_size": [1, 1]},
								"down": {"uv": [130, 107], "uv_size": [1, -1]}
							}
						},
						{
							"origin": [1.1603, 0.59375, -4.51181],
							"size": [0.21526, 0.625, 0.51968],
							"pivot": [1.38638, 0.9375, -4.24688],
							"rotation": [0, 22.5, 0],
							"uv": {
								"south": {"uv": [130, 107], "uv_size": [1, 1]},
								"west": {"uv": [130, 108], "uv_size": [1, 1]},
								"up": {"uv": [130, 109], "uv_size": [1, 1]},
								"down": {"uv": [130, 111], "uv_size": [1, -1]}
							}
						},
						{
							"origin": [1.3125, 0.65625, -2.83125],
							"size": [0.1875, 0.29688, 1.65625],
							"uv": {
								"east": {"uv": [128, 39], "uv_size": [2, 1]},
								"south": {"uv": [130, 111], "uv_size": [1, 1]},
								"west": {"uv": [128, 40], "uv_size": [2, 1]},
								"up": {"uv": [128, 41], "uv_size": [1, 2]},
								"down": {"uv": [128, 45], "uv_size": [1, -2]}
							}
						},
						{
							"origin": [1.3125, 0.57725, -2.94331],
							"size": [0.1875, 0.25, 0.5],
							"pivot": [1.4375, 0.70225, -2.09956],
							"rotation": [-22.5, 0, 0],
							"uv": {
								"east": {"uv": [130, 112], "uv_size": [1, 1]},
								"west": {"uv": [130, 113], "uv_size": [1, 1]},
								"up": {"uv": [130, 114], "uv_size": [1, 1]}
							}
						},
						{
							"origin": [1.3125, 0.65625, -3.6125],
							"size": [0.1875, 0.48438, 0.78125],
							"uv": {
								"east": {"uv": [130, 115], "uv_size": [1, 1]},
								"west": {"uv": [130, 116], "uv_size": [1, 1]},
								"up": {"uv": [130, 117], "uv_size": [1, 1]},
								"down": {"uv": [130, 119], "uv_size": [1, -1]}
							}
						},
						{
							"origin": [0.77167, 0.65625, -3.78224],
							"size": [0.6875, 0.48438, 0.375],
							"pivot": [1.05292, 0.9375, -3.59474],
							"rotation": [0, -22.5, 0],
							"uv": {
								"north": {"uv": [130, 119], "uv_size": [1, 1]},
								"south": {"uv": [130, 120], "uv_size": [1, 1]},
								"up": {"uv": [121, 130], "uv_size": [1, 1]},
								"down": {"uv": [130, 122], "uv_size": [1, -1]}
							}
						},
						{
							"origin": [-1.3125, 1.642, -5.425],
							"size": [0.25, 0.466, 1.125],
							"pivot": [0.9375, 1.875, -4.8625],
							"rotation": [-45, 0, 0],
							"uv": {
								"north": {"uv": [130, 122], "uv_size": [1, 1]},
								"east": {"uv": [130, 123], "uv_size": [1, 1]},
								"south": {"uv": [124, 130], "uv_size": [1, 1]}
							}
						},
						{
							"origin": [-1.3125, 1.642, -5.425],
							"size": [0.25, 0.466, 1.125],
							"uv": {
								"north": {"uv": [130, 124], "uv_size": [1, 1]},
								"east": {"uv": [130, 125], "uv_size": [1, 1]},
								"south": {"uv": [130, 126], "uv_size": [1, 1]}
							}
						},
						{
							"origin": [-1.3125, 1.3125, -5.0955],
							"size": [0.25, 1.125, 0.466],
							"pivot": [-0.0625, 1.875, -4.8625],
							"rotation": [-45, 0, 0],
							"uv": {
								"east": {"uv": [127, 130], "uv_size": [1, 1]},
								"up": {"uv": [130, 127], "uv_size": [1, 1]},
								"down": {"uv": [130, 129], "uv_size": [1, -1]}
							}
						},
						{
							"origin": [-1.3125, 1.3125, -5.0955],
							"size": [0.25, 1.125, 0.466],
							"uv": {
								"east": {"uv": [130, 129], "uv_size": [1, 1]},
								"up": {"uv": [130, 130], "uv_size": [1, 1]},
								"down": {"uv": [131, 1], "uv_size": [1, -1]}
							}
						},
						{
							"origin": [0.875, 2.40625, -5.1125],
							"size": [0.1875, 0.125, 1.8125],
							"uv": {
								"west": {"uv": [128, 45], "uv_size": [2, 1]},
								"up": {"uv": [128, 46], "uv_size": [1, 2]}
							}
						},
						{
							"origin": [0.875, 2.40625, -3.3],
							"size": [0.1875, 1.125, 1.5],
							"uv": {
								"north": {"uv": [131, 1], "uv_size": [1, 1]},
								"east": {"uv": [128, 48], "uv_size": [2, 1]},
								"west": {"uv": [128, 49], "uv_size": [2, 1]}
							}
						},
						{
							"origin": [-0.75, 3.65625, -3.3],
							"size": [1.5, 0.1875, 1.5],
							"uv": {
								"north": {"uv": [128, 50], "uv_size": [2, 1]},
								"south": {"uv": [128, 51], "uv_size": [2, 1]},
								"up": {"uv": [128, 8], "uv_size": [2, 2]},
								"down": {"uv": [128, 12], "uv_size": [2, -2]}
							}
						},
						{
							"origin": [0.875, 2.27861, -2.00077],
							"size": [0.1875, 1.25, 0.4375],
							"pivot": [0.96875, 2.93486, -1.68827],
							"rotation": [22.5, 0, 0],
							"uv": {
								"east": {"uv": [131, 2], "uv_size": [1, 1]},
								"south": {"uv": [131, 3], "uv_size": [1, 1]},
								"west": {"uv": [131, 4], "uv_size": [1, 1]}
							}
						},
						{
							"origin": [-1.0625, 2.40625, -5.1125],
							"size": [0.1875, 0.125, 1.8125],
							"uv": {
								"east": {"uv": [128, 52], "uv_size": [2, 1]},
								"up": {"uv": [128, 53], "uv_size": [1, 2]}
							}
						},
						{
							"origin": [-1.0625, 2.27861, -2.00077],
							"size": [0.1875, 1.25, 0.4375],
							"pivot": [-0.96875, 2.93486, -1.68827],
							"rotation": [22.5, 0, 0],
							"uv": {
								"east": {"uv": [131, 5], "uv_size": [1, 1]},
								"south": {"uv": [131, 6], "uv_size": [1, 1]},
								"west": {"uv": [131, 7], "uv_size": [1, 1]}
							}
						},
						{
							"origin": [-0.875, 2.03125, -5.2375],
							"size": [1.75, 0.375, 0.125],
							"uv": {
								"up": {"uv": [128, 55], "uv_size": [2, 1]}
							}
						},
						{
							"origin": [-1.0625, 2.71386, -3.70042],
							"size": [0.1875, 0.3125, 0.5625],
							"pivot": [0, 2.80761, -3.07542],
							"rotation": [45, 0, 0],
							"uv": {
								"east": {"uv": [131, 8], "uv_size": [1, 1]},
								"west": {"uv": [131, 9], "uv_size": [1, 1]},
								"up": {"uv": [131, 10], "uv_size": [1, 1]}
							}
						},
						{
							"origin": [0.875, 2.71386, -3.70042],
							"size": [0.1875, 0.3125, 0.5625],
							"pivot": [0, 2.80761, -3.07542],
							"rotation": [45, 0, 0],
							"uv": {
								"east": {"uv": [131, 11], "uv_size": [1, 1]},
								"west": {"uv": [131, 14], "uv_size": [1, 1]},
								"up": {"uv": [131, 15], "uv_size": [1, 1]}
							}
						},
						{
							"origin": [-1.0625, 1.21875, -5.1125],
							"size": [2.125, 1.1875, 3.8125],
							"uv": {
								"east": {"uv": [128, 12], "uv_size": [4, 1]},
								"south": {"uv": [128, 56], "uv_size": [2, 1]},
								"west": {"uv": [128, 13], "uv_size": [4, 1]},
								"up": {"uv": [128, 0], "uv_size": [2, 4]},
								"down": {"uv": [128, 8], "uv_size": [2, -4]}
							}
						},
						{
							"origin": [-0.9375, 0.96875, -1.3],
							"size": [1.875, 0.75, 0.25],
							"uv": {
								"east": {"uv": [131, 16], "uv_size": [1, 1]},
								"south": {"uv": [128, 57], "uv_size": [2, 1]},
								"west": {"uv": [131, 17], "uv_size": [1, 1]},
								"down": {"uv": [128, 59], "uv_size": [2, -1]}
							}
						},
						{
							"origin": [0.48234, 3.19757, -3.3],
							"size": [0.44195, 0.1875, 1.5],
							"pivot": [1.16984, 3.29132, -2.3],
							"rotation": [0, 0, 45],
							"uv": {
								"north": {"uv": [131, 18], "uv_size": [1, 1]},
								"south": {"uv": [131, 19], "uv_size": [1, 1]},
								"up": {"uv": [128, 59], "uv_size": [1, 2]},
								"down": {"uv": [128, 63], "uv_size": [1, -2]}
							}
						},
						{
							"origin": [-0.9375, 1.63999, -1.44595],
							"size": [1.875, 0.67188, 0.25],
							"pivot": [0, 2.04624, -1.32095],
							"rotation": [22.5, 0, 0],
							"uv": {
								"east": {"uv": [131, 20], "uv_size": [1, 1]},
								"south": {"uv": [128, 63], "uv_size": [2, 1]},
								"west": {"uv": [131, 21], "uv_size": [1, 1]}
							}
						},
						{
							"origin": [-0.97411, 2.29197, -5.1125],
							"size": [0.1875, 0.125, 3.6875],
							"pivot": [-0.78661, 2.35447, -4.20625],
							"rotation": [0, 0, 45],
							"uv": {
								"north": {"uv": [131, 22], "uv_size": [1, 1]},
								"south": {"uv": [131, 23], "uv_size": [1, 1]},
								"up": {"uv": [128, 14], "uv_size": [1, 4]}
							}
						},
						{
							"origin": [-1.0625, 2.40625, -3.3],
							"size": [0.1875, 1.125, 1.5],
							"uv": {
								"north": {"uv": [131, 24], "uv_size": [1, 1]},
								"east": {"uv": [128, 64], "uv_size": [2, 1]},
								"west": {"uv": [128, 65], "uv_size": [2, 1]}
							}
						},
						{
							"origin": [0.78661, 2.29197, -5.1125],
							"size": [0.1875, 0.125, 3.6875],
							"pivot": [0.78661, 2.35447, -4.20625],
							"rotation": [0, 0, -45],
							"uv": {
								"north": {"uv": [131, 25], "uv_size": [1, 1]},
								"south": {"uv": [131, 26], "uv_size": [1, 1]},
								"up": {"uv": [128, 18], "uv_size": [1, 4]}
							}
						},
						{
							"origin": [-0.92429, 3.19757, -3.3],
							"size": [0.44195, 0.1875, 1.5],
							"pivot": [-1.16984, 3.29132, -2.3],
							"rotation": [0, 0, -45],
							"uv": {
								"north": {"uv": [131, 28], "uv_size": [1, 1]},
								"south": {"uv": [131, 29], "uv_size": [1, 1]},
								"up": {"uv": [128, 66], "uv_size": [1, 2]},
								"down": {"uv": [128, 70], "uv_size": [1, -2]}
							}
						},
						{
							"origin": [-1.0625, 1.60317, -5.49692],
							"size": [0.1875, 0.54366, 0.5],
							"pivot": [-0.5625, 1.875, -4.84067],
							"rotation": [-45, 0, 0],
							"uv": {
								"north": {"uv": [131, 30], "uv_size": [1, 1]},
								"east": {"uv": [131, 31], "uv_size": [1, 1]},
								"west": {"uv": [131, 32], "uv_size": [1, 1]}
							}
						},
						{
							"origin": [0.875, 1.60317, -5.49692],
							"size": [0.4375, 0.54366, 0.5],
							"pivot": [1.375, 1.875, -4.84067],
							"rotation": [-45, 0, 0],
							"uv": {
								"north": {"uv": [131, 33], "uv_size": [1, 1]},
								"east": {"uv": [131, 34], "uv_size": [1, 1]},
								"west": {"uv": [131, 35], "uv_size": [1, 1]}
							}
						},
						{
							"origin": [-0.875, 1.60317, -5.49692],
							"size": [1.75, 0.36688, 0.5],
							"pivot": [1.1875, 1.875, -4.84067],
							"rotation": [-45, 0, 0],
							"uv": {
								"north": {"uv": [128, 70], "uv_size": [2, 1]}
							}
						},
						{
							"origin": [-1.0625, 1.60317, -5.49692],
							"size": [2.375, 0.54366, 0.5],
							"uv": {
								"north": {"uv": [128, 71], "uv_size": [2, 1]},
								"east": {"uv": [131, 36], "uv_size": [1, 1]},
								"west": {"uv": [131, 37], "uv_size": [1, 1]}
							}
						},
						{
							"origin": [1.0625, 1.21875, -5.1125],
							"size": [0.25, 1.3125, 0.61558],
							"uv": {
								"west": {"uv": [131, 38], "uv_size": [1, 1]},
								"up": {"uv": [131, 39], "uv_size": [1, 1]},
								"down": {"uv": [131, 41], "uv_size": [1, -1]}
							}
						},
						{
							"origin": [0.88147, 1.21875, -4.67546],
							"size": [0.25, 1.3125, 0.36558],
							"pivot": [1.00647, 1.875, -4.36767],
							"rotation": [0, -45, 0],
							"uv": {
								"west": {"uv": [131, 41], "uv_size": [1, 1]},
								"up": {"uv": [131, 42], "uv_size": [1, 1]},
								"down": {"uv": [131, 44], "uv_size": [1, -1]}
							}
						},
						{
							"origin": [-1.0625, 1.21875, -5.1125],
							"size": [2.375, 0.5, 0.54366],
							"pivot": [-0.5625, 1.875, -4.84067],
							"rotation": [-45, 0, 0],
							"uv": {
								"east": {"uv": [131, 44], "uv_size": [1, 1]},
								"west": {"uv": [131, 45], "uv_size": [1, 1]},
								"down": {"uv": [128, 73], "uv_size": [2, -1]}
							}
						},
						{
							"origin": [-0.875, 2.4, -3.175],
							"size": [1.75, 1.2625, 1.25],
							"uv": {
								"north": {"uv": [129, 25], "uv_size": [2, 1]},
								"south": {"uv": [130, 27], "uv_size": [2, 1]}
							}
						}
					]
				},
				{
					"name": "little",
					"parent": "EOTech_EXPS3",
					"pivot": [1.0625, 1.40625, -3.3625],
					"cubes": [
						{
							"origin": [-1.1875, 1.96875, -2.27855],
							"size": [0.125, 0.5, 0.2071],
							"uv": {
								"east": {"uv": [131, 46], "uv_size": [1, 1]},
								"up": {"uv": [131, 47], "uv_size": [1, 1]},
								"down": {"uv": [131, 49], "uv_size": [1, -1]}
							}
						},
						{
							"origin": [-1.1875, 1.96875, -2.27855],
							"size": [0.125, 0.5, 0.2071],
							"pivot": [-0.75, 2.21875, -2.175],
							"rotation": [-45, 0, 0],
							"uv": {
								"east": {"uv": [131, 49], "uv_size": [1, 1]},
								"up": {"uv": [131, 50], "uv_size": [1, 1]},
								"down": {"uv": [131, 52], "uv_size": [1, -1]}
							}
						},
						{
							"origin": [-1.1875, 2.1152, -2.425],
							"size": [0.125, 0.2071, 0.5],
							"uv": {
								"north": {"uv": [131, 52], "uv_size": [1, 1]},
								"east": {"uv": [131, 53], "uv_size": [1, 1]},
								"south": {"uv": [131, 54], "uv_size": [1, 1]}
							}
						},
						{
							"origin": [-1.1875, 2.1152, -2.425],
							"size": [0.125, 0.2071, 0.5],
							"pivot": [-0.75, 2.21875, -2.175],
							"rotation": [-45, 0, 0],
							"uv": {
								"north": {"uv": [131, 55], "uv_size": [1, 1]},
								"east": {"uv": [131, 56], "uv_size": [1, 1]},
								"south": {"uv": [131, 57], "uv_size": [1, 1]}
							}
						},
						{
							"origin": [-1.1875, 1.65625, -3.71605],
							"size": [0.125, 0.5, 0.2071],
							"uv": {
								"east": {"uv": [131, 58], "uv_size": [1, 1]},
								"up": {"uv": [131, 59], "uv_size": [1, 1]},
								"down": {"uv": [131, 61], "uv_size": [1, -1]}
							}
						},
						{
							"origin": [-1.1875, 1.8027, -3.8625],
							"size": [0.125, 0.2071, 0.5],
							"pivot": [-0.6875, 1.90625, -3.6125],
							"rotation": [-45, 0, 0],
							"uv": {
								"north": {"uv": [131, 61], "uv_size": [1, 1]},
								"east": {"uv": [131, 62], "uv_size": [1, 1]},
								"south": {"uv": [131, 63], "uv_size": [1, 1]}
							}
						},
						{
							"origin": [-1.1875, 1.8027, -3.8625],
							"size": [0.125, 0.2071, 0.5],
							"uv": {
								"north": {"uv": [131, 64], "uv_size": [1, 1]},
								"east": {"uv": [131, 65], "uv_size": [1, 1]},
								"south": {"uv": [131, 66], "uv_size": [1, 1]}
							}
						},
						{
							"origin": [-1.1875, 1.65625, -3.71605],
							"size": [0.125, 0.5, 0.2071],
							"pivot": [-0.6875, 1.90625, -3.6125],
							"rotation": [-45, 0, 0],
							"uv": {
								"east": {"uv": [131, 67], "uv_size": [1, 1]},
								"up": {"uv": [131, 68], "uv_size": [1, 1]},
								"down": {"uv": [131, 70], "uv_size": [1, -1]}
							}
						},
						{
							"origin": [-1.1875, 0.82858, -3.55],
							"size": [0.2, 0.15534, 0.375],
							"pivot": [-0.75, 0.90625, -3.3625],
							"rotation": [-45, 0, 0],
							"uv": {
								"north": {"uv": [131, 70], "uv_size": [1, 1]},
								"east": {"uv": [131, 71], "uv_size": [1, 1]},
								"south": {"uv": [131, 72], "uv_size": [1, 1]}
							}
						},
						{
							"origin": [-1.1875, 0.71875, -3.44017],
							"size": [0.2, 0.375, 0.15534],
							"pivot": [-0.75, 0.90625, -3.3625],
							"rotation": [-45, 0, 0],
							"uv": {
								"east": {"uv": [131, 73], "uv_size": [1, 1]},
								"up": {"uv": [131, 74], "uv_size": [1, 1]},
								"down": {"uv": [131, 76], "uv_size": [1, -1]}
							}
						},
						{
							"origin": [-1.1875, 0.71875, -3.44017],
							"size": [0.2, 0.375, 0.15534],
							"uv": {
								"east": {"uv": [131, 76], "uv_size": [1, 1]},
								"up": {"uv": [131, 77], "uv_size": [1, 1]},
								"down": {"uv": [131, 79], "uv_size": [1, -1]}
							}
						},
						{
							"origin": [-1.1875, 0.82858, -3.55],
							"size": [0.2, 0.15534, 0.375],
							"uv": {
								"north": {"uv": [131, 79], "uv_size": [1, 1]},
								"east": {"uv": [131, 80], "uv_size": [1, 1]},
								"south": {"uv": [131, 81], "uv_size": [1, 1]}
							}
						},
						{
							"origin": [-1.34375, 1.46875, -1.75711],
							"size": [0.5, 0.25, 0.25],
							"pivot": [-0.84375, 1.21875, -2.00711],
							"rotation": [-45, 0, 0],
							"uv": {
								"north": {"uv": [131, 82], "uv_size": [1, 1]},
								"east": {"uv": [131, 83], "uv_size": [1, 1]},
								"south": {"uv": [131, 84], "uv_size": [1, 1]},
								"up": {"uv": [131, 85], "uv_size": [1, 1]},
								"down": {"uv": [131, 87], "uv_size": [1, -1]}
							}
						},
						{
							"origin": [0.625, 2, -1.34779],
							"size": [0.1875, 0.1875, 0.20312],
							"pivot": [0.71875, 2.09375, -1.24623],
							"rotation": [16.32495, 15.69986, -42.73421],
							"uv": {
								"east": {"uv": [131, 87], "uv_size": [1, 1]},
								"south": {"uv": [131, 88], "uv_size": [1, 1]},
								"west": {"uv": [131, 89], "uv_size": [1, 1]},
								"up": {"uv": [131, 90], "uv_size": [1, 1]},
								"down": {"uv": [131, 92], "uv_size": [1, -1]}
							}
						},
						{
							"origin": [-0.8125, 2, -1.34779],
							"size": [0.1875, 0.1875, 0.20312],
							"pivot": [-0.71875, 2.09375, -1.24623],
							"rotation": [-16.32495, -15.69986, 137.26579],
							"uv": {
								"east": {"uv": [131, 92], "uv_size": [1, 1]},
								"south": {"uv": [131, 93], "uv_size": [1, 1]},
								"west": {"uv": [131, 94], "uv_size": [1, 1]},
								"up": {"uv": [131, 95], "uv_size": [1, 1]},
								"down": {"uv": [131, 97], "uv_size": [1, -1]}
							}
						},
						{
							"origin": [-0.78125, 1.0625, -1.97279],
							"size": [0.25, 0.25, 1.03125],
							"pivot": [-0.65625, 1.1875, -1.45716],
							"rotation": [0, 0, -45],
							"uv": {
								"east": {"uv": [131, 97], "uv_size": [1, 1]},
								"south": {"uv": [131, 98], "uv_size": [1, 1]},
								"west": {"uv": [131, 99], "uv_size": [1, 1]},
								"up": {"uv": [131, 100], "uv_size": [1, 1]},
								"down": {"uv": [131, 102], "uv_size": [1, -1]}
							}
						},
						{
							"origin": [0.53125, 1.0625, -1.97279],
							"size": [0.25, 0.25, 1.03125],
							"pivot": [0.65625, 1.1875, -1.45716],
							"rotation": [0, 0, -45],
							"uv": {
								"east": {"uv": [131, 102], "uv_size": [1, 1]},
								"south": {"uv": [131, 103], "uv_size": [1, 1]},
								"west": {"uv": [131, 104], "uv_size": [1, 1]},
								"up": {"uv": [131, 105], "uv_size": [1, 1]},
								"down": {"uv": [131, 107], "uv_size": [1, -1]}
							}
						},
						{
							"origin": [1.4375, 2.03125, -1.675],
							"size": [0.125, 0.375, 0.375],
							"pivot": [1.5, 2.21875, -1.4875],
							"rotation": [-45, 0, 0],
							"uv": {
								"north": {"uv": [131, 107], "uv_size": [1, 1]},
								"south": {"uv": [131, 108], "uv_size": [1, 1]},
								"west": {"uv": [131, 109], "uv_size": [1, 1]},
								"up": {"uv": [131, 110], "uv_size": [1, 1]},
								"down": {"uv": [131, 112], "uv_size": [1, -1]}
							}
						},
						{
							"origin": [1.4375, 1.34375, -1.7375],
							"size": [0.125, 0.375, 0.5625],
							"uv": {
								"north": {"uv": [131, 112], "uv_size": [1, 1]},
								"south": {"uv": [131, 113], "uv_size": [1, 1]},
								"west": {"uv": [131, 114], "uv_size": [1, 1]},
								"up": {"uv": [131, 115], "uv_size": [1, 1]},
								"down": {"uv": [131, 117], "uv_size": [1, -1]}
							}
						},
						{
							"origin": [1.4375, 1.34375, -2.425],
							"size": [0.125, 0.375, 0.5625],
							"uv": {
								"north": {"uv": [131, 117], "uv_size": [1, 1]},
								"south": {"uv": [131, 118], "uv_size": [1, 1]},
								"west": {"uv": [119, 131], "uv_size": [1, 1]},
								"up": {"uv": [131, 119], "uv_size": [1, 1]},
								"down": {"uv": [120, 132], "uv_size": [1, -1]}
							}
						},
						{
							"origin": [0.5625, 1.65625, -4.175],
							"size": [0.96875, 0.25, 0.25],
							"pivot": [1.0625, 1.40625, -4.425],
							"rotation": [-45, 0, 0],
							"uv": {
								"north": {"uv": [131, 120], "uv_size": [1, 1]},
								"south": {"uv": [121, 131], "uv_size": [1, 1]},
								"west": {"uv": [131, 121], "uv_size": [1, 1]},
								"up": {"uv": [122, 131], "uv_size": [1, 1]},
								"down": {"uv": [131, 123], "uv_size": [1, -1]}
							}
						},
						{
							"origin": [0.5625, 1.65625, -3.1125],
							"size": [0.96875, 0.25, 0.25],
							"pivot": [1.0625, 1.40625, -3.3625],
							"rotation": [-45, 0, 0],
							"uv": {
								"north": {"uv": [123, 131], "uv_size": [1, 1]},
								"south": {"uv": [131, 123], "uv_size": [1, 1]},
								"west": {"uv": [124, 131], "uv_size": [1, 1]},
								"up": {"uv": [131, 124], "uv_size": [1, 1]},
								"down": {"uv": [125, 132], "uv_size": [1, -1]}
							}
						},
						{
							"origin": [1.0625, 0.96875, -1.425],
							"size": [0.3125, 1.4375, 0.25],
							"uv": {
								"east": {"uv": [131, 125], "uv_size": [1, 1]},
								"south": {"uv": [126, 131], "uv_size": [1, 1]},
								"down": {"uv": [131, 127], "uv_size": [1, -1]}
							}
						},
						{
							"origin": [1.0625, 0.96875, -2.3],
							"size": [0.3125, 1.6875, 0.875],
							"uv": {
								"north": {"uv": [128, 73], "uv_size": [1, 2]},
								"up": {"uv": [127, 131], "uv_size": [1, 1]},
								"down": {"uv": [131, 128], "uv_size": [1, -1]}
							}
						},
						{
							"origin": [1.0625, 2.27838, -1.48371],
							"size": [0.3125, 0.35355, 0.25],
							"pivot": [1.21875, 2.41318, -1.35871],
							"rotation": [45, 0, 0],
							"uv": {
								"east": {"uv": [128, 131], "uv_size": [1, 1]},
								"south": {"uv": [131, 128], "uv_size": [1, 1]}
							}
						}
					]
				},
				{
					"name": "frame",
					"parent": "EOTech_EXPS3",
					"pivot": [0, -0.425, -0.1],
					"cubes": [
						{
							"origin": [1.375, 1.80632, -2.3625],
							"size": [0.125, 0.78743, 0.9699],
							"uv": {
								"west": {"uv": [129, 131], "uv_size": [1, 1]}
							}
						},
						{
							"origin": [1.375, 2.51875, -1.4211],
							"size": [0.125, 0.075, 0.29392],
							"uv": {
								"south": {"uv": [131, 129], "uv_size": [1, 1]},
								"west": {"uv": [130, 131], "uv_size": [1, 1]}
							}
						},
						{
							"origin": [1.375, 0.96875, -2.3625],
							"size": [0.125, 0.83757, 1.3699],
							"uv": {
								"east": {"uv": [131, 130], "uv_size": [1, 1]},
								"south": {"uv": [131, 131], "uv_size": [1, 1]},
								"west": {"uv": [132, 0], "uv_size": [1, 1]},
								"down": {"uv": [132, 2], "uv_size": [1, -1]}
							}
						},
						{
							"origin": [1.1875, 2.71875, -3.55],
							"size": [0.125, 0.8125, 1.875],
							"uv": {
								"north": {"uv": [132, 2], "uv_size": [1, 1]},
								"east": {"uv": [128, 75], "uv_size": [2, 1]},
								"south": {"uv": [132, 3], "uv_size": [1, 1]},
								"west": {"uv": [128, 76], "uv_size": [2, 1]}
							}
						},
						{
							"origin": [1.375, 1.15625, -4.2375],
							"size": [0.125, 1.125, 1.875],
							"uv": {
								"north": {"uv": [132, 4], "uv_size": [1, 1]},
								"east": {"uv": [128, 77], "uv_size": [2, 1]},
								"west": {"uv": [128, 78], "uv_size": [2, 1]},
								"down": {"uv": [128, 81], "uv_size": [1, -2]}
							}
						},
						{
							"origin": [-0.71875, 3.9375, -3.55],
							"size": [1.44024, 0.12557, 1.875],
							"uv": {
								"north": {"uv": [132, 5], "uv_size": [1, 1]},
								"south": {"uv": [132, 6], "uv_size": [1, 1]},
								"up": {"uv": [128, 81], "uv_size": [1, 2]},
								"down": {"uv": [128, 85], "uv_size": [1, -2]}
							}
						},
						{
							"origin": [1.375, 2.28125, -3.925],
							"size": [0.125, 0.3125, 1.5625],
							"uv": {
								"east": {"uv": [128, 85], "uv_size": [2, 1]},
								"west": {"uv": [128, 86], "uv_size": [2, 1]},
								"up": {"uv": [128, 87], "uv_size": [1, 2]}
							}
						},
						{
							"origin": [1.1875, 2.65625, -3.8],
							"size": [0.125, 0.125, 2.4],
							"uv": {
								"north": {"uv": [132, 7], "uv_size": [1, 1]},
								"east": {"uv": [128, 89], "uv_size": [2, 1]},
								"south": {"uv": [132, 8], "uv_size": [1, 1]},
								"down": {"uv": [128, 92], "uv_size": [1, -2]}
							}
						},
						{
							"origin": [1.28282, 2.50379, -3.8],
							"size": [0.125, 0.26517, 2.4],
							"pivot": [1.34532, 2.66004, -2.8],
							"rotation": [0, 0, -45],
							"uv": {
								"north": {"uv": [132, 9], "uv_size": [1, 1]},
								"east": {"uv": [128, 92], "uv_size": [2, 1]},
								"west": {"uv": [128, 93], "uv_size": [2, 1]}
							}
						},
						{
							"origin": [1.28282, 2.50379, -1.4],
							"size": [0.125, 0.075, 0.27282],
							"pivot": [1.34532, 2.66004, -2.8],
							"rotation": [0, 0, -45],
							"uv": {
								"south": {"uv": [132, 10], "uv_size": [1, 1]},
								"west": {"uv": [132, 11], "uv_size": [1, 1]}
							}
						},
						{
							"origin": [1.28282, 2.57879, -1.4],
							"size": [0.125, 0.1, 0.12282],
							"pivot": [1.34532, 2.66004, -2.8],
							"rotation": [0, 0, -45],
							"uv": {
								"east": {"uv": [132, 12], "uv_size": [1, 1]},
								"west": {"uv": [132, 13], "uv_size": [1, 1]}
							}
						},
						{
							"origin": [1.37026, 2.45706, -1.26128],
							"size": [0.125, 0.375, 0.1],
							"pivot": [1.43276, 2.5726, -1.31359],
							"rotation": [50, 0, -45],
							"uv": {
								"east": {"uv": [132, 14], "uv_size": [1, 1]},
								"south": {"uv": [132, 15], "uv_size": [1, 1]},
								"west": {"uv": [132, 16], "uv_size": [1, 1]}
							}
						},
						{
							"origin": [1.1875, 2.625, -3.7375],
							"size": [0.125, 0.65625, 0.25],
							"pivot": [-0.0625, 2.84375, -3.39375],
							"rotation": [-22.5, 0, 0],
							"uv": {
								"north": {"uv": [132, 17], "uv_size": [1, 1]},
								"east": {"uv": [132, 18], "uv_size": [1, 1]},
								"west": {"uv": [132, 19], "uv_size": [1, 1]}
							}
						},
						{
							"origin": [0.65343, 3.84593, -3.55],
							"size": [0.48438, 0.125, 1.875],
							"pivot": [0.91906, 3.84593, -2.6125],
							"rotation": [0, 0, 22.5],
							"uv": {
								"north": {"uv": [132, 20], "uv_size": [1, 1]},
								"south": {"uv": [132, 21], "uv_size": [1, 1]},
								"up": {"uv": [128, 94], "uv_size": [1, 2]},
								"down": {"uv": [128, 98], "uv_size": [1, -2]}
							}
						},
						{
							"origin": [1.375, 1.91919, -4.05092],
							"size": [0.125, 0.44195, 0.25],
							"pivot": [0.125, 2.32544, -3.70717],
							"rotation": [-45, 0, 0],
							"uv": {
								"north": {"uv": [132, 22], "uv_size": [1, 1]},
								"east": {"uv": [132, 23], "uv_size": [1, 1]},
								"west": {"uv": [132, 24], "uv_size": [1, 1]}
							}
						},
						{
							"origin": [1.1133, 3.46676, -3.55],
							"size": [0.125, 0.375, 1.875],
							"pivot": [1.1133, 3.68551, -2.6125],
							"rotation": [0, 0, -22.5],
							"uv": {
								"north": {"uv": [132, 25], "uv_size": [1, 1]},
								"east": {"uv": [128, 98], "uv_size": [2, 1]},
								"south": {"uv": [132, 26], "uv_size": [1, 1]},
								"west": {"uv": [128, 99], "uv_size": [2, 1]}
							}
						},
						{
							"origin": [-1.2383, 3.46676, -3.55],
							"size": [0.125, 0.375, 1.875],
							"pivot": [-1.1133, 3.68551, -2.6125],
							"rotation": [0, 0, 22.5],
							"uv": {
								"north": {"uv": [132, 27], "uv_size": [1, 1]},
								"east": {"uv": [128, 100], "uv_size": [2, 1]},
								"south": {"uv": [132, 28], "uv_size": [1, 1]},
								"west": {"uv": [128, 101], "uv_size": [2, 1]}
							}
						},
						{
							"origin": [-1.13781, 3.84593, -3.55],
							"size": [0.48438, 0.125, 1.875],
							"pivot": [-0.91906, 3.84593, -2.6125],
							"rotation": [0, 0, -22.5],
							"uv": {
								"north": {"uv": [132, 29], "uv_size": [1, 1]},
								"south": {"uv": [132, 30], "uv_size": [1, 1]},
								"up": {"uv": [128, 102], "uv_size": [1, 2]},
								"down": {"uv": [128, 106], "uv_size": [1, -2]}
							}
						},
						{
							"origin": [1.1875, 2.66383, -1.78614],
							"size": [0.125, 0.75, 0.3125],
							"pivot": [-0.0625, 2.91383, -1.72364],
							"rotation": [22.5, 0, 0],
							"uv": {
								"east": {"uv": [132, 31], "uv_size": [1, 1]},
								"south": {"uv": [132, 32], "uv_size": [1, 1]},
								"west": {"uv": [132, 33], "uv_size": [1, 1]}
							}
						},
						{
							"origin": [1.375, 1.07889, -2.7287],
							"size": [0.125, 0.1875, 0.5],
							"pivot": [1.4375, 1.36014, -2.57245],
							"rotation": [-22.5, 0, 0],
							"uv": {
								"east": {"uv": [132, 34], "uv_size": [1, 1]},
								"west": {"uv": [132, 35], "uv_size": [1, 1]},
								"down": {"uv": [132, 37], "uv_size": [1, -1]}
							}
						},
						{
							"origin": [-1.3125, 1.80632, -1.675],
							"size": [0.125, 0.97221, 0.278],
							"uv": {
								"north": {"uv": [132, 37], "uv_size": [1, 1]},
								"east": {"uv": [132, 38], "uv_size": [1, 1]},
								"west": {"uv": [132, 39], "uv_size": [1, 1]}
							}
						},
						{
							"origin": [-1.3125, 2.38419, -1.35534],
							"size": [0.125, 0.4, 0.25],
							"pivot": [-0.25, 2.4293, -1.24434],
							"rotation": [45, 0, 0],
							"uv": {
								"east": {"uv": [132, 40], "uv_size": [1, 1]},
								"south": {"uv": [132, 41], "uv_size": [1, 1]},
								"west": {"uv": [132, 42], "uv_size": [1, 1]}
							}
						},
						{
							"origin": [1.375, 1.77694, -1.45042],
							"size": [0.125, 0.775, 0.4],
							"pivot": [1.25, 2.12205, -1.18942],
							"rotation": [10, 0, 0],
							"uv": {
								"east": {"uv": [132, 43], "uv_size": [1, 1]},
								"south": {"uv": [132, 44], "uv_size": [1, 1]},
								"west": {"uv": [132, 45], "uv_size": [1, 1]}
							}
						},
						{
							"origin": [-1.3125, 1.77694, -1.45042],
							"size": [0.125, 0.7, 0.4],
							"pivot": [-1.25, 2.12205, -1.18942],
							"rotation": [10, 0, 0],
							"uv": {
								"east": {"uv": [132, 46], "uv_size": [1, 1]},
								"south": {"uv": [132, 47], "uv_size": [1, 1]},
								"west": {"uv": [132, 48], "uv_size": [1, 1]}
							}
						},
						{
							"origin": [-1.3125, 0.96875, -1.675],
							"size": [0.125, 0.83757, 0.6824],
							"uv": {
								"east": {"uv": [132, 49], "uv_size": [1, 1]},
								"south": {"uv": [132, 50], "uv_size": [1, 1]},
								"west": {"uv": [132, 51], "uv_size": [1, 1]},
								"down": {"uv": [132, 53], "uv_size": [1, -1]}
							}
						},
						{
							"origin": [-1.3125, 1.34375, -4.2375],
							"size": [0.125, 0.9375, 0.125],
							"uv": {
								"north": {"uv": [132, 53], "uv_size": [1, 1]},
								"east": {"uv": [132, 54], "uv_size": [1, 1]},
								"south": {"uv": [132, 55], "uv_size": [1, 1]},
								"west": {"uv": [132, 56], "uv_size": [1, 1]}
							}
						},
						{
							"origin": [-1.3125, 2.46875, -3.7375],
							"size": [0.125, 0.8125, 0.6875],
							"pivot": [1.0625, 2.84375, -3.39375],
							"rotation": [-22.5, 0, 0],
							"uv": {
								"north": {"uv": [132, 57], "uv_size": [1, 1]},
								"east": {"uv": [132, 58], "uv_size": [1, 1]},
								"west": {"uv": [132, 59], "uv_size": [1, 1]}
							}
						},
						{
							"origin": [-1.3125, 1.91919, -4.05092],
							"size": [0.125, 0.625, 0.125],
							"pivot": [0.0625, 2.32544, -3.70717],
							"rotation": [-45, 0, 0],
							"uv": {
								"north": {"uv": [132, 60], "uv_size": [1, 1]},
								"east": {"uv": [132, 61], "uv_size": [1, 1]},
								"west": {"uv": [132, 62], "uv_size": [1, 1]}
							}
						},
						{
							"origin": [-1.3125, 2.66383, -1.78614],
							"size": [0.125, 0.75, 0.3125],
							"pivot": [0.0625, 2.91383, -1.72364],
							"rotation": [22.5, 0, 0],
							"uv": {
								"east": {"uv": [132, 63], "uv_size": [1, 1]},
								"south": {"uv": [132, 64], "uv_size": [1, 1]},
								"west": {"uv": [132, 65], "uv_size": [1, 1]}
							}
						},
						{
							"origin": [-1.3125, 1.95987, -1.675],
							"size": [0.125, 0.51776, 0.25],
							"pivot": [-0.8125, 2.21875, -2.175],
							"rotation": [-45, 0, 0],
							"uv": {
								"north": {"uv": [132, 66], "uv_size": [1, 1]},
								"east": {"uv": [132, 67], "uv_size": [1, 1]},
								"west": {"uv": [132, 68], "uv_size": [1, 1]}
							}
						},
						{
							"origin": [-1.3125, 1.46875, -2.43388],
							"size": [0.125, 0.25, 0.51776],
							"pivot": [-0.8125, 2.21875, -2.175],
							"rotation": [-45, 0, 0],
							"uv": {
								"east": {"uv": [132, 69], "uv_size": [1, 1]},
								"west": {"uv": [132, 70], "uv_size": [1, 1]},
								"up": {"uv": [132, 71], "uv_size": [1, 1]}
							}
						},
						{
							"origin": [-1.3125, 2.71875, -2.43388],
							"size": [0.125, 0.25, 0.51776],
							"pivot": [-0.8125, 2.21875, -2.175],
							"rotation": [-45, 0, 0],
							"uv": {
								"east": {"uv": [132, 72], "uv_size": [1, 1]},
								"west": {"uv": [132, 73], "uv_size": [1, 1]},
								"down": {"uv": [132, 75], "uv_size": [1, -1]}
							}
						},
						{
							"origin": [-1.3125, 1.64737, -4.2375],
							"size": [0.125, 0.58026, 0.125],
							"pivot": [-0.8125, 1.90625, -3.6125],
							"rotation": [-45, 0, 0],
							"uv": {
								"east": {"uv": [132, 75], "uv_size": [1, 1]},
								"south": {"uv": [132, 76], "uv_size": [1, 1]},
								"west": {"uv": [132, 77], "uv_size": [1, 1]}
							}
						},
						{
							"origin": [-1.3125, 1.64737, -3.1125],
							"size": [0.125, 0.51776, 0.25],
							"pivot": [-0.8125, 1.90625, -3.6125],
							"rotation": [-45, 0, 0],
							"uv": {
								"north": {"uv": [132, 78], "uv_size": [1, 1]},
								"east": {"uv": [132, 79], "uv_size": [1, 1]},
								"west": {"uv": [132, 80], "uv_size": [1, 1]}
							}
						},
						{
							"origin": [-1.3125, 1.64737, -3.1125],
							"size": [0.125, 0.83026, 0.4375],
							"uv": {
								"north": {"uv": [132, 81], "uv_size": [1, 1]},
								"east": {"uv": [132, 82], "uv_size": [1, 1]},
								"south": {"uv": [132, 83], "uv_size": [1, 1]},
								"west": {"uv": [132, 84], "uv_size": [1, 1]}
							}
						},
						{
							"origin": [-1.3125, 1.28125, -3.87138],
							"size": [0.125, 0.125, 0.51776],
							"pivot": [-0.8125, 1.90625, -3.6125],
							"rotation": [-45, 0, 0],
							"uv": {
								"east": {"uv": [132, 85], "uv_size": [1, 1]},
								"west": {"uv": [132, 86], "uv_size": [1, 1]},
								"up": {"uv": [132, 87], "uv_size": [1, 1]}
							}
						},
						{
							"origin": [-1.3125, 2.40625, -3.87138],
							"size": [0.125, 0.99632, 0.55438],
							"pivot": [-0.8125, 1.90625, -3.6125],
							"rotation": [-45, 0, 0],
							"uv": {
								"east": {"uv": [132, 88], "uv_size": [1, 1]},
								"south": {"uv": [132, 89], "uv_size": [1, 1]},
								"west": {"uv": [132, 90], "uv_size": [1, 1]},
								"down": {"uv": [132, 92], "uv_size": [1, -1]}
							}
						},
						{
							"origin": [-1.3125, 2.40625, -3.87138],
							"size": [0.125, 0.1875, 0.51776],
							"uv": {
								"east": {"uv": [132, 92], "uv_size": [1, 1]},
								"west": {"uv": [132, 93], "uv_size": [1, 1]},
								"down": {"uv": [132, 95], "uv_size": [1, -1]}
							}
						},
						{
							"origin": [-1.3125, 0.96875, -2.3625],
							"size": [0.125, 0.75, 0.6875],
							"uv": {
								"east": {"uv": [132, 95], "uv_size": [1, 1]},
								"west": {"uv": [132, 96], "uv_size": [1, 1]},
								"up": {"uv": [132, 97], "uv_size": [1, 1]},
								"down": {"uv": [132, 99], "uv_size": [1, -1]}
							}
						},
						{
							"origin": [-1.3125, 1.15625, -3.05],
							"size": [0.125, 0.5625, 0.6875],
							"uv": {
								"east": {"uv": [132, 99], "uv_size": [1, 1]},
								"west": {"uv": [132, 100], "uv_size": [1, 1]},
								"up": {"uv": [132, 101], "uv_size": [1, 1]},
								"down": {"uv": [132, 103], "uv_size": [1, -1]}
							}
						},
						{
							"origin": [-1.3125, 1.07889, -2.7287],
							"size": [0.125, 0.1875, 0.5],
							"pivot": [-1.25, 1.36014, -2.57245],
							"rotation": [-22.5, 0, 0],
							"uv": {
								"east": {"uv": [132, 103], "uv_size": [1, 1]},
								"west": {"uv": [132, 104], "uv_size": [1, 1]},
								"down": {"uv": [132, 106], "uv_size": [1, -1]}
							}
						},
						{
							"origin": [-1.3125, 1.15625, -4.2375],
							"size": [0.125, 0.25, 1.1875],
							"uv": {
								"north": {"uv": [132, 106], "uv_size": [1, 1]},
								"east": {"uv": [132, 107], "uv_size": [1, 1]},
								"west": {"uv": [132, 108], "uv_size": [1, 1]},
								"up": {"uv": [132, 109], "uv_size": [1, 1]},
								"down": {"uv": [132, 111], "uv_size": [1, -1]}
							}
						},
						{
							"origin": [-1.3125, 1.19286, -3.83477],
							"size": [0.125, 0.125, 0.26777],
							"pivot": [-0.8125, 1.81786, -3.70089],
							"rotation": [-45, 0, 0],
							"uv": {
								"east": {"uv": [132, 111], "uv_size": [1, 1]},
								"west": {"uv": [132, 112], "uv_size": [1, 1]}
							}
						},
						{
							"origin": [-1.3125, 2.71875, -3.55],
							"size": [0.125, 0.8125, 1.875],
							"uv": {
								"north": {"uv": [132, 113], "uv_size": [1, 1]},
								"east": {"uv": [128, 106], "uv_size": [2, 1]},
								"south": {"uv": [132, 114], "uv_size": [1, 1]},
								"west": {"uv": [128, 107], "uv_size": [2, 1]},
								"down": {"uv": [128, 110], "uv_size": [1, -2]}
							}
						}
					]
				},
				{
					"name": "EOTech_G45",
					"parent": "scope_body",
					"pivot": [0.7625, 6.2, 2.2]
				},
				{
					"name": "tube",
					"parent": "EOTech_G45",
					"pivot": [1.525, 6.2, 1.525],
					"cubes": [
						{
							"origin": [-0.2375, 2.725, -0.6],
							"size": [0.475, 1.1, 0.1],
							"uv": {
								"north": {"uv": [134, 53], "uv_size": [1, 1]}
							}
						},
						{
							"origin": [-0.2375, 2.725, -0.6],
							"size": [0.475, 1.1, 0.1],
							"pivot": [0, 3.275, -0.55],
							"rotation": [0, 0, 45],
							"uv": {
								"north": {"uv": [134, 54], "uv_size": [1, 1]}
							}
						},
						{
							"origin": [-0.2375, 2.725, -0.6],
							"size": [0.475, 1.1, 0.1],
							"pivot": [0, 3.275, -0.55],
							"rotation": [0, 0, 90],
							"uv": {
								"north": {"uv": [134, 55], "uv_size": [1, 1]}
							}
						},
						{
							"origin": [-0.2375, 2.725, -0.6],
							"size": [0.475, 1.1, 0.1],
							"pivot": [0, 3.275, -0.55],
							"rotation": [0, 0, 135],
							"uv": {
								"north": {"uv": [134, 56], "uv_size": [1, 1]}
							}
						},
						{
							"origin": [-0.35, 1.7946, -0.85],
							"size": [0.7, 0.95, 2],
							"uv": {
								"north": {"uv": [134, 57], "uv_size": [1, 1]},
								"east": {"uv": [128, 124], "uv_size": [2, 1]},
								"south": {"uv": [134, 58], "uv_size": [1, 1]},
								"west": {"uv": [125, 128], "uv_size": [2, 1]},
								"up": {"uv": [128, 125], "uv_size": [1, 2]},
								"down": {"uv": [127, 130], "uv_size": [1, -2]}
							}
						},
						{
							"origin": [-0.29, 3.825, -0.85],
							"size": [0.58, 0.15, 1.375],
							"uv": {
								"north": {"uv": [134, 59], "uv_size": [1, 1]},
								"up": {"uv": [134, 60], "uv_size": [1, 1]},
								"down": {"uv": [134, 62], "uv_size": [1, -1]}
							}
						},
						{
							"origin": [-0.29, 3.825, -0.85],
							"size": [0.58, 0.15, 1.375],
							"pivot": [0, 3.275, -0.3],
							"rotation": [0, 0, -45],
							"uv": {
								"north": {"uv": [134, 62], "uv_size": [1, 1]},
								"up": {"uv": [134, 63], "uv_size": [1, 1]},
								"down": {"uv": [134, 65], "uv_size": [1, -1]}
							}
						},
						{
							"origin": [-0.29, 3.825, -0.85],
							"size": [0.58, 0.15, 1.375],
							"pivot": [0, 3.275, -0.3],
							"rotation": [0, 0, -90],
							"uv": {
								"north": {"uv": [134, 65], "uv_size": [1, 1]},
								"up": {"uv": [134, 66], "uv_size": [1, 1]},
								"down": {"uv": [134, 68], "uv_size": [1, -1]}
							}
						},
						{
							"origin": [-0.29, 3.825, -0.85],
							"size": [0.58, 0.15, 1.375],
							"pivot": [0, 3.275, -0.3],
							"rotation": [0, 0, -135],
							"uv": {
								"north": {"uv": [134, 68], "uv_size": [1, 1]},
								"up": {"uv": [134, 69], "uv_size": [1, 1]},
								"down": {"uv": [134, 71], "uv_size": [1, -1]}
							}
						},
						{
							"origin": [-0.29, 3.825, -0.85],
							"size": [0.58, 0.15, 1.375],
							"pivot": [0, 3.275, -0.3],
							"rotation": [0, 0, 45],
							"uv": {
								"north": {"uv": [134, 71], "uv_size": [1, 1]},
								"up": {"uv": [134, 72], "uv_size": [1, 1]},
								"down": {"uv": [134, 74], "uv_size": [1, -1]}
							}
						},
						{
							"origin": [-0.4246, 2.2375, 0.625],
							"size": [0.8492, 2.05, 1.275],
							"uv": {
								"south": {"uv": [128, 127], "uv_size": [1, 2]},
								"up": {"uv": [134, 74], "uv_size": [1, 1]},
								"down": {"uv": [134, 76], "uv_size": [1, -1]}
							}
						},
						{
							"origin": [-0.3572, 2.4, 0.4625],
							"size": [0.7144, 1.725, 0.1625],
							"uv": {
								"north": {"uv": [129, 14], "uv_size": [1, 2]}
							}
						},
						{
							"origin": [-0.3572, 2.4, 0.4625],
							"size": [0.7144, 1.725, 0.1625],
							"pivot": [0, 3.2625, 0.575],
							"rotation": [0, 0, -45],
							"uv": {
								"north": {"uv": [129, 16], "uv_size": [1, 2]}
							}
						},
						{
							"origin": [-0.3572, 2.4, 0.4625],
							"size": [0.7144, 1.725, 0.1625],
							"pivot": [0, 3.2625, 0.575],
							"rotation": [0, 0, -90],
							"uv": {
								"north": {"uv": [129, 18], "uv_size": [1, 2]}
							}
						},
						{
							"origin": [-0.3572, 2.4, 0.4625],
							"size": [0.7144, 1.725, 0.1625],
							"pivot": [0, 3.2625, 0.575],
							"rotation": [0, 0, -135],
							"uv": {
								"north": {"uv": [129, 20], "uv_size": [1, 2]}
							}
						},
						{
							"origin": [-0.25513, 2.43772, 0.54267],
							"size": [0.0625, 0.1, 0.24231],
							"pivot": [0, 3.2625, -1.425],
							"rotation": [46.13154, 11.23918, 11.46188],
							"uv": {
								"up": {"uv": [134, 76], "uv_size": [1, 1]}
							}
						},
						{
							"origin": [-0.3572, 2.43772, 0.51954],
							"size": [0.7144, 0.1, 0.22981],
							"pivot": [0, 3.2625, -1.425],
							"rotation": [45, 0, 0],
							"uv": {
								"up": {"uv": [134, 77], "uv_size": [1, 1]}
							}
						},
						{
							"origin": [0.19263, 2.43772, 0.54267],
							"size": [0.0625, 0.1, 0.24231],
							"pivot": [0, 3.2625, -1.425],
							"rotation": [46.13154, -11.23918, -11.46188],
							"uv": {
								"up": {"uv": [134, 78], "uv_size": [1, 1]}
							}
						},
						{
							"origin": [-0.25513, 2.43772, 0.54267],
							"size": [0.0625, 0.1, 0.24231],
							"pivot": [0, 3.2625, -1.425],
							"rotation": [46.13154, 11.23918, 56.46188],
							"uv": {
								"up": {"uv": [134, 79], "uv_size": [1, 1]}
							}
						},
						{
							"origin": [-0.3572, 2.43772, 0.51954],
							"size": [0.7144, 0.1, 0.22981],
							"pivot": [0, 3.2625, -1.425],
							"rotation": [45, 0, 45],
							"uv": {
								"up": {"uv": [134, 80], "uv_size": [1, 1]}
							}
						},
						{
							"origin": [0.19263, 2.43772, 0.54267],
							"size": [0.0625, 0.1, 0.24231],
							"pivot": [0, 3.2625, -1.425],
							"rotation": [46.13154, -11.23918, 33.53812],
							"uv": {
								"up": {"uv": [134, 81], "uv_size": [1, 1]}
							}
						},
						{
							"origin": [-0.25513, 2.43772, 0.54267],
							"size": [0.0625, 0.1, 0.24231],
							"pivot": [0, 3.2625, -1.425],
							"rotation": [46.13154, 11.23918, 101.46188],
							"uv": {
								"up": {"uv": [134, 82], "uv_size": [1, 1]}
							}
						},
						{
							"origin": [-0.3572, 2.43772, 0.51954],
							"size": [0.7144, 0.1, 0.22981],
							"pivot": [0, 3.2625, -1.425],
							"rotation": [45, 0, 90],
							"uv": {
								"up": {"uv": [134, 83], "uv_size": [1, 1]}
							}
						},
						{
							"origin": [0.19263, 2.43772, 0.54267],
							"size": [0.0625, 0.1, 0.24231],
							"pivot": [0, 3.2625, -1.425],
							"rotation": [46.13154, -11.23918, 78.53812],
							"uv": {
								"up": {"uv": [134, 84], "uv_size": [1, 1]}
							}
						},
						{
							"origin": [-0.25513, 2.43772, 0.54267],
							"size": [0.0625, 0.1, 0.24231],
							"pivot": [0, 3.2625, -1.425],
							"rotation": [46.13154, 11.23918, 146.46188],
							"uv": {
								"up": {"uv": [134, 85], "uv_size": [1, 1]}
							}
						},
						{
							"origin": [-0.3572, 2.43772, 0.51954],
							"size": [0.7144, 0.1, 0.22981],
							"pivot": [0, 3.2625, -1.425],
							"rotation": [45, 0, 135],
							"uv": {
								"up": {"uv": [134, 86], "uv_size": [1, 1]}
							}
						},
						{
							"origin": [0.19263, 2.43772, 0.54267],
							"size": [0.0625, 0.1, 0.24231],
							"pivot": [0, 3.2625, -1.425],
							"rotation": [46.13154, -11.23918, 123.53812],
							"uv": {
								"up": {"uv": [134, 87], "uv_size": [1, 1]}
							}
						},
						{
							"origin": [-0.26763, 2.43772, 0.54267],
							"size": [0.075, 0.1, 0.24231],
							"pivot": [0, 3.2625, -1.425],
							"rotation": [46.13154, 11.23918, -168.53812],
							"uv": {
								"up": {"uv": [134, 88], "uv_size": [1, 1]}
							}
						},
						{
							"origin": [0.19263, 2.43772, 0.54267],
							"size": [0.075, 0.1, 0.24231],
							"pivot": [0, 3.2625, -1.425],
							"rotation": [46.13154, -11.23918, 168.53812],
							"uv": {
								"up": {"uv": [134, 89], "uv_size": [1, 1]}
							}
						},
						{
							"origin": [-0.25513, 2.43772, 0.54267],
							"size": [0.0625, 0.1, 0.24231],
							"pivot": [0, 3.2625, -1.425],
							"rotation": [46.13154, 11.23918, -123.53812],
							"uv": {
								"up": {"uv": [134, 90], "uv_size": [1, 1]}
							}
						},
						{
							"origin": [-0.3572, 2.43772, 0.51954],
							"size": [0.7144, 0.1, 0.22981],
							"pivot": [0, 3.2625, -1.425],
							"rotation": [45, 0, -135],
							"uv": {
								"up": {"uv": [134, 91], "uv_size": [1, 1]}
							}
						},
						{
							"origin": [0.19263, 2.43772, 0.54267],
							"size": [0.0625, 0.1, 0.24231],
							"pivot": [0, 3.2625, -1.425],
							"rotation": [46.13154, -11.23918, -146.46188],
							"uv": {
								"up": {"uv": [134, 92], "uv_size": [1, 1]}
							}
						},
						{
							"origin": [-0.25513, 2.43772, 0.54267],
							"size": [0.0625, 0.1, 0.24231],
							"pivot": [0, 3.2625, -1.425],
							"rotation": [46.13154, 11.23918, -78.53812],
							"uv": {
								"up": {"uv": [134, 93], "uv_size": [1, 1]}
							}
						},
						{
							"origin": [-0.3572, 2.43772, 0.51954],
							"size": [0.7144, 0.1, 0.22981],
							"pivot": [0, 3.2625, -1.425],
							"rotation": [45, 0, -90],
							"uv": {
								"up": {"uv": [134, 94], "uv_size": [1, 1]}
							}
						},
						{
							"origin": [0.19263, 2.43772, 0.54267],
							"size": [0.0625, 0.1, 0.24231],
							"pivot": [0, 3.2625, -1.425],
							"rotation": [46.13154, -11.23918, -101.46188],
							"uv": {
								"up": {"uv": [134, 95], "uv_size": [1, 1]}
							}
						},
						{
							"origin": [-0.25513, 2.43772, 0.54267],
							"size": [0.0625, 0.1, 0.24231],
							"pivot": [0, 3.2625, -1.425],
							"rotation": [46.13154, 11.23918, -33.53812],
							"uv": {
								"up": {"uv": [134, 96], "uv_size": [1, 1]}
							}
						},
						{
							"origin": [-0.3572, 2.43772, 0.51954],
							"size": [0.7144, 0.1, 0.22981],
							"pivot": [0, 3.2625, -1.425],
							"rotation": [45, 0, -45],
							"uv": {
								"up": {"uv": [134, 97], "uv_size": [1, 1]}
							}
						},
						{
							"origin": [0.19263, 2.43772, 0.54267],
							"size": [0.0625, 0.1, 0.24231],
							"pivot": [0, 3.2625, -1.425],
							"rotation": [46.13154, -11.23918, -56.46188],
							"uv": {
								"up": {"uv": [134, 98], "uv_size": [1, 1]}
							}
						},
						{
							"origin": [-0.4246, 2.2375, 0.625],
							"size": [0.8492, 2.05, 1.275],
							"pivot": [0, 3.2625, 1.2125],
							"rotation": [0, 0, 45],
							"uv": {
								"north": {"uv": [129, 23], "uv_size": [1, 2]},
								"south": {"uv": [129, 27], "uv_size": [1, 2]},
								"up": {"uv": [134, 99], "uv_size": [1, 1]},
								"down": {"uv": [134, 101], "uv_size": [1, -1]}
							}
						},
						{
							"origin": [-0.4246, 2.2375, 0.625],
							"size": [0.8492, 2.05, 1.275],
							"pivot": [0, 3.2625, 1.2125],
							"rotation": [0, 0, 90],
							"uv": {
								"north": {"uv": [129, 29], "uv_size": [1, 2]},
								"south": {"uv": [129, 31], "uv_size": [1, 2]},
								"up": {"uv": [134, 101], "uv_size": [1, 1]},
								"down": {"uv": [134, 103], "uv_size": [1, -1]}
							}
						},
						{
							"origin": [0.925, 2.6629, 0.625],
							"size": [0.1, 0.175, 1.275],
							"uv": {
								"north": {"uv": [134, 103], "uv_size": [1, 1]},
								"east": {"uv": [134, 104], "uv_size": [1, 1]},
								"south": {"uv": [134, 105], "uv_size": [1, 1]},
								"west": {"uv": [134, 106], "uv_size": [1, 1]},
								"up": {"uv": [134, 107], "uv_size": [1, 1]},
								"down": {"uv": [134, 109], "uv_size": [1, -1]}
							}
						},
						{
							"origin": [0.4246, 2.2375, 0.625],
							"size": [0.175, 0.1, 1.275],
							"uv": {
								"north": {"uv": [134, 109], "uv_size": [1, 1]},
								"east": {"uv": [134, 110], "uv_size": [1, 1]},
								"south": {"uv": [134, 111], "uv_size": [1, 1]},
								"west": {"uv": [134, 112], "uv_size": [1, 1]},
								"up": {"uv": [134, 113], "uv_size": [1, 1]},
								"down": {"uv": [134, 115], "uv_size": [1, -1]}
							}
						},
						{
							"origin": [-0.4246, 2.2375, 0.625],
							"size": [0.8492, 2.05, 1.275],
							"pivot": [0, 3.2625, 1.2125],
							"rotation": [0, 0, 135],
							"uv": {
								"north": {"uv": [129, 34], "uv_size": [1, 2]},
								"south": {"uv": [129, 37], "uv_size": [1, 2]},
								"up": {"uv": [134, 115], "uv_size": [1, 1]},
								"down": {"uv": [134, 117], "uv_size": [1, -1]}
							}
						},
						{
							"origin": [-0.4423, 3.94603, 0.625],
							"size": [0.60161, 0.12374, 1.275],
							"pivot": [-0.00002, 3.06245, 1.2125],
							"rotation": [0, 0, 135],
							"uv": {
								"north": {"uv": [134, 117], "uv_size": [1, 1]},
								"south": {"uv": [134, 118], "uv_size": [1, 1]},
								"up": {"uv": [119, 134], "uv_size": [1, 1]},
								"down": {"uv": [134, 120], "uv_size": [1, -1]}
							}
						},
						{
							"origin": [0.64709, 2.36428, 0.925],
							"size": [0.4, 0.1, 0.4],
							"pivot": [0.84709, 2.41428, 1.125],
							"rotation": [0, -45, 135],
							"uv": {
								"north": {"uv": [120, 134], "uv_size": [1, 1]},
								"east": {"uv": [134, 120], "uv_size": [1, 1]},
								"south": {"uv": [121, 134], "uv_size": [1, 1]},
								"west": {"uv": [134, 121], "uv_size": [1, 1]},
								"up": {"uv": [122, 134], "uv_size": [1, 1]}
							}
						},
						{
							"origin": [0.72209, 2.36428, 1.275],
							"size": [0.25, 0.05, 0.35],
							"pivot": [0.84709, 2.41428, 1.125],
							"rotation": [0, 0, 135],
							"uv": {
								"north": {"uv": [134, 122], "uv_size": [1, 1]},
								"east": {"uv": [123, 134], "uv_size": [1, 1]},
								"south": {"uv": [134, 123], "uv_size": [1, 1]},
								"west": {"uv": [124, 134], "uv_size": [1, 1]},
								"up": {"uv": [134, 124], "uv_size": [1, 1]}
							}
						},
						{
							"origin": [-0.4039, 2.2875, 1.9],
							"size": [0.8078, 1.95, 1.6],
							"uv": {
								"south": {"uv": [129, 41], "uv_size": [1, 2]},
								"up": {"uv": [129, 43], "uv_size": [1, 2]},
								"down": {"uv": [129, 48], "uv_size": [1, -2]}
							}
						},
						{
							"origin": [-0.4039, 2.2875, 1.9],
							"size": [0.8078, 1.95, 1.6],
							"pivot": [0, 3.2625, 2.7],
							"rotation": [0, 0, 45],
							"uv": {
								"south": {"uv": [129, 53], "uv_size": [1, 2]},
								"up": {"uv": [129, 59], "uv_size": [1, 2]},
								"down": {"uv": [129, 63], "uv_size": [1, -2]}
							}
						},
						{
							"origin": [-0.4039, 2.2875, 1.9],
							"size": [0.8078, 1.95, 1.6],
							"pivot": [0, 3.2625, 2.7],
							"rotation": [0, 0, 90],
							"uv": {
								"south": {"uv": [129, 66], "uv_size": [1, 2]},
								"up": {"uv": [129, 68], "uv_size": [1, 2]},
								"down": {"uv": [129, 75], "uv_size": [1, -2]}
							}
						},
						{
							"origin": [-0.4039, 2.2875, 1.9],
							"size": [0.8078, 1.95, 1.6],
							"pivot": [0, 3.2625, 2.7],
							"rotation": [0, 0, 135],
							"uv": {
								"south": {"uv": [129, 79], "uv_size": [1, 2]},
								"up": {"uv": [129, 81], "uv_size": [1, 2]},
								"down": {"uv": [129, 85], "uv_size": [1, -2]}
							}
						},
						{
							"origin": [-0.29, 3.825, -0.85],
							"size": [0.58, 0.15, 1.375],
							"pivot": [0, 3.275, -0.3],
							"rotation": [0, 0, 90],
							"uv": {
								"north": {"uv": [125, 134], "uv_size": [1, 1]},
								"up": {"uv": [134, 125], "uv_size": [1, 1]},
								"down": {"uv": [126, 135], "uv_size": [1, -1]}
							}
						},
						{
							"origin": [-0.29, 3.825, -0.85],
							"size": [0.58, 0.15, 1.375],
							"pivot": [0, 3.275, -0.3],
							"rotation": [0, 0, 135],
							"uv": {
								"north": {"uv": [134, 126], "uv_size": [1, 1]},
								"up": {"uv": [127, 134], "uv_size": [1, 1]},
								"down": {"uv": [134, 128], "uv_size": [1, -1]}
							}
						},
						{
							"origin": [-0.3039, 2.2, 2.1],
							"size": [0.6078, 2.1125, 1.2],
							"uv": {
								"north": {"uv": [129, 87], "uv_size": [1, 2]},
								"east": {"uv": [129, 90], "uv_size": [1, 2]},
								"south": {"uv": [129, 94], "uv_size": [1, 2]},
								"west": {"uv": [129, 96], "uv_size": [1, 2]},
								"up": {"uv": [128, 134], "uv_size": [1, 1]},
								"down": {"uv": [134, 129], "uv_size": [1, -1]}
							}
						},
						{
							"origin": [-0.3039, 2.2, 2.1],
							"size": [0.6078, 2.1125, 1.2],
							"pivot": [0, 3.2625, 2.7],
							"rotation": [0, 0, 90],
							"uv": {
								"north": {"uv": [129, 102], "uv_size": [1, 2]},
								"east": {"uv": [129, 104], "uv_size": [1, 2]},
								"south": {"uv": [129, 108], "uv_size": [1, 2]},
								"west": {"uv": [129, 110], "uv_size": [1, 2]},
								"up": {"uv": [129, 134], "uv_size": [1, 1]},
								"down": {"uv": [134, 130], "uv_size": [1, -1]}
							}
						},
						{
							"origin": [0.2039, 2.2, 2.1],
							"size": [0.1, 2.1125, 1.2],
							"pivot": [0, 3.2625, 2.7],
							"rotation": [0, 0, 45],
							"uv": {
								"north": {"uv": [129, 112], "uv_size": [1, 2]},
								"east": {"uv": [119, 129], "uv_size": [1, 2]},
								"south": {"uv": [129, 119], "uv_size": [1, 2]},
								"west": {"uv": [120, 129], "uv_size": [1, 2]},
								"up": {"uv": [130, 134], "uv_size": [1, 1]},
								"down": {"uv": [134, 131], "uv_size": [1, -1]}
							}
						},
						{
							"origin": [-0.3039, 2.2, 2.1],
							"size": [0.1, 2.1125, 1.2],
							"pivot": [0, 3.2625, 2.7],
							"rotation": [0, 0, 45],
							"uv": {
								"north": {"uv": [122, 129], "uv_size": [1, 2]},
								"east": {"uv": [129, 122], "uv_size": [1, 2]},
								"south": {"uv": [123, 129], "uv_size": [1, 2]},
								"west": {"uv": [125, 129], "uv_size": [1, 2]},
								"up": {"uv": [131, 134], "uv_size": [1, 1]},
								"down": {"uv": [134, 132], "uv_size": [1, -1]}
							}
						},
						{
							"origin": [-0.2039, 2.2, 2.1],
							"size": [0.4078, 2.1125, 0.1],
							"pivot": [0, 3.2625, 2.7],
							"rotation": [0, 0, 45],
							"uv": {
								"north": {"uv": [129, 125], "uv_size": [1, 2]},
								"south": {"uv": [126, 129], "uv_size": [1, 2]},
								"up": {"uv": [132, 134], "uv_size": [1, 1]},
								"down": {"uv": [134, 133], "uv_size": [1, -1]}
							}
						},
						{
							"origin": [-0.2039, 2.2, 3.2],
							"size": [0.4078, 2.1125, 0.1],
							"pivot": [0, 3.2625, 3.8],
							"rotation": [0, 0, 45],
							"uv": {
								"north": {"uv": [129, 127], "uv_size": [1, 2]},
								"south": {"uv": [128, 129], "uv_size": [1, 2]},
								"up": {"uv": [133, 134], "uv_size": [1, 1]},
								"down": {"uv": [134, 134], "uv_size": [1, -1]}
							}
						},
						{
							"origin": [0.2039, 2.2, 2.1],
							"size": [0.1, 2.1125, 1.2],
							"pivot": [0, 3.2625, 2.7],
							"rotation": [0, 0, -45],
							"uv": {
								"north": {"uv": [129, 129], "uv_size": [1, 2]},
								"east": {"uv": [130, 0], "uv_size": [1, 2]},
								"south": {"uv": [130, 2], "uv_size": [1, 2]},
								"west": {"uv": [130, 4], "uv_size": [1, 2]},
								"up": {"uv": [134, 134], "uv_size": [1, 1]},
								"down": {"uv": [135, 1], "uv_size": [1, -1]}
							}
						},
						{
							"origin": [-0.2039, 2.2, 2.1],
							"size": [0.4078, 2.1125, 0.1],
							"pivot": [0, 3.2625, 2.7],
							"rotation": [0, 0, -45],
							"uv": {
								"north": {"uv": [130, 6], "uv_size": [1, 2]},
								"south": {"uv": [130, 8], "uv_size": [1, 2]},
								"up": {"uv": [135, 1], "uv_size": [1, 1]},
								"down": {"uv": [135, 3], "uv_size": [1, -1]}
							}
						},
						{
							"origin": [-0.3039, 2.2, 2.1],
							"size": [0.1, 2.1125, 1.2],
							"pivot": [0, 3.2625, 2.7],
							"rotation": [0, 0, -45],
							"uv": {
								"north": {"uv": [130, 10], "uv_size": [1, 2]},
								"east": {"uv": [130, 14], "uv_size": [1, 2]},
								"south": {"uv": [130, 16], "uv_size": [1, 2]},
								"west": {"uv": [130, 18], "uv_size": [1, 2]},
								"up": {"uv": [135, 3], "uv_size": [1, 1]},
								"down": {"uv": [135, 5], "uv_size": [1, -1]}
							}
						},
						{
							"origin": [-0.2039, 2.2, 3.2],
							"size": [0.4078, 2.1125, 0.1],
							"pivot": [0, 3.2625, 3.8],
							"rotation": [0, 0, -45],
							"uv": {
								"north": {"uv": [130, 20], "uv_size": [1, 2]},
								"south": {"uv": [130, 23], "uv_size": [1, 2]},
								"up": {"uv": [135, 5], "uv_size": [1, 1]},
								"down": {"uv": [135, 7], "uv_size": [1, -1]}
							}
						}
					]
				},
				{
					"name": "vertical",
					"parent": "EOTech_G45",
					"pivot": [0, 4.425, 1.1],
					"rotation": [0, -22.5, 0],
					"cubes": [
						{
							"origin": [-0.1761, 4.225, 0.675],
							"size": [0.35221, 0.45, 0.85],
							"uv": {
								"north": {"uv": [135, 7], "uv_size": [1, 1]},
								"south": {"uv": [135, 8], "uv_size": [1, 1]},
								"up": {"uv": [135, 9], "uv_size": [1, 1]}
							}
						},
						{
							"origin": [-0.1761, 4.225, 0.67499],
							"size": [0.3522, 0.45, 0.85001],
							"pivot": [0, 4.45, 1.1],
							"rotation": [0, -45, 0],
							"uv": {
								"north": {"uv": [135, 10], "uv_size": [1, 1]},
								"south": {"uv": [135, 11], "uv_size": [1, 1]},
								"up": {"uv": [135, 12], "uv_size": [1, 1]}
							}
						},
						{
							"origin": [-0.1761, 4.225, 0.675],
							"size": [0.3522, 0.45, 0.85001],
							"pivot": [0, 4.45, 1.1],
							"rotation": [0, -90, 0],
							"uv": {
								"north": {"uv": [135, 13], "uv_size": [1, 1]},
								"south": {"uv": [135, 14], "uv_size": [1, 1]},
								"up": {"uv": [135, 15], "uv_size": [1, 1]}
							}
						},
						{
							"origin": [-0.1761, 4.225, 0.675],
							"size": [0.35219, 0.45, 0.85],
							"pivot": [0, 4.45, 1.1],
							"rotation": [0, -135, 0],
							"uv": {
								"north": {"uv": [135, 16], "uv_size": [1, 1]},
								"south": {"uv": [135, 17], "uv_size": [1, 1]},
								"up": {"uv": [135, 18], "uv_size": [1, 1]}
							}
						}
					]
				},
				{
					"name": "horizon",
					"parent": "EOTech_G45",
					"pivot": [0.8125, 6.2, 2.2],
					"rotation": [-7.5, 0, 0],
					"cubes": [
						{
							"origin": [-1.325, 2.97434, 1.06343],
							"size": [0.30001, 0.34516, 0.85093],
							"uv": {
								"north": {"uv": [135, 19], "uv_size": [1, 1]},
								"east": {"uv": [135, 20], "uv_size": [1, 1]},
								"south": {"uv": [135, 21], "uv_size": [1, 1]}
							}
						},
						{
							"origin": [-1.325, 2.97298, 1.06108],
							"size": [0.30001, 0.34788, 0.85563],
							"pivot": [-1.17499, 3.14692, 1.4889],
							"rotation": [-45, 0, 0],
							"uv": {
								"north": {"uv": [135, 22], "uv_size": [1, 1]},
								"east": {"uv": [135, 23], "uv_size": [1, 1]},
								"south": {"uv": [135, 24], "uv_size": [1, 1]}
							}
						},
						{
							"origin": [-1.325, 2.97036, 1.06038],
							"size": [0.30001, 0.35313, 0.85704],
							"pivot": [-1.17499, 3.14692, 1.4889],
							"rotation": [-90, 0, 0],
							"uv": {
								"north": {"uv": [135, 25], "uv_size": [1, 1]},
								"east": {"uv": [135, 26], "uv_size": [1, 1]},
								"south": {"uv": [135, 27], "uv_size": [1, 1]}
							}
						},
						{
							"origin": [-1.325, 2.96801, 1.06174],
							"size": [0.30001, 0.35783, 0.85432],
							"pivot": [-1.17499, 3.14692, 1.4889],
							"rotation": [-135, 0, 0],
							"uv": {
								"north": {"uv": [135, 28], "uv_size": [1, 1]},
								"east": {"uv": [135, 29], "uv_size": [1, 1]},
								"south": {"uv": [135, 30], "uv_size": [1, 1]}
							}
						}
					]
				},
				{
					"name": "Leatherwood",
					"parent": "scope_body",
					"pivot": [0, -12.4375, -5],
					"cubes": [
						{
							"origin": [-0.275, 0, -3.25],
							"size": [0.55, 0.75, 6.25],
							"uv": {
								"east": {"uv": [60, 57], "uv_size": [7.5, 0.5]},
								"south": {"uv": [60, 57], "uv_size": [7.5, 0.5]},
								"west": {"uv": [60, 57], "uv_size": [7.5, 0.5]},
								"down": {"uv": [67.5, 57.5], "uv_size": [-7.5, -0.5]}
							}
						},
						{
							"origin": [-0.275, -0.5375, -0.35],
							"size": [0.55, 0.25, 1.2],
							"uv": {
								"north": {"uv": [60, 57], "uv_size": [7.5, 0.5]},
								"south": {"uv": [60, 57], "uv_size": [7.5, 0.5]},
								"up": {"uv": [67.5, 57.5], "uv_size": [-7.5, -0.5]},
								"down": {"uv": [67.5, 57.5], "uv_size": [-7.5, -0.5]}
							}
						},
						{
							"origin": [-0.05303, -0.5375, -0.44194],
							"size": [0.45962, 0.25, 1.23744],
							"pivot": [0, 0, 0],
							"rotation": [0, -45, 0],
							"uv": {
								"north": {"uv": [60, 57], "uv_size": [7.5, 0.5]},
								"south": {"uv": [60, 57], "uv_size": [7.5, 0.5]},
								"up": {"uv": [67.5, 57.5], "uv_size": [-7.5, -0.5]},
								"down": {"uv": [67.5, 57.5], "uv_size": [-7.5, -0.5]}
							}
						},
						{
							"origin": [-0.40659, -0.5375, -0.44194],
							"size": [0.45962, 0.25, 1.23744],
							"pivot": [0, 0, 0],
							"rotation": [0, 45, 0],
							"uv": {
								"north": {"uv": [67.5, 57], "uv_size": [-7.5, 0.5]},
								"south": {"uv": [67.5, 57], "uv_size": [-7.5, 0.5]},
								"up": {"uv": [60, 57.5], "uv_size": [7.5, -0.5]},
								"down": {"uv": [60, 57.5], "uv_size": [7.5, -0.5]}
							}
						},
						{
							"origin": [-0.6, -0.5375, -0.025],
							"size": [1.2, 0.25, 0.55],
							"uv": {
								"east": {"uv": [60, 57], "uv_size": [7.5, 0.5]},
								"west": {"uv": [60, 57], "uv_size": [7.5, 0.5]},
								"up": {"uv": [67.5, 57.5], "uv_size": [-7.5, -0.5]},
								"down": {"uv": [67.5, 57.5], "uv_size": [-7.5, -0.5]}
							}
						},
						{
							"origin": [0.05178, -0.5875, 0.05178],
							"size": [0.25, 0.6, 0.25],
							"pivot": [0, 0, 0],
							"rotation": [0, -45, 0],
							"uv": {
								"north": {"uv": [60, 57], "uv_size": [7.5, 0.5]},
								"east": {"uv": [60, 57], "uv_size": [7.5, 0.5]},
								"south": {"uv": [60, 57], "uv_size": [7.5, 0.5]},
								"west": {"uv": [60, 57], "uv_size": [7.5, 0.5]},
								"down": {"uv": [67.5, 57.5], "uv_size": [-7.5, -0.5]}
							}
						},
						{
							"origin": [-0.275, 0.25, -6.75],
							"size": [0.55, 0.5, 3.50002],
							"uv": {
								"east": {"uv": [60, 57], "uv_size": [7.5, 0.5]},
								"west": {"uv": [60, 57], "uv_size": [7.5, 0.5]},
								"down": {"uv": [67.5, 57.5], "uv_size": [-7.5, -0.5]}
							}
						},
						{
							"origin": [-0.275, -0.92342, -3.65],
							"size": [0.55, 1.17342, 0.40002],
							"uv": {
								"north": {"uv": [60, 57], "uv_size": [7.5, 0.5]},
								"east": {"uv": [60, 57], "uv_size": [7.5, 0.5]},
								"south": {"uv": [60, 57], "uv_size": [7.5, 0.5]},
								"west": {"uv": [60, 57], "uv_size": [7.5, 0.5]}
							}
						},
						{
							"origin": [-0.275, -2.58093, -2.2981],
							"size": [0.55, 0.56567, 0.28285],
							"pivot": [0, 0, 0],
							"rotation": [-45, 0, 0],
							"uv": {
								"east": {"uv": [60, 57], "uv_size": [7.5, 0.5]},
								"south": {"uv": [60, 57], "uv_size": [7.5, 0.5]},
								"west": {"uv": [60, 57], "uv_size": [7.5, 0.5]}
							}
						},
						{
							"origin": [-0.275, -0.9, -7],
							"size": [0.55, 1.65, 0.25],
							"uv": {
								"north": {"uv": [60, 57], "uv_size": [7.5, 0.5]},
								"east": {"uv": [60, 57], "uv_size": [7.5, 0.5]},
								"south": {"uv": [60, 57], "uv_size": [7.5, 0.5]},
								"west": {"uv": [60, 57], "uv_size": [7.5, 0.5]}
							}
						},
						{
							"origin": [-0.275, -1.15, -7],
							"size": [0.55, 0.25, 2.5],
							"uv": {
								"north": {"uv": [60, 57], "uv_size": [7.5, 0.5]},
								"east": {"uv": [60, 57], "uv_size": [7.5, 0.5]},
								"west": {"uv": [60, 57], "uv_size": [7.5, 0.5]},
								"up": {"uv": [67.5, 57.5], "uv_size": [-7.5, -0.5]},
								"down": {"uv": [67.5, 57.5], "uv_size": [-7.5, -0.5]}
							}
						},
						{
							"origin": [-0.275, 0.39058, -4.75187],
							"size": [0.55, 0.5, 0.25],
							"pivot": [0, 0, 0],
							"rotation": [22.5, 0, 0],
							"uv": {
								"north": {"uv": [60, 57], "uv_size": [7.5, 0.5]},
								"east": {"uv": [60, 57], "uv_size": [7.5, 0.5]},
								"south": {"uv": [60, 57], "uv_size": [7.5, 0.5]},
								"west": {"uv": [60, 57], "uv_size": [7.5, 0.5]},
								"down": {"uv": [67.5, 57.5], "uv_size": [-7.5, -0.5]}
							}
						},
						{
							"origin": [-0.275, 0.39058, -4.50187],
							"size": [0.55, 0.25, 1.1459],
							"pivot": [0, 0, 0],
							"rotation": [22.5, 0, 0],
							"uv": {
								"east": {"uv": [60, 57], "uv_size": [7.5, 0.5]},
								"west": {"uv": [60, 57], "uv_size": [7.5, 0.5]},
								"up": {"uv": [67.5, 57.5], "uv_size": [-7.5, -0.5]},
								"down": {"uv": [67.5, 57.5], "uv_size": [-7.5, -0.5]}
							}
						},
						{
							"origin": [-0.375, 0.75, -6.99999],
							"size": [0.75, 0.125, 1],
							"uv": {
								"north": {"uv": [99, 89], "uv_size": [-1, -1]},
								"south": {"uv": [99, 89], "uv_size": [-1, -1]},
								"up": {"uv": [98, 88], "uv_size": [1, 1]}
							}
						},
						{
							"origin": [0.70688, 0.17655, -7],
							"size": [0.177, 0.177, 1],
							"pivot": [0, 0, 0],
							"rotation": [0, 0, -45],
							"uv": {
								"north": {"uv": [113, 57], "uv_size": [-1, 0.5]},
								"south": {"uv": [113, 57], "uv_size": [-1, 0.5]},
								"west": {"uv": [113, 57], "uv_size": [-1, 0.5]}
							}
						},
						{
							"origin": [-0.88388, 0.17655, -7],
							"size": [0.177, 0.177, 1],
							"pivot": [0, 0, 0],
							"rotation": [0, 0, 45],
							"uv": {
								"north": {"uv": [112, 57], "uv_size": [1, 0.5]},
								"east": {"uv": [112, 57], "uv_size": [1, 0.5]},
								"south": {"uv": [112, 57], "uv_size": [1, 0.5]}
							}
						},
						{
							"origin": [-0.375, 0.75, -5.74999],
							"size": [0.75, 0.125, 0.5],
							"uv": {
								"north": {"uv": [99, 89], "uv_size": [-1, -1]},
								"south": {"uv": [99, 89], "uv_size": [-1, -1]},
								"up": {"uv": [98, 88], "uv_size": [1, 1]}
							}
						},
						{
							"origin": [0.70688, 0.17655, -5.75],
							"size": [0.177, 0.177, 0.5],
							"pivot": [0, 0, 0],
							"rotation": [0, 0, -45],
							"uv": {
								"north": {"uv": [113, 57], "uv_size": [-1, 0.5]},
								"south": {"uv": [113, 57], "uv_size": [-1, 0.5]},
								"west": {"uv": [113, 57], "uv_size": [-1, 0.5]}
							}
						},
						{
							"origin": [-0.88388, 0.17655, -5.75],
							"size": [0.177, 0.177, 0.5],
							"pivot": [0, 0, 0],
							"rotation": [0, 0, 45],
							"uv": {
								"north": {"uv": [112, 57], "uv_size": [1, 0.5]},
								"east": {"uv": [112, 57], "uv_size": [1, 0.5]},
								"south": {"uv": [112, 57], "uv_size": [1, 0.5]}
							}
						},
						{
							"origin": [-0.375, 0.75, -4.99999],
							"size": [0.75, 0.125, 0.5],
							"uv": {
								"north": {"uv": [99, 89], "uv_size": [-1, -1]},
								"south": {"uv": [99, 89], "uv_size": [-1, -1]},
								"up": {"uv": [98, 88], "uv_size": [1, 1]}
							}
						},
						{
							"origin": [0.70688, 0.17655, -5],
							"size": [0.177, 0.177, 0.5],
							"pivot": [0, 0, 0],
							"rotation": [0, 0, -45],
							"uv": {
								"north": {"uv": [113, 57], "uv_size": [-1, 0.5]},
								"south": {"uv": [113, 57], "uv_size": [-1, 0.5]},
								"west": {"uv": [113, 57], "uv_size": [-1, 0.5]}
							}
						},
						{
							"origin": [-0.88388, 0.17655, -5],
							"size": [0.177, 0.177, 0.5],
							"pivot": [0, 0, 0],
							"rotation": [0, 0, 45],
							"uv": {
								"north": {"uv": [112, 57], "uv_size": [1, 0.5]},
								"east": {"uv": [112, 57], "uv_size": [1, 0.5]},
								"south": {"uv": [112, 57], "uv_size": [1, 0.5]}
							}
						},
						{
							"origin": [-0.375, 0.75, -4.24999],
							"size": [0.75, 0.125, 0.5],
							"uv": {
								"north": {"uv": [99, 89], "uv_size": [-1, -1]},
								"south": {"uv": [99, 89], "uv_size": [-1, -1]},
								"up": {"uv": [98, 88], "uv_size": [1, 1]}
							}
						},
						{
							"origin": [0.70688, 0.17655, -4.25],
							"size": [0.177, 0.177, 0.5],
							"pivot": [0, 0, 0],
							"rotation": [0, 0, -45],
							"uv": {
								"north": {"uv": [113, 57], "uv_size": [-1, 0.5]},
								"south": {"uv": [113, 57], "uv_size": [-1, 0.5]},
								"west": {"uv": [113, 57], "uv_size": [-1, 0.5]}
							}
						},
						{
							"origin": [-0.88388, 0.17655, -4.25],
							"size": [0.177, 0.177, 0.5],
							"pivot": [0, 0, 0],
							"rotation": [0, 0, 45],
							"uv": {
								"north": {"uv": [112, 57], "uv_size": [1, 0.5]},
								"east": {"uv": [112, 57], "uv_size": [1, 0.5]},
								"south": {"uv": [112, 57], "uv_size": [1, 0.5]}
							}
						},
						{
							"origin": [-0.375, 0.75, -3.49999],
							"size": [0.75, 0.125, 2.5],
							"uv": {
								"north": {"uv": [99, 89], "uv_size": [-1, -1]},
								"south": {"uv": [99, 89], "uv_size": [-1, -1]},
								"up": {"uv": [98, 88], "uv_size": [1, 1]}
							}
						},
						{
							"origin": [0.70688, 0.17655, -3.5],
							"size": [0.177, 0.177, 2.5],
							"pivot": [0, 0, 0],
							"rotation": [0, 0, -45],
							"uv": {
								"north": {"uv": [113, 57], "uv_size": [-1, 0.5]},
								"south": {"uv": [113, 57], "uv_size": [-1, 0.5]},
								"west": {"uv": [113, 57], "uv_size": [-1, 0.5]}
							}
						},
						{
							"origin": [-0.88388, 0.17655, -3.5],
							"size": [0.177, 0.177, 2.5],
							"pivot": [0, 0, 0],
							"rotation": [0, 0, 45],
							"uv": {
								"north": {"uv": [112, 57], "uv_size": [1, 0.5]},
								"east": {"uv": [112, 57], "uv_size": [1, 0.5]},
								"south": {"uv": [112, 57], "uv_size": [1, 0.5]}
							}
						},
						{
							"origin": [-0.375, 0.75, -0.74999],
							"size": [0.75, 0.125, 0.5],
							"uv": {
								"north": {"uv": [99, 89], "uv_size": [-1, -1]},
								"south": {"uv": [99, 89], "uv_size": [-1, -1]},
								"up": {"uv": [98, 88], "uv_size": [1, 1]}
							}
						},
						{
							"origin": [0.70688, 0.17655, -0.75],
							"size": [0.177, 0.177, 0.5],
							"pivot": [0, 0, 0],
							"rotation": [0, 0, -45],
							"uv": {
								"north": {"uv": [113, 57], "uv_size": [-1, 0.5]},
								"south": {"uv": [113, 57], "uv_size": [-1, 0.5]},
								"west": {"uv": [113, 57], "uv_size": [-1, 0.5]}
							}
						},
						{
							"origin": [-0.88388, 0.17655, -0.75],
							"size": [0.177, 0.177, 0.5],
							"pivot": [0, 0, 0],
							"rotation": [0, 0, 45],
							"uv": {
								"north": {"uv": [112, 57], "uv_size": [1, 0.5]},
								"east": {"uv": [112, 57], "uv_size": [1, 0.5]},
								"south": {"uv": [112, 57], "uv_size": [1, 0.5]}
							}
						},
						{
							"origin": [-0.375, 0.75, 0.00001],
							"size": [0.75, 0.125, 0.5],
							"uv": {
								"north": {"uv": [99, 89], "uv_size": [-1, -1]},
								"south": {"uv": [99, 89], "uv_size": [-1, -1]},
								"up": {"uv": [98, 88], "uv_size": [1, 1]}
							}
						},
						{
							"origin": [0.70688, 0.17655, 0],
							"size": [0.177, 0.177, 0.5],
							"pivot": [0, 0, 0],
							"rotation": [0, 0, -45],
							"uv": {
								"north": {"uv": [113, 57], "uv_size": [-1, 0.5]},
								"south": {"uv": [113, 57], "uv_size": [-1, 0.5]},
								"west": {"uv": [113, 57], "uv_size": [-1, 0.5]}
							}
						},
						{
							"origin": [-0.88388, 0.17655, 0],
							"size": [0.177, 0.177, 0.5],
							"pivot": [0, 0, 0],
							"rotation": [0, 0, 45],
							"uv": {
								"north": {"uv": [112, 57], "uv_size": [1, 0.5]},
								"east": {"uv": [112, 57], "uv_size": [1, 0.5]},
								"south": {"uv": [112, 57], "uv_size": [1, 0.5]}
							}
						},
						{
							"origin": [-0.375, 0.75, 0.75001],
							"size": [0.75, 0.125, 0.5],
							"uv": {
								"north": {"uv": [99, 89], "uv_size": [-1, -1]},
								"south": {"uv": [99, 89], "uv_size": [-1, -1]},
								"up": {"uv": [98, 88], "uv_size": [1, 1]}
							}
						},
						{
							"origin": [0.70688, 0.17655, 0.75],
							"size": [0.177, 0.177, 0.5],
							"pivot": [0, 0, 0],
							"rotation": [0, 0, -45],
							"uv": {
								"north": {"uv": [113, 57], "uv_size": [-1, 0.5]},
								"south": {"uv": [113, 57], "uv_size": [-1, 0.5]},
								"west": {"uv": [113, 57], "uv_size": [-1, 0.5]}
							}
						},
						{
							"origin": [-0.88388, 0.17655, 0.75],
							"size": [0.177, 0.177, 0.5],
							"pivot": [0, 0, 0],
							"rotation": [0, 0, 45],
							"uv": {
								"north": {"uv": [112, 57], "uv_size": [1, 0.5]},
								"east": {"uv": [112, 57], "uv_size": [1, 0.5]},
								"south": {"uv": [112, 57], "uv_size": [1, 0.5]}
							}
						},
						{
							"origin": [-0.375, 0.75, 1.50001],
							"size": [0.75, 0.125, 1.5],
							"uv": {
								"north": {"uv": [99, 89], "uv_size": [-1, -1]},
								"south": {"uv": [99, 89], "uv_size": [-1, -1]},
								"up": {"uv": [98, 88], "uv_size": [1, 1]}
							}
						},
						{
							"origin": [0.56569, 0.17678, 1.5],
							"size": [0.3182, 0.17678, 1.5],
							"pivot": [0, 0, 0],
							"rotation": [0, 0, -45],
							"uv": {
								"north": {"uv": [113, 57], "uv_size": [-1, 0.5]},
								"south": {"uv": [113, 57], "uv_size": [-1, 0.5]},
								"west": {"uv": [113, 57], "uv_size": [-1, 0.5]}
							}
						},
						{
							"origin": [-0.88388, 0.17678, 1.5],
							"size": [0.3182, 0.17678, 1.5],
							"pivot": [0, 0, 0],
							"rotation": [0, 0, 45],
							"uv": {
								"north": {"uv": [112, 57], "uv_size": [1, 0.5]},
								"east": {"uv": [112, 57], "uv_size": [1, 0.5]},
								"south": {"uv": [112, 57], "uv_size": [1, 0.5]}
							}
						},
						{
							"origin": [-0.5, 0.74999, -6],
							"size": [1, 0.001, 7.5],
							"uv": {
								"up": {"uv": [18, 21], "uv_size": [1, 8]}
							}
						},
						{
							"origin": [-0.18928, 0.56569, -7],
							"size": [0.0125, 0.3182, 10],
							"pivot": [0, 0, 0],
							"rotation": [0, 0, 45],
							"uv": {
								"west": {"uv": [45, 8], "uv_size": [8, 0.5]}
							}
						},
						{
							"origin": [0.17678, 0.56569, -7],
							"size": [0.0125, 0.3182, 10],
							"pivot": [0, 0, 0],
							"rotation": [0, 0, -45],
							"uv": {
								"east": {"uv": [53, 8], "uv_size": [-8, 0.5]}
							}
						}
					]
				}
			]
		}
	]
}