{
	"format_version": "1.12.0",
	"minecraft:geometry": [
		{
			"description": {
				"identifier": "geometry.sight_okp7",
				"texture_width": 32,
				"texture_height": 32,
				"visible_bounds_width": 22,
				"visible_bounds_height": 10,
				"visible_bounds_offset": [0, 0, 0]
			},
			"bones": [
				{
					"name": "scope_view",
					"pivot": [0.125, 1, 5]
				},
				{
					"name": "division",
					"pivot": [0, 0, 0]
				},
				{
					"name": "crosshair_illuminated",
					"parent": "division",
					"pivot": [0, 0, 0],
					"cubes": [
						{
							"origin": [0.475, 0.95, -24.0125],
							"size": [1, 0.1, 0.05],
							"uv": {
								"south": {"uv": [4, 11], "uv_size": [0.5, 0.5]}
							}
						},
						{
							"origin": [-1.225, 0.95, -24.0125],
							"size": [1, 0.1, 0.05],
							"uv": {
								"south": {"uv": [16, 15], "uv_size": [0.5, 0.5]}
							}
						},
						{
							"origin": [0.075, 0.275, -24.0125],
							"size": [0.1, 0.5, 0.05],
							"uv": {
								"south": {"uv": [16, 16], "uv_size": [0.5, 0.5]}
							}
						},
						{
							"origin": [0.075, 0.95, -24.0125],
							"size": [0.3, 0.1, 0.05],
							"pivot": [0.125, 1, -23.9875],
							"rotation": [0, 0, 45],
							"uv": {
								"south": {"uv": [16, 14], "uv_size": [0.5, 0.5]}
							}
						},
						{
							"origin": [-0.125, 0.95, -24.0125],
							"size": [0.2, 0.1, 0.05],
							"pivot": [0.125, 1, -23.9875],
							"rotation": [0, 0, -45],
							"uv": {
								"south": {"uv": [15, 16], "uv_size": [0.5, 0.5]}
							}
						}
					]
				},
				{
					"name": "ocular",
					"pivot": [0, 1.12893, -3.11201],
					"cubes": [
						{
							"origin": [-0.675, 0.8409, -3.4],
							"size": [1.6, 0.3182, 0.25],
							"uv": {
								"north": {"uv": [0, 6], "uv_size": [1.5, 0.5]},
								"east": {"uv": [5, 11], "uv_size": [0.5, 0.5]},
								"south": {"uv": [6, 0], "uv_size": [1.5, 0.5]},
								"west": {"uv": [11, 5], "uv_size": [0.5, 0.5]}
							}
						},
						{
							"origin": [-0.675, 0.8409, -3.4],
							"size": [1.6, 0.3182, 0.25],
							"pivot": [0.125, 1, -3.28201],
							"rotation": [0, 0, 22.5],
							"uv": {
								"north": {"uv": [6, 1], "uv_size": [1.5, 0.5]},
								"east": {"uv": [6, 11], "uv_size": [0.5, 0.5]},
								"south": {"uv": [2, 6], "uv_size": [1.5, 0.5]},
								"west": {"uv": [11, 6], "uv_size": [0.5, 0.5]}
							}
						},
						{
							"origin": [-0.675, 0.8409, -3.4],
							"size": [1.6, 0.3182, 0.25],
							"pivot": [0.125, 1, -3.28201],
							"rotation": [0, 0, 45],
							"uv": {
								"north": {"uv": [6, 2], "uv_size": [1.5, 0.5]},
								"east": {"uv": [7, 11], "uv_size": [0.5, 0.5]},
								"south": {"uv": [6, 3], "uv_size": [1.5, 0.5]},
								"west": {"uv": [11, 7], "uv_size": [0.5, 0.5]}
							}
						},
						{
							"origin": [-0.675, 0.8409, -3.4],
							"size": [1.6, 0.3182, 0.25],
							"pivot": [0.125, 1, -3.28201],
							"rotation": [0, 0, 67.5],
							"uv": {
								"north": {"uv": [4, 6], "uv_size": [1.5, 0.5]},
								"east": {"uv": [8, 11], "uv_size": [0.5, 0.5]},
								"south": {"uv": [6, 4], "uv_size": [1.5, 0.5]},
								"west": {"uv": [11, 8], "uv_size": [0.5, 0.5]}
							}
						},
						{
							"origin": [-0.675, 0.8409, -3.4],
							"size": [1.6, 0.3182, 0.25],
							"pivot": [0.125, 1, -3.28201],
							"rotation": [0, 0, 90],
							"uv": {
								"north": {"uv": [6, 5], "uv_size": [1.5, 0.5]},
								"east": {"uv": [9, 11], "uv_size": [0.5, 0.5]},
								"south": {"uv": [6, 6], "uv_size": [1.5, 0.5]},
								"west": {"uv": [11, 9], "uv_size": [0.5, 0.5]}
							}
						},
						{
							"origin": [-0.675, 0.8409, -3.4],
							"size": [1.6, 0.3182, 0.25],
							"pivot": [0.125, 1, -3.28201],
							"rotation": [0, 0, 112.5],
							"uv": {
								"north": {"uv": [0, 7], "uv_size": [1.5, 0.5]},
								"east": {"uv": [10, 11], "uv_size": [0.5, 0.5]},
								"south": {"uv": [2, 7], "uv_size": [1.5, 0.5]},
								"west": {"uv": [11, 10], "uv_size": [0.5, 0.5]}
							}
						},
						{
							"origin": [-0.675, 0.8409, -3.4],
							"size": [1.6, 0.3182, 0.25],
							"pivot": [0.125, 1, -3.28201],
							"rotation": [0, 0, 135],
							"uv": {
								"north": {"uv": [4, 7], "uv_size": [1.5, 0.5]},
								"east": {"uv": [11, 11], "uv_size": [0.5, 0.5]},
								"south": {"uv": [6, 7], "uv_size": [1.5, 0.5]},
								"west": {"uv": [0, 12], "uv_size": [0.5, 0.5]}
							}
						},
						{
							"origin": [-0.675, 0.8409, -3.4],
							"size": [1.6, 0.3182, 0.25],
							"pivot": [0.125, 1, -3.28201],
							"rotation": [0, 0, 157.5],
							"uv": {
								"north": {"uv": [0, 8], "uv_size": [1.5, 0.5]},
								"east": {"uv": [12, 0], "uv_size": [0.5, 0.5]},
								"south": {"uv": [8, 0], "uv_size": [1.5, 0.5]},
								"west": {"uv": [1, 12], "uv_size": [0.5, 0.5]}
							}
						}
					]
				},
				{
					"name": "ocular_ring",
					"pivot": [0, 0, 0],
					"cubes": [
						{
							"origin": [0.3307, 0.42788, -3.525],
							"size": [0.36642, 0.36642, 0.5],
							"uv": {
								"north": {"uv": [16, 12], "uv_size": [0.5, 0.5]},
								"east": {"uv": [13, 16], "uv_size": [0.5, 0.5]},
								"south": {"uv": [16, 13], "uv_size": [0.5, 0.5]},
								"up": {"uv": [14, 16], "uv_size": [0.5, 0.5]}
							}
						},
						{
							"origin": [0.675, 0.7409, -3.525],
							"size": [0.525, 0.5182, 0.5],
							"pivot": [0.125, 1, -3.15701],
							"rotation": [0, 0, 45],
							"uv": {
								"north": {"uv": [16, 10], "uv_size": [0.5, 0.5]},
								"south": {"uv": [11, 16], "uv_size": [0.5, 0.5]},
								"up": {"uv": [16, 11], "uv_size": [0.5, 0.5]},
								"down": {"uv": [12, 16.5], "uv_size": [0.5, -0.5]}
							}
						}
					]
				},
				{
					"name": "scope_body",
					"pivot": [0, 0, 0]
				},
				{
					"name": "OKP7",
					"parent": "scope_body",
					"pivot": [2, -3.925, -2.7],
					"cubes": [
						{
							"origin": [-0.96182, 0.85548, -4],
							"size": [0.1, 0.4176, 1.5],
							"pivot": [0.08818, 1.06428, -3.25],
							"rotation": [0, 0, -45],
							"uv": {
								"north": {"uv": [12, 1], "uv_size": [0.5, 0.5]},
								"east": {"uv": [8, 1], "uv_size": [1.5, 0.5]},
								"south": {"uv": [2, 12], "uv_size": [0.5, 0.5]},
								"west": {"uv": [2, 8], "uv_size": [1.5, 0.5]},
								"down": {"uv": [8, 3.5], "uv_size": [0.5, -1.5]}
							}
						},
						{
							"origin": [-0.96182, 0.85548, -4],
							"size": [0.1, 0.4176, 1.5],
							"pivot": [0.08818, 1.06428, -3.25],
							"rotation": [0, 0, -22.5],
							"uv": {
								"north": {"uv": [12, 2], "uv_size": [0.5, 0.5]},
								"east": {"uv": [4, 8], "uv_size": [1.5, 0.5]},
								"south": {"uv": [3, 12], "uv_size": [0.5, 0.5]},
								"west": {"uv": [8, 4], "uv_size": [1.5, 0.5]}
							}
						},
						{
							"origin": [-0.96182, 0.85548, -4],
							"size": [0.1, 0.4176, 1.5],
							"uv": {
								"north": {"uv": [12, 3], "uv_size": [0.5, 0.5]},
								"east": {"uv": [8, 5], "uv_size": [1.5, 0.5]},
								"south": {"uv": [4, 12], "uv_size": [0.5, 0.5]},
								"west": {"uv": [6, 8], "uv_size": [1.5, 0.5]}
							}
						},
						{
							"origin": [-0.96182, 0.85548, -4],
							"size": [0.1, 0.4176, 1.5],
							"pivot": [0.08818, 1.06428, -3.25],
							"rotation": [0, 0, 22.5],
							"uv": {
								"north": {"uv": [12, 4], "uv_size": [0.5, 0.5]},
								"east": {"uv": [8, 6], "uv_size": [1.5, 0.5]},
								"south": {"uv": [5, 12], "uv_size": [0.5, 0.5]},
								"west": {"uv": [8, 7], "uv_size": [1.5, 0.5]}
							}
						},
						{
							"origin": [-0.96182, 0.85548, -4],
							"size": [0.1, 0.4176, 1.5],
							"pivot": [0.08818, 1.06428, -3.25],
							"rotation": [0, 0, 45],
							"uv": {
								"north": {"uv": [12, 5], "uv_size": [0.5, 0.5]},
								"east": {"uv": [8, 8], "uv_size": [1.5, 0.5]},
								"south": {"uv": [6, 12], "uv_size": [0.5, 0.5]},
								"west": {"uv": [0, 9], "uv_size": [1.5, 0.5]}
							}
						},
						{
							"origin": [-0.96182, 0.85548, -4],
							"size": [0.1, 0.4176, 1.5],
							"pivot": [0.08818, 1.06428, -3.25],
							"rotation": [0, 0, 67.5],
							"uv": {
								"north": {"uv": [12, 6], "uv_size": [0.5, 0.5]},
								"east": {"uv": [2, 9], "uv_size": [1.5, 0.5]},
								"south": {"uv": [7, 12], "uv_size": [0.5, 0.5]},
								"west": {"uv": [9, 2], "uv_size": [1.5, 0.5]}
							}
						},
						{
							"origin": [-0.96182, 0.85548, -4],
							"size": [0.1, 0.4176, 1.5],
							"pivot": [0.08818, 1.06428, -3.25],
							"rotation": [0, 0, 90],
							"uv": {
								"north": {"uv": [12, 7], "uv_size": [0.5, 0.5]},
								"east": {"uv": [9, 3], "uv_size": [1.5, 0.5]},
								"south": {"uv": [8, 12], "uv_size": [0.5, 0.5]},
								"west": {"uv": [4, 9], "uv_size": [1.5, 0.5]}
							}
						},
						{
							"origin": [-0.96182, 0.85548, -4],
							"size": [0.1, 0.4176, 1.5],
							"pivot": [0.08818, 1.06428, -3.25],
							"rotation": [0, 0, 112.5],
							"uv": {
								"north": {"uv": [12, 8], "uv_size": [0.5, 0.5]},
								"east": {"uv": [6, 9], "uv_size": [1.5, 0.5]},
								"south": {"uv": [9, 12], "uv_size": [0.5, 0.5]},
								"west": {"uv": [8, 9], "uv_size": [1.5, 0.5]}
							}
						},
						{
							"origin": [-0.96182, 0.85548, -4],
							"size": [0.1, 0.4176, 1.5],
							"pivot": [0.08818, 1.06428, -3.25],
							"rotation": [0, 0, 135],
							"uv": {
								"north": {"uv": [12, 9], "uv_size": [0.5, 0.5]},
								"east": {"uv": [0, 10], "uv_size": [1.5, 0.5]},
								"south": {"uv": [10, 12], "uv_size": [0.5, 0.5]},
								"west": {"uv": [10, 0], "uv_size": [1.5, 0.5]}
							}
						},
						{
							"origin": [1.55, 0.0375, -4],
							"size": [0.09998, 1.75521, 1.5],
							"pivot": [1.65, 0.0375, -4],
							"rotation": [0, 0, -22.5],
							"uv": {
								"north": {"uv": [4, 2], "uv_size": [0.5, 2]},
								"east": {"uv": [2, 2], "uv_size": [1.5, 2]},
								"south": {"uv": [3, 4], "uv_size": [0.5, 2]},
								"west": {"uv": [4, 0], "uv_size": [1.5, 2]}
							}
						},
						{
							"origin": [0.7, -0.4125, -2.5],
							"size": [0.95, 1.15, 3.7],
							"uv": {
								"north": {"uv": [4, 4], "uv_size": [1, 1]},
								"east": {"uv": [0, 0], "uv_size": [3.5, 1]},
								"south": {"uv": [5, 2], "uv_size": [1, 1]},
								"west": {"uv": [0, 1], "uv_size": [3.5, 1]},
								"up": {"uv": [0, 2], "uv_size": [1, 3.5]},
								"down": {"uv": [1, 5.5], "uv_size": [1, -3.5]}
							}
						},
						{
							"origin": [0.925, 0.7375, -0.3],
							"size": [0.5, 0.1, 0.5],
							"pivot": [1.175, 0.7875, -0.05],
							"rotation": [0, -45, 0],
							"uv": {
								"north": {"uv": [12, 10], "uv_size": [0.5, 0.5]},
								"east": {"uv": [11, 12], "uv_size": [0.5, 0.5]},
								"south": {"uv": [12, 11], "uv_size": [0.5, 0.5]},
								"west": {"uv": [12, 12], "uv_size": [0.5, 0.5]},
								"up": {"uv": [0, 13], "uv_size": [0.5, 0.5]}
							}
						},
						{
							"origin": [0.7, 0.0375, -4],
							"size": [0.65, 0.575, 1.5],
							"uv": {
								"north": {"uv": [13, 0], "uv_size": [0.5, 0.5]},
								"east": {"uv": [10, 1], "uv_size": [1.5, 0.5]},
								"up": {"uv": [2, 10], "uv_size": [0.5, 1.5]}
							}
						},
						{
							"origin": [1.35, 0.0375, -4],
							"size": [0.1, 0.4625, 1.5],
							"uv": {
								"north": {"uv": [1, 13], "uv_size": [0.5, 0.5]}
							}
						},
						{
							"origin": [1.45, 0.0375, -4],
							"size": [0.1, 0.225, 1.5],
							"uv": {
								"north": {"uv": [13, 1], "uv_size": [0.5, 0.5]}
							}
						},
						{
							"origin": [0.23749, -0.00605, 0.525],
							"size": [0.3, 0.75, 0.4],
							"pivot": [0.38749, 0.74395, 0.725],
							"rotation": [0, 0, -45],
							"uv": {
								"north": {"uv": [5, 10], "uv_size": [0.5, 1]},
								"east": {"uv": [10, 5], "uv_size": [0.5, 1]},
								"south": {"uv": [6, 10], "uv_size": [0.5, 1]},
								"west": {"uv": [10, 6], "uv_size": [0.5, 1]},
								"down": {"uv": [2, 13.5], "uv_size": [0.5, -0.5]}
							}
						},
						{
							"origin": [0.28143, 0.63789, 0.525],
							"size": [0.21213, 0.21213, 0.4],
							"uv": {
								"north": {"uv": [13, 2], "uv_size": [0.5, 0.5]},
								"east": {"uv": [3, 13], "uv_size": [0.5, 0.5]},
								"south": {"uv": [13, 3], "uv_size": [0.5, 0.5]},
								"up": {"uv": [4, 13], "uv_size": [0.5, 0.5]}
							}
						},
						{
							"origin": [0.7, -0.4125, -4],
							"size": [0.95, 0.45, 1.5],
							"uv": {
								"north": {"uv": [7, 10], "uv_size": [1, 0.5]},
								"east": {"uv": [3, 10], "uv_size": [1.5, 0.5]},
								"west": {"uv": [10, 4], "uv_size": [1.5, 0.5]},
								"down": {"uv": [2, 5.5], "uv_size": [1, -1.5]}
							}
						},
						{
							"origin": [0.7, -0.4125, 1.2],
							"size": [0.95, 1, 0.8],
							"uv": {
								"east": {"uv": [5, 3], "uv_size": [1, 1]},
								"west": {"uv": [4, 5], "uv_size": [1, 1]},
								"up": {"uv": [5, 4], "uv_size": [1, 1]},
								"down": {"uv": [5, 6], "uv_size": [1, -1]}
							}
						},
						{
							"origin": [0.7, -0.1625, 2],
							"size": [0.95, 0.5, 0.25],
							"uv": {
								"east": {"uv": [13, 4], "uv_size": [0.5, 0.5]},
								"south": {"uv": [10, 7], "uv_size": [1, 0.5]},
								"west": {"uv": [5, 13], "uv_size": [0.5, 0.5]}
							}
						},
						{
							"origin": [0.7, 0.21878, 2.03661],
							"size": [0.95, 0.35355, 0.17678],
							"pivot": [1.7, 0.32233, 2.08839],
							"rotation": [45, 0, 0],
							"uv": {
								"east": {"uv": [13, 5], "uv_size": [0.5, 0.5]},
								"south": {"uv": [8, 10], "uv_size": [1, 0.5]},
								"west": {"uv": [6, 13], "uv_size": [0.5, 0.5]}
							}
						},
						{
							"origin": [0.7, -0.39733, 2.03661],
							"size": [0.95, 0.35355, 0.17678],
							"pivot": [1.7, -0.14733, 2.08839],
							"rotation": [-45, 0, 0],
							"uv": {
								"east": {"uv": [13, 6], "uv_size": [0.5, 0.5]},
								"south": {"uv": [10, 8], "uv_size": [1, 0.5]},
								"west": {"uv": [7, 13], "uv_size": [0.5, 0.5]}
							}
						},
						{
							"origin": [-1, -0.4125, 0.75],
							"size": [0.55, 0.5, 0.5],
							"uv": {
								"north": {"uv": [13, 7], "uv_size": [0.5, 0.5]},
								"east": {"uv": [8, 13], "uv_size": [0.5, 0.5]},
								"south": {"uv": [13, 8], "uv_size": [0.5, 0.5]},
								"up": {"uv": [9, 13], "uv_size": [0.5, 0.5]},
								"down": {"uv": [13, 9.5], "uv_size": [0.5, -0.5]}
							}
						},
						{
							"origin": [-1.25, -0.3125, 0.85],
							"size": [0.25, 0.3, 0.3],
							"pivot": [-0.85, -0.1625, 1],
							"rotation": [-45, 0, 0],
							"uv": {
								"north": {"uv": [10, 13], "uv_size": [0.5, 0.5]},
								"east": {"uv": [13, 10], "uv_size": [0.5, 0.5]},
								"south": {"uv": [11, 13], "uv_size": [0.5, 0.5]},
								"up": {"uv": [13, 11], "uv_size": [0.5, 0.5]},
								"down": {"uv": [12, 13.5], "uv_size": [0.5, -0.5]}
							}
						},
						{
							"origin": [-1.25, -0.3125, -2.9],
							"size": [0.25, 0.3, 0.3],
							"pivot": [-0.85, -0.1625, -2.75],
							"rotation": [-45, 0, 0],
							"uv": {
								"north": {"uv": [13, 12], "uv_size": [0.5, 0.5]},
								"east": {"uv": [13, 13], "uv_size": [0.5, 0.5]},
								"south": {"uv": [0, 14], "uv_size": [0.5, 0.5]},
								"up": {"uv": [14, 0], "uv_size": [0.5, 0.5]},
								"down": {"uv": [1, 14.5], "uv_size": [0.5, -0.5]}
							}
						},
						{
							"origin": [0.6, 0.3125, -1.125],
							"size": [0.1, 0.25, 0.25],
							"pivot": [1.7, 0.4375, -1],
							"rotation": [45, 0, 0],
							"uv": {
								"north": {"uv": [14, 1], "uv_size": [0.5, 0.5]},
								"east": {"uv": [2, 14], "uv_size": [0.5, 0.5]},
								"south": {"uv": [14, 2], "uv_size": [0.5, 0.5]},
								"up": {"uv": [3, 14], "uv_size": [0.5, 0.5]},
								"down": {"uv": [14, 3.5], "uv_size": [0.5, -0.5]}
							}
						},
						{
							"origin": [0.6, -0.325, -1.125],
							"size": [0.1, 0.25, 0.25],
							"pivot": [1.7, -0.2, -1],
							"rotation": [45, 0, 0],
							"uv": {
								"north": {"uv": [4, 14], "uv_size": [0.5, 0.5]},
								"east": {"uv": [14, 4], "uv_size": [0.5, 0.5]},
								"south": {"uv": [5, 14], "uv_size": [0.5, 0.5]},
								"up": {"uv": [14, 5], "uv_size": [0.5, 0.5]},
								"down": {"uv": [6, 14.5], "uv_size": [0.5, -0.5]}
							}
						},
						{
							"origin": [0.6, -0.325, -3.875],
							"size": [0.1, 0.25, 0.25],
							"pivot": [1.7, -0.2, -3.75],
							"rotation": [45, 0, 0],
							"uv": {
								"north": {"uv": [14, 6], "uv_size": [0.5, 0.5]},
								"east": {"uv": [7, 14], "uv_size": [0.5, 0.5]},
								"south": {"uv": [14, 7], "uv_size": [0.5, 0.5]},
								"up": {"uv": [8, 14], "uv_size": [0.5, 0.5]},
								"down": {"uv": [14, 8.5], "uv_size": [0.5, -0.5]}
							}
						},
						{
							"origin": [0.6, -0.325, 1.875],
							"size": [0.1, 0.25, 0.25],
							"pivot": [1.7, -0.2, 2],
							"rotation": [45, 0, 0],
							"uv": {
								"north": {"uv": [9, 14], "uv_size": [0.5, 0.5]},
								"east": {"uv": [14, 9], "uv_size": [0.5, 0.5]},
								"south": {"uv": [10, 14], "uv_size": [0.5, 0.5]},
								"up": {"uv": [14, 10], "uv_size": [0.5, 0.5]},
								"down": {"uv": [11, 14.5], "uv_size": [0.5, -0.5]}
							}
						},
						{
							"origin": [0.6, 0.3375, 1],
							"size": [0.1, 0.2, 0.2],
							"pivot": [1.7, 0.4375, 1.1],
							"rotation": [45, 0, 0],
							"uv": {
								"north": {"uv": [14, 11], "uv_size": [0.5, 0.5]},
								"east": {"uv": [12, 14], "uv_size": [0.5, 0.5]},
								"south": {"uv": [14, 12], "uv_size": [0.5, 0.5]},
								"up": {"uv": [13, 14], "uv_size": [0.5, 0.5]},
								"down": {"uv": [14, 13.5], "uv_size": [0.5, -0.5]}
							}
						},
						{
							"origin": [1.35, 0.525, -3.825],
							"size": [0.1, 0.2, 0.2],
							"pivot": [0.35, 0.625, -3.725],
							"rotation": [45, 0, 0],
							"uv": {
								"north": {"uv": [14, 14], "uv_size": [0.5, 0.5]},
								"south": {"uv": [0, 15], "uv_size": [0.5, 0.5]},
								"west": {"uv": [15, 0], "uv_size": [0.5, 0.5]},
								"up": {"uv": [1, 15], "uv_size": [0.5, 0.5]},
								"down": {"uv": [15, 1.5], "uv_size": [0.5, -0.5]}
							}
						},
						{
							"origin": [1.5375, 0.075, -3.325],
							"size": [0.1, 0.2, 0.2],
							"pivot": [0.5375, 0.175, -3.225],
							"rotation": [45, 0, 0],
							"uv": {
								"north": {"uv": [2, 15], "uv_size": [0.5, 0.5]},
								"south": {"uv": [15, 2], "uv_size": [0.5, 0.5]},
								"west": {"uv": [3, 15], "uv_size": [0.5, 0.5]},
								"up": {"uv": [15, 3], "uv_size": [0.5, 0.5]},
								"down": {"uv": [4, 15.5], "uv_size": [0.5, -0.5]}
							}
						},
						{
							"origin": [1.35, 0.525, -2.825],
							"size": [0.1, 0.2, 0.2],
							"pivot": [0.35, 0.625, -2.725],
							"rotation": [45, 0, 0],
							"uv": {
								"north": {"uv": [15, 4], "uv_size": [0.5, 0.5]},
								"south": {"uv": [5, 15], "uv_size": [0.5, 0.5]},
								"west": {"uv": [15, 5], "uv_size": [0.5, 0.5]},
								"up": {"uv": [6, 15], "uv_size": [0.5, 0.5]},
								"down": {"uv": [15, 6.5], "uv_size": [0.5, -0.5]}
							}
						},
						{
							"origin": [1.65, -0.1125, 1.625],
							"size": [0.1, 0.5, 0.5],
							"pivot": [1.7, 0.1375, 1.875],
							"rotation": [45, 0, 0],
							"uv": {
								"north": {"uv": [7, 15], "uv_size": [0.5, 0.5]},
								"south": {"uv": [15, 7], "uv_size": [0.5, 0.5]},
								"west": {"uv": [8, 15], "uv_size": [0.5, 0.5]},
								"up": {"uv": [15, 8], "uv_size": [0.5, 0.5]},
								"down": {"uv": [9, 15.5], "uv_size": [0.5, -0.5]}
							}
						},
						{
							"origin": [1.65, -0.0625, 0.8],
							"size": [0.1, 0.4, 0.4],
							"pivot": [0.65, 0.1375, 1],
							"rotation": [45, 0, 0],
							"uv": {
								"north": {"uv": [15, 9], "uv_size": [0.5, 0.5]},
								"south": {"uv": [10, 15], "uv_size": [0.5, 0.5]},
								"west": {"uv": [15, 10], "uv_size": [0.5, 0.5]},
								"up": {"uv": [11, 15], "uv_size": [0.5, 0.5]},
								"down": {"uv": [15, 11.5], "uv_size": [0.5, -0.5]}
							}
						},
						{
							"origin": [1.65, 0.5125, 0.225],
							"size": [0.1, 0.1, 0.1],
							"pivot": [0.65, 0.5625, 0.275],
							"rotation": [45, 0, 0],
							"uv": {
								"north": {"uv": [12, 15], "uv_size": [0.5, 0.5]},
								"south": {"uv": [15, 12], "uv_size": [0.5, 0.5]},
								"west": {"uv": [13, 15], "uv_size": [0.5, 0.5]},
								"up": {"uv": [15, 13], "uv_size": [0.5, 0.5]},
								"down": {"uv": [14, 15.5], "uv_size": [0.5, -0.5]}
							}
						},
						{
							"origin": [-0.57322, -0.35999, -3],
							"size": [0.25, 0.12249, 0.5],
							"pivot": [-0.44822, -0.2375, -4.8875],
							"rotation": [0, 0, -45],
							"uv": {
								"north": {"uv": [15, 14], "uv_size": [0.5, 0.5]},
								"south": {"uv": [15, 15], "uv_size": [0.5, 0.5]},
								"down": {"uv": [0, 16.5], "uv_size": [0.5, -0.5]}
							}
						},
						{
							"origin": [0.32322, -0.35999, -3],
							"size": [0.25, 0.12249, 0.5],
							"pivot": [0.44822, -0.2375, -4.8875],
							"rotation": [0, 0, 45],
							"uv": {
								"north": {"uv": [16, 0], "uv_size": [0.5, 0.5]},
								"south": {"uv": [1, 16], "uv_size": [0.5, 0.5]},
								"down": {"uv": [16, 1.5], "uv_size": [0.5, -0.5]}
							}
						},
						{
							"origin": [0.45, -0.4125, -3],
							"size": [0.25, 0.175, 0.5],
							"uv": {
								"north": {"uv": [2, 16], "uv_size": [0.5, 0.5]},
								"south": {"uv": [16, 2], "uv_size": [0.5, 0.5]},
								"down": {"uv": [3, 16.5], "uv_size": [0.5, -0.5]}
							}
						},
						{
							"origin": [-0.45, -0.2375, -3],
							"size": [1.15, 0.325, 0.5],
							"uv": {
								"north": {"uv": [9, 10], "uv_size": [1, 0.5]},
								"south": {"uv": [10, 9], "uv_size": [1, 0.5]},
								"up": {"uv": [10, 10], "uv_size": [1, 0.5]},
								"down": {"uv": [0, 11.5], "uv_size": [1, -0.5]}
							}
						},
						{
							"origin": [-1, -0.4125, -3],
							"size": [0.55, 0.5, 0.5],
							"uv": {
								"north": {"uv": [16, 3], "uv_size": [0.5, 0.5]},
								"east": {"uv": [4, 16], "uv_size": [0.5, 0.5]},
								"south": {"uv": [16, 4], "uv_size": [0.5, 0.5]},
								"up": {"uv": [5, 16], "uv_size": [0.5, 0.5]},
								"down": {"uv": [16, 5.5], "uv_size": [0.5, -0.5]}
							}
						},
						{
							"origin": [-0.57322, -0.35999, 0.75],
							"size": [0.25, 0.12249, 0.5],
							"pivot": [-0.44822, -0.2375, -1.1375],
							"rotation": [0, 0, -45],
							"uv": {
								"north": {"uv": [6, 16], "uv_size": [0.5, 0.5]},
								"south": {"uv": [16, 6], "uv_size": [0.5, 0.5]},
								"down": {"uv": [7, 16.5], "uv_size": [0.5, -0.5]}
							}
						},
						{
							"origin": [0.32322, -0.35999, 0.75],
							"size": [0.25, 0.12249, 0.5],
							"pivot": [0.44822, -0.2375, -1.1375],
							"rotation": [0, 0, 45],
							"uv": {
								"north": {"uv": [16, 7], "uv_size": [0.5, 0.5]},
								"south": {"uv": [8, 16], "uv_size": [0.5, 0.5]},
								"down": {"uv": [16, 8.5], "uv_size": [0.5, -0.5]}
							}
						},
						{
							"origin": [0.45, -0.4125, 0.75],
							"size": [0.25, 0.175, 0.5],
							"uv": {
								"north": {"uv": [9, 16], "uv_size": [0.5, 0.5]},
								"south": {"uv": [16, 9], "uv_size": [0.5, 0.5]},
								"down": {"uv": [10, 16.5], "uv_size": [0.5, -0.5]}
							}
						},
						{
							"origin": [-0.45, -0.2375, 0.75],
							"size": [1.15, 0.325, 0.5],
							"uv": {
								"north": {"uv": [1, 11], "uv_size": [1, 0.5]},
								"south": {"uv": [11, 2], "uv_size": [1, 0.5]},
								"up": {"uv": [3, 11], "uv_size": [1, 0.5]},
								"down": {"uv": [11, 3.5], "uv_size": [1, -0.5]}
							}
						}
					]
				}
			]
		}
	]
}