{
	"format_version": "1.12.0",
	"minecraft:geometry": [
		{
			"description": {
				"identifier": "geometry.sight_coyote - Converted",
				"texture_width": 64,
				"texture_height": 64,
				"visible_bounds_width": 19,
				"visible_bounds_height": 3,
				"visible_bounds_offset": [0, 0, 0]
			},
			"bones": [
				{
					"name": "scope_body",
					"pivot": [0, 19.7, 0],
					"cubes": [
						{
							"origin": [-0.625, 0.17188, -3.29687],
							"size": [0.1875, 0.3125, 2.625],
							"uv": {
								"north": {"uv": [24, 0], "uv_size": [0.5, 0.5]},
								"south": {"uv": [24, 2], "uv_size": [0.5, 0.5]},
								"down": {"uv": [16, 2.5], "uv_size": [0.5, -2.5]}
							}
						},
						{
							"origin": [-0.31066, 0.17188, -3.29687],
							"size": [0.62132, 0.125, 2.625],
							"pivot": [0, 0.92188, -1.98437],
							"rotation": [0, 0, 45],
							"uv": {
								"north": {"uv": [4, 24], "uv_size": [0.5, 0.5]},
								"south": {"uv": [24, 4], "uv_size": [0.5, 0.5]},
								"down": {"uv": [2, 18.5], "uv_size": [0.5, -2.5]}
							}
						},
						{
							"origin": [-0.31066, 0.17188, -3.29687],
							"size": [0.62132, 0.125, 2.625],
							"uv": {
								"north": {"uv": [6, 24], "uv_size": [0.5, 0.5]},
								"south": {"uv": [24, 6], "uv_size": [0.5, 0.5]},
								"down": {"uv": [4, 18.5], "uv_size": [0.5, -2.5]}
							}
						},
						{
							"origin": [-0.31066, 1.54688, -3.29687],
							"size": [0.62132, 0.125, 2.625],
							"pivot": [0, 0.92188, -1.98437],
							"rotation": [0, 0, 45],
							"uv": {
								"north": {"uv": [8, 24], "uv_size": [0.5, 0.5]},
								"south": {"uv": [24, 8], "uv_size": [0.5, 0.5]},
								"up": {"uv": [6, 16], "uv_size": [0.5, 2.5]}
							}
						},
						{
							"origin": [-0.31066, 1.54688, -3.29687],
							"size": [0.62132, 0.125, 2.625],
							"inflate": 0.001,
							"uv": {
								"north": {"uv": [10, 24], "uv_size": [0.5, 0.5]},
								"south": {"uv": [24, 10], "uv_size": [0.5, 0.5]},
								"up": {"uv": [8, 16], "uv_size": [0.5, 2.5]}
							}
						},
						{
							"origin": [0.625, 0.61121, -3.29687],
							"size": [0.125, 0.62132, 2.625],
							"pivot": [0, 0.92188, -1.98437],
							"rotation": [0, 0, 45],
							"uv": {
								"north": {"uv": [12, 24], "uv_size": [0.5, 0.5]},
								"south": {"uv": [14, 24], "uv_size": [0.5, 0.5]}
							}
						},
						{
							"origin": [0.625, 0.61121, -3.29687],
							"size": [0.125, 0.62132, 2.625],
							"uv": {
								"north": {"uv": [16, 24], "uv_size": [0.5, 0.5]},
								"south": {"uv": [18, 24], "uv_size": [0.5, 0.5]},
								"west": {"uv": [10, 16], "uv_size": [2.5, 0.5]}
							}
						},
						{
							"origin": [-0.75, 0.61121, -3.29687],
							"size": [0.125, 0.62132, 2.625],
							"pivot": [0, 0.92188, -1.98437],
							"rotation": [0, 0, 45],
							"uv": {
								"north": {"uv": [20, 24], "uv_size": [0.5, 0.5]},
								"east": {"uv": [14, 16], "uv_size": [2.5, 0.5]},
								"south": {"uv": [22, 24], "uv_size": [0.5, 0.5]}
							}
						},
						{
							"origin": [-0.75, 0.17188, -3.29687],
							"size": [0.125, 1.06066, 2.625],
							"uv": {
								"north": {"uv": [7, 22], "uv_size": [0.5, 1]},
								"east": {"uv": [0, 0], "uv_size": [2.5, 1]},
								"south": {"uv": [22, 8], "uv_size": [0.5, 1]},
								"west": {"uv": [0, 2], "uv_size": [2.5, 1]},
								"down": {"uv": [0, 19.5], "uv_size": [0.5, -2.5]}
							}
						},
						{
							"origin": [-0.31066, 0.17188, -0.60937],
							"size": [0.62132, 0.125, 0.3125],
							"pivot": [0, 0.92188, 0.76563],
							"rotation": [0, 0, 45],
							"uv": {
								"north": {"uv": [24, 24], "uv_size": [0.5, 0.5]},
								"south": {"uv": [2, 25], "uv_size": [0.5, 0.5]},
								"down": {"uv": [25, 12.5], "uv_size": [0.5, -0.5]}
							}
						},
						{
							"origin": [-0.31066, 0.17188, -0.60937],
							"size": [0.62132, 0.125, 0.3125],
							"uv": {
								"north": {"uv": [25, 14], "uv_size": [0.5, 0.5]},
								"south": {"uv": [25, 16], "uv_size": [0.5, 0.5]},
								"down": {"uv": [25, 18.5], "uv_size": [0.5, -0.5]}
							}
						},
						{
							"origin": [-0.31066, 1.54688, -0.60937],
							"size": [0.62132, 0.125, 0.3125],
							"pivot": [0, 0.92188, 0.76563],
							"rotation": [0, 0, 45],
							"uv": {
								"north": {"uv": [25, 20], "uv_size": [0.5, 0.5]},
								"south": {"uv": [25, 22], "uv_size": [0.5, 0.5]},
								"up": {"uv": [0, 26], "uv_size": [0.5, 0.5]}
							}
						},
						{
							"origin": [-0.31066, 1.54688, -0.60937],
							"size": [0.62132, 0.125, 0.3125],
							"uv": {
								"north": {"uv": [26, 0], "uv_size": [0.5, 0.5]},
								"south": {"uv": [26, 2], "uv_size": [0.5, 0.5]},
								"up": {"uv": [4, 26], "uv_size": [0.5, 0.5]}
							}
						},
						{
							"origin": [0.625, 0.61121, -0.60937],
							"size": [0.125, 0.62132, 0.3125],
							"pivot": [0, 0.92188, 0.76563],
							"rotation": [0, 0, 45],
							"uv": {
								"north": {"uv": [26, 4], "uv_size": [0.5, 0.5]},
								"south": {"uv": [6, 26], "uv_size": [0.5, 0.5]},
								"west": {"uv": [26, 6], "uv_size": [0.5, 0.5]}
							}
						},
						{
							"origin": [0.625, 0.61121, -0.60937],
							"size": [0.125, 0.62132, 0.3125],
							"uv": {
								"north": {"uv": [8, 26], "uv_size": [0.5, 0.5]},
								"south": {"uv": [26, 8], "uv_size": [0.5, 0.5]},
								"west": {"uv": [10, 26], "uv_size": [0.5, 0.5]}
							}
						},
						{
							"origin": [-0.75, 0.61121, -0.60937],
							"size": [0.125, 0.62132, 0.3125],
							"pivot": [0, 0.92188, 0.76563],
							"rotation": [0, 0, 45],
							"uv": {
								"north": {"uv": [26, 10], "uv_size": [0.5, 0.5]},
								"east": {"uv": [12, 26], "uv_size": [0.5, 0.5]},
								"south": {"uv": [14, 26], "uv_size": [0.5, 0.5]}
							}
						},
						{
							"origin": [-0.75, 0.61121, -0.60937],
							"size": [0.125, 0.62132, 0.3125],
							"uv": {
								"north": {"uv": [16, 26], "uv_size": [0.5, 0.5]},
								"east": {"uv": [18, 26], "uv_size": [0.5, 0.5]},
								"south": {"uv": [20, 26], "uv_size": [0.5, 0.5]}
							}
						},
						{
							"origin": [-0.31066, 0.17188, -3.79687],
							"size": [0.62132, 0.125, 0.4375],
							"pivot": [0, 0.92188, -2.48437],
							"rotation": [0, 0, 45],
							"uv": {
								"north": {"uv": [22, 26], "uv_size": [0.5, 0.5]},
								"south": {"uv": [24, 26], "uv_size": [0.5, 0.5]},
								"down": {"uv": [26, 24.5], "uv_size": [0.5, -0.5]}
							}
						},
						{
							"origin": [-0.31066, 0.17188, -3.79687],
							"size": [0.62132, 0.125, 0.4375],
							"uv": {
								"north": {"uv": [26, 26], "uv_size": [0.5, 0.5]},
								"south": {"uv": [2, 27], "uv_size": [0.5, 0.5]},
								"down": {"uv": [27, 12.5], "uv_size": [0.5, -0.5]}
							}
						},
						{
							"origin": [-0.31066, 1.54688, -3.79687],
							"size": [0.62132, 0.125, 0.4375],
							"pivot": [0, 0.92188, -2.48437],
							"rotation": [0, 0, 45],
							"uv": {
								"north": {"uv": [27, 14], "uv_size": [0.5, 0.5]},
								"south": {"uv": [27, 16], "uv_size": [0.5, 0.5]},
								"up": {"uv": [27, 18], "uv_size": [0.5, 0.5]}
							}
						},
						{
							"origin": [-0.31066, 1.54688, -3.79687],
							"size": [0.62132, 0.125, 0.4375],
							"uv": {
								"north": {"uv": [27, 20], "uv_size": [0.5, 0.5]},
								"south": {"uv": [27, 22], "uv_size": [0.5, 0.5]},
								"up": {"uv": [0, 28], "uv_size": [0.5, 0.5]}
							}
						},
						{
							"origin": [0.625, 0.61121, -3.79687],
							"size": [0.125, 0.62132, 0.4375],
							"pivot": [0, 0.92188, -2.48437],
							"rotation": [0, 0, 45],
							"uv": {
								"north": {"uv": [28, 0], "uv_size": [0.5, 0.5]},
								"south": {"uv": [28, 2], "uv_size": [0.5, 0.5]},
								"west": {"uv": [4, 28], "uv_size": [0.5, 0.5]}
							}
						},
						{
							"origin": [0.625, 0.61121, -3.79687],
							"size": [0.125, 0.62132, 0.4375],
							"uv": {
								"north": {"uv": [28, 4], "uv_size": [0.5, 0.5]},
								"south": {"uv": [6, 28], "uv_size": [0.5, 0.5]},
								"west": {"uv": [28, 6], "uv_size": [0.5, 0.5]}
							}
						},
						{
							"origin": [-0.75, 0.61121, -3.79687],
							"size": [0.125, 0.62132, 0.4375],
							"pivot": [0, 0.92188, -2.48437],
							"rotation": [0, 0, 45],
							"uv": {
								"north": {"uv": [8, 28], "uv_size": [0.5, 0.5]},
								"east": {"uv": [28, 8], "uv_size": [0.5, 0.5]},
								"south": {"uv": [10, 28], "uv_size": [0.5, 0.5]}
							}
						},
						{
							"origin": [-0.75, 0.61121, -3.79687],
							"size": [0.125, 0.62132, 0.4375],
							"uv": {
								"north": {"uv": [28, 10], "uv_size": [0.5, 0.5]},
								"east": {"uv": [12, 28], "uv_size": [0.5, 0.5]},
								"south": {"uv": [14, 28], "uv_size": [0.5, 0.5]}
							}
						},
						{
							"origin": [-0.75, 1.23254, -2.85937],
							"size": [0.06434, 0.37684, 0.625],
							"uv": {
								"east": {"uv": [16, 28], "uv_size": [0.5, 0.5]},
								"west": {"uv": [18, 28], "uv_size": [0.5, 0.5]}
							}
						},
						{
							"origin": [-0.68046, 1.60754, -3.26914],
							"size": [0.37554, 0.06434, 0.62002],
							"pivot": [-0.46209, 1.4522, -2.83662],
							"rotation": [0, -45, 0],
							"uv": {
								"east": {"uv": [20, 28], "uv_size": [0.5, 0.5]},
								"up": {"uv": [22, 28], "uv_size": [0.5, 0.5]},
								"down": {"uv": [24, 28.5], "uv_size": [0.5, -0.5]}
							}
						},
						{
							"origin": [-0.75, 1.12966, -2.34222],
							"size": [0.06434, 0.43934, 1.1875],
							"pivot": [-0.53033, 1.34934, -2.02972],
							"rotation": [-22.5, 0, 0],
							"uv": {
								"east": {"uv": [9, 22], "uv_size": [1, 0.5]},
								"west": {"uv": [11, 22], "uv_size": [1, 0.5]},
								"up": {"uv": [13, 22], "uv_size": [0.5, 1]}
							}
						},
						{
							"origin": [-0.75, 0.87703, -3.15015],
							"size": [0.06434, 0.43803, 0.62002],
							"pivot": [-0.53033, 1.09671, -3.12388],
							"rotation": [45, 0, 0],
							"uv": {
								"east": {"uv": [28, 24], "uv_size": [0.5, 0.5]},
								"west": {"uv": [26, 28], "uv_size": [0.5, 0.5]},
								"up": {"uv": [28, 26], "uv_size": [0.5, 0.5]}
							}
						},
						{
							"origin": [-0.56369, 1.60754, -2.49298],
							"size": [0.37554, 0.06434, 0.7084],
							"pivot": [-0.34467, 1.4522, -2.13879],
							"rotation": [0, 45, 0],
							"uv": {
								"east": {"uv": [28, 28], "uv_size": [0.5, 0.5]},
								"up": {"uv": [2, 29], "uv_size": [0.5, 0.5]},
								"down": {"uv": [29, 12.5], "uv_size": [0.5, -0.5]}
							}
						},
						{
							"origin": [-0.75, 1.60754, -2.85937],
							"size": [0.43934, 0.06434, 0.625],
							"uv": {
								"north": {"uv": [29, 14], "uv_size": [0.5, 0.5]},
								"east": {"uv": [29, 16], "uv_size": [0.5, 0.5]},
								"up": {"uv": [29, 18], "uv_size": [0.5, 0.5]},
								"down": {"uv": [29, 20.5], "uv_size": [0.5, -0.5]}
							}
						},
						{
							"origin": [-0.68046, 1.42004, -3.02941],
							"size": [0.01563, 0.0625, 0.19279],
							"pivot": [-0.46209, 1.3897, -2.83662],
							"rotation": [0, -45, 0],
							"uv": {
								"north": {"uv": [29, 22], "uv_size": [0.5, 0.5]},
								"east": {"uv": [0, 30], "uv_size": [0.5, 0.5]},
								"south": {"uv": [30, 0], "uv_size": [0.5, 0.5]},
								"west": {"uv": [30, 2], "uv_size": [0.5, 0.5]},
								"down": {"uv": [4, 30.5], "uv_size": [0.5, -0.5]}
							}
						},
						{
							"origin": [-0.68046, 1.48254, -3.21691],
							"size": [0.01563, 0.12684, 0.56779],
							"pivot": [-0.46209, 1.5147, -2.83662],
							"rotation": [0, -45, 0],
							"uv": {
								"north": {"uv": [30, 4], "uv_size": [0.5, 0.5]},
								"east": {"uv": [6, 30], "uv_size": [0.5, 0.5]},
								"west": {"uv": [30, 6], "uv_size": [0.5, 0.5]},
								"down": {"uv": [8, 30.5], "uv_size": [0.5, -0.5]}
							}
						},
						{
							"origin": [-0.68046, 1.48254, -2.25713],
							"size": [0.01563, 0.12684, 0.36466],
							"pivot": [-0.46209, 1.5147, -2.25713],
							"rotation": [0, 45, 0],
							"uv": {
								"east": {"uv": [30, 8], "uv_size": [0.5, 0.5]},
								"south": {"uv": [10, 30], "uv_size": [0.5, 0.5]},
								"west": {"uv": [30, 10], "uv_size": [0.5, 0.5]},
								"down": {"uv": [12, 30.5], "uv_size": [0.5, -0.5]}
							}
						},
						{
							"origin": [-0.68566, 1.40889, -3.36992],
							"size": [0.12684, 0.01562, 0.56778],
							"pivot": [-0.49678, 1.41671, -3.10165],
							"rotation": [45, 0, 0],
							"uv": {
								"north": {"uv": [14, 30], "uv_size": [0.5, 0.5]},
								"south": {"uv": [16, 30], "uv_size": [0.5, 0.5]},
								"west": {"uv": [18, 30], "uv_size": [0.5, 0.5]},
								"up": {"uv": [20, 30], "uv_size": [0.5, 0.5]},
								"down": {"uv": [22, 30.5], "uv_size": [0.5, -0.5]}
							}
						},
						{
							"origin": [-0.68566, 1.34094, -2.24298],
							"size": [0.14246, 0.01563, 0.95841],
							"pivot": [-0.55928, 1.34876, -1.47471],
							"rotation": [-22.5, 0, 0],
							"uv": {
								"north": {"uv": [24, 30], "uv_size": [0.5, 0.5]},
								"south": {"uv": [30, 24], "uv_size": [0.5, 0.5]},
								"west": {"uv": [15, 22], "uv_size": [1, 0.5]},
								"up": {"uv": [17, 22], "uv_size": [0.5, 1]},
								"down": {"uv": [19, 23], "uv_size": [0.5, -1]}
							}
						},
						{
							"origin": [-0.5432, 1.34094, -2.11798],
							"size": [0.10938, 0.01563, 0.44278],
							"pivot": [-0.55928, 1.34876, -1.47471],
							"rotation": [-22.5, 0, 0],
							"uv": {
								"north": {"uv": [26, 30], "uv_size": [0.5, 0.5]},
								"south": {"uv": [30, 26], "uv_size": [0.5, 0.5]},
								"west": {"uv": [28, 30], "uv_size": [0.5, 0.5]},
								"up": {"uv": [30, 28], "uv_size": [0.5, 0.5]},
								"down": {"uv": [30, 30.5], "uv_size": [0.5, -0.5]}
							}
						},
						{
							"origin": [0.5, 0.1875, -3.29687],
							"size": [0.13935, 0.47629, 2.63],
							"pivot": [0.5625, 0.35938, -1.98437],
							"rotation": [0, 0, 22.5],
							"uv": {
								"north": {"uv": [2, 31], "uv_size": [0.5, 0.5]},
								"south": {"uv": [31, 12], "uv_size": [0.5, 0.5]},
								"west": {"uv": [17, 4], "uv_size": [2.5, 0.5]},
								"down": {"uv": [17, 8.5], "uv_size": [0.5, -2.5]}
							}
						},
						{
							"origin": [-0.55882, 1.40889, -3.18242],
							"size": [0.0625, 0.01562, 0.25528],
							"pivot": [-0.49678, 1.41671, -3.10165],
							"rotation": [45, 0, 0],
							"uv": {
								"north": {"uv": [31, 14], "uv_size": [0.5, 0.5]},
								"south": {"uv": [31, 16], "uv_size": [0.5, 0.5]},
								"west": {"uv": [31, 18], "uv_size": [0.5, 0.5]},
								"up": {"uv": [31, 20], "uv_size": [0.5, 0.5]},
								"down": {"uv": [31, 22.5], "uv_size": [0.5, -0.5]}
							}
						},
						{
							"origin": [-0.4375, 0.17188, -3.29687],
							"size": [0.125, 0.125, 2.625],
							"uv": {
								"north": {"uv": [0, 32], "uv_size": [0.5, 0.5]},
								"south": {"uv": [32, 0], "uv_size": [0.5, 0.5]},
								"down": {"uv": [17, 12.5], "uv_size": [0.5, -2.5]}
							}
						},
						{
							"origin": [0.31066, 0.17188, -3.29687],
							"size": [0.25755, 0.20185, 2.63],
							"uv": {
								"north": {"uv": [32, 2], "uv_size": [0.5, 0.5]},
								"south": {"uv": [4, 32], "uv_size": [0.5, 0.5]},
								"west": {"uv": [17, 14], "uv_size": [2.5, 0.5]},
								"down": {"uv": [18, 2.5], "uv_size": [0.5, -2.5]}
							}
						},
						{
							"origin": [-0.7474, 0.43337, -0.98437],
							"size": [0.125, 0.17677, 0.3125],
							"pivot": [0.0026, 0.92447, -1.98437],
							"rotation": [0, 0, 45],
							"uv": {
								"north": {"uv": [32, 4], "uv_size": [0.5, 0.5]},
								"east": {"uv": [6, 32], "uv_size": [0.5, 0.5]},
								"south": {"uv": [32, 6], "uv_size": [0.5, 0.5]}
							}
						},
						{
							"origin": [-0.875, 0.61121, -0.98437],
							"size": [0.125, 0.49632, 0.3125],
							"uv": {
								"north": {"uv": [8, 32], "uv_size": [0.5, 0.5]},
								"east": {"uv": [32, 8], "uv_size": [0.5, 0.5]},
								"south": {"uv": [10, 32], "uv_size": [0.5, 0.5]},
								"down": {"uv": [32, 10.5], "uv_size": [0.5, -0.5]}
							}
						},
						{
							"origin": [-0.375, 0.04688, -2.71874],
							"size": [0.75, 0.125, 2.04687],
							"uv": {
								"north": {"uv": [21, 22], "uv_size": [1, 0.5]},
								"south": {"uv": [23, 12], "uv_size": [1, 0.5]},
								"up": {"uv": [0, 4], "uv_size": [1, 2]},
								"down": {"uv": [4, 2], "uv_size": [1, -2]}
							}
						},
						{
							"origin": [-0.75, -0.26562, -3.29687],
							"size": [0.375, 0.4375, 2.625],
							"uv": {
								"north": {"uv": [12, 32], "uv_size": [0.5, 0.5]},
								"east": {"uv": [10, 18], "uv_size": [2.5, 0.5]},
								"south": {"uv": [14, 32], "uv_size": [0.5, 0.5]},
								"west": {"uv": [14, 18], "uv_size": [2.5, 0.5]},
								"down": {"uv": [18, 18.5], "uv_size": [0.5, -2.5]}
							}
						},
						{
							"origin": [0.375, -0.26562, -3.28905],
							"size": [0.23437, 0.625, 0.94531],
							"uv": {
								"north": {"uv": [16, 32], "uv_size": [0.5, 0.5]},
								"east": {"uv": [23, 14], "uv_size": [1, 0.5]},
								"west": {"uv": [23, 16], "uv_size": [1, 0.5]},
								"up": {"uv": [23, 18], "uv_size": [0.5, 1]},
								"down": {"uv": [23, 21], "uv_size": [0.5, -1]}
							}
						},
						{
							"origin": [0.375, -0.26562, -1.04687],
							"size": [0.23437, 0.625, 0.375],
							"uv": {
								"north": {"uv": [18, 32], "uv_size": [0.5, 0.5]},
								"east": {"uv": [20, 32], "uv_size": [0.5, 0.5]},
								"south": {"uv": [22, 32], "uv_size": [0.5, 0.5]},
								"west": {"uv": [24, 32], "uv_size": [0.5, 0.5]},
								"up": {"uv": [32, 24], "uv_size": [0.5, 0.5]},
								"down": {"uv": [26, 32.5], "uv_size": [0.5, -0.5]}
							}
						},
						{
							"origin": [0.375, -0.26562, -2.34375],
							"size": [0.23437, 0.4375, 1.29687],
							"uv": {
								"east": {"uv": [19, 6], "uv_size": [1.5, 0.5]},
								"west": {"uv": [19, 8], "uv_size": [1.5, 0.5]},
								"up": {"uv": [19, 10], "uv_size": [0.5, 1.5]},
								"down": {"uv": [20, 1.5], "uv_size": [0.5, -1.5]}
							}
						},
						{
							"origin": [0.375, 0.90344, -1.10395],
							"size": [0.23437, 0.3125, 0.1875],
							"pivot": [0, 0.71875, -2.10937],
							"rotation": [-45, 0, 0],
							"uv": {
								"north": {"uv": [32, 26], "uv_size": [0.5, 0.5]},
								"east": {"uv": [28, 32], "uv_size": [0.5, 0.5]},
								"west": {"uv": [32, 28], "uv_size": [0.5, 0.5]}
							}
						},
						{
							"origin": [0.375, -0.22006, -1.8837],
							"size": [0.23437, 0.1875, 0.3125],
							"pivot": [0, 0.71875, -1.64062],
							"rotation": [-45, 0, 0],
							"uv": {
								"east": {"uv": [30, 32], "uv_size": [0.5, 0.5]},
								"west": {"uv": [32, 30], "uv_size": [0.5, 0.5]},
								"up": {"uv": [32, 32], "uv_size": [0.5, 0.5]}
							}
						},
						{
							"origin": [-0.83594, -0.25, -1.76516],
							"size": [1.53906, 0.375, 0.15533],
							"pivot": [0.77344, -0.0625, -1.6875],
							"rotation": [22.5, 0, 0],
							"uv": {
								"east": {"uv": [2, 33], "uv_size": [0.5, 0.5]},
								"west": {"uv": [33, 12], "uv_size": [0.5, 0.5]},
								"up": {"uv": [2, 20], "uv_size": [1.5, 0.5]},
								"down": {"uv": [5, 20.5], "uv_size": [1.5, -0.5]}
							}
						},
						{
							"origin": [-0.83594, -0.14016, -1.875],
							"size": [1.53906, 0.15533, 0.375],
							"pivot": [0.77344, -0.0625, -1.6875],
							"rotation": [-22.5, 0, 0],
							"uv": {
								"north": {"uv": [8, 20], "uv_size": [1.5, 0.5]},
								"east": {"uv": [33, 14], "uv_size": [0.5, 0.5]},
								"south": {"uv": [11, 20], "uv_size": [1.5, 0.5]},
								"west": {"uv": [33, 16], "uv_size": [0.5, 0.5]}
							}
						},
						{
							"origin": [-0.83594, -0.14016, -1.875],
							"size": [1.53906, 0.15533, 0.375],
							"pivot": [0.77344, -0.0625, -1.6875],
							"rotation": [22.5, 0, 0],
							"uv": {
								"north": {"uv": [14, 20], "uv_size": [1.5, 0.5]},
								"east": {"uv": [33, 18], "uv_size": [0.5, 0.5]},
								"south": {"uv": [20, 16], "uv_size": [1.5, 0.5]},
								"west": {"uv": [33, 20], "uv_size": [0.5, 0.5]}
							}
						},
						{
							"origin": [-0.83594, -0.25, -1.76516],
							"size": [1.53906, 0.375, 0.15533],
							"pivot": [0.77344, -0.0625, -1.6875],
							"rotation": [-22.5, 0, 0],
							"uv": {
								"east": {"uv": [33, 22], "uv_size": [0.5, 0.5]},
								"west": {"uv": [0, 34], "uv_size": [0.5, 0.5]},
								"up": {"uv": [17, 20], "uv_size": [1.5, 0.5]},
								"down": {"uv": [20, 18.5], "uv_size": [1.5, -0.5]}
							}
						},
						{
							"origin": [-0.10485, 1.57813, -1.44063],
							"size": [0.2097, 0.35313, 0.50625],
							"pivot": [0, 1.71875, -1.1875],
							"rotation": [0, -45, 0],
							"uv": {
								"north": {"uv": [34, 0], "uv_size": [0.5, 0.5]},
								"south": {"uv": [34, 2], "uv_size": [0.5, 0.5]},
								"up": {"uv": [4, 34], "uv_size": [0.5, 0.5]},
								"down": {"uv": [34, 4.5], "uv_size": [0.5, -0.5]}
							}
						},
						{
							"origin": [-0.10485, 1.57813, -1.44063],
							"size": [0.2097, 0.35313, 0.50625],
							"uv": {
								"north": {"uv": [6, 34], "uv_size": [0.5, 0.5]},
								"south": {"uv": [34, 6], "uv_size": [0.5, 0.5]},
								"up": {"uv": [8, 34], "uv_size": [0.5, 0.5]}
							}
						},
						{
							"origin": [-0.25313, 1.57813, -1.29236],
							"size": [0.50625, 0.35313, 0.20971],
							"pivot": [0, 1.71875, -1.1875],
							"rotation": [0, -45, 0],
							"uv": {
								"east": {"uv": [34, 8], "uv_size": [0.5, 0.5]},
								"west": {"uv": [10, 34], "uv_size": [0.5, 0.5]},
								"up": {"uv": [34, 10], "uv_size": [0.5, 0.5]},
								"down": {"uv": [12, 34.5], "uv_size": [0.5, -0.5]}
							}
						},
						{
							"origin": [-0.25313, 1.57813, -1.29236],
							"size": [0.50625, 0.35313, 0.20971],
							"uv": {
								"east": {"uv": [14, 34], "uv_size": [0.5, 0.5]},
								"west": {"uv": [16, 34], "uv_size": [0.5, 0.5]},
								"up": {"uv": [18, 34], "uv_size": [0.5, 0.5]}
							}
						},
						{
							"origin": [-0.84375, 0.625, -1.39654],
							"size": [0.13125, 0.48124, 0.19934],
							"uv": {
								"east": {"uv": [20, 34], "uv_size": [0.5, 0.5]},
								"west": {"uv": [22, 34], "uv_size": [0.5, 0.5]},
								"up": {"uv": [24, 34], "uv_size": [0.5, 0.5]},
								"down": {"uv": [34, 24.5], "uv_size": [0.5, -0.5]}
							}
						},
						{
							"origin": [-0.84375, 0.625, -1.39654],
							"size": [0.13125, 0.48124, 0.19934],
							"pivot": [-0.82188, 0.86562, -1.29687],
							"rotation": [45, 0, 0],
							"uv": {
								"east": {"uv": [26, 34], "uv_size": [0.5, 0.5]},
								"west": {"uv": [34, 26], "uv_size": [0.5, 0.5]},
								"up": {"uv": [28, 34], "uv_size": [0.5, 0.5]},
								"down": {"uv": [34, 28.5], "uv_size": [0.5, -0.5]}
							}
						},
						{
							"origin": [-0.84375, 0.76596, -1.53749],
							"size": [0.13125, 0.19934, 0.48125],
							"uv": {
								"north": {"uv": [30, 34], "uv_size": [0.5, 0.5]},
								"east": {"uv": [34, 30], "uv_size": [0.5, 0.5]},
								"south": {"uv": [32, 34], "uv_size": [0.5, 0.5]}
							}
						},
						{
							"origin": [-0.84375, 0.76596, -1.53749],
							"size": [0.13125, 0.19934, 0.48125],
							"pivot": [-0.82188, 0.86562, -1.29687],
							"rotation": [45, 0, 0],
							"uv": {
								"north": {"uv": [34, 32], "uv_size": [0.5, 0.5]},
								"east": {"uv": [34, 34], "uv_size": [0.5, 0.5]},
								"south": {"uv": [2, 35], "uv_size": [0.5, 0.5]},
								"west": {"uv": [35, 12], "uv_size": [0.5, 0.5]}
							}
						},
						{
							"origin": [-1.03125, 0.63711, -3.17187],
							"size": [0.28125, 0.56954, 1.375],
							"pivot": [-0.96875, 0.92188, -2.48437],
							"rotation": [-22.5, 0, 0],
							"uv": {
								"north": {"uv": [35, 14], "uv_size": [0.5, 0.5]},
								"east": {"uv": [20, 20], "uv_size": [1.5, 0.5]},
								"south": {"uv": [35, 16], "uv_size": [0.5, 0.5]},
								"west": {"uv": [21, 3], "uv_size": [1.5, 0.5]}
							}
						},
						{
							"origin": [-1.03125, 0.63711, -3.17187],
							"size": [0.28125, 0.56954, 1.375],
							"pivot": [-0.96875, 0.92188, -2.48437],
							"rotation": [22.5, 0, 0],
							"uv": {
								"north": {"uv": [35, 18], "uv_size": [0.5, 0.5]},
								"east": {"uv": [21, 10], "uv_size": [1.5, 0.5]},
								"south": {"uv": [35, 20], "uv_size": [0.5, 0.5]}
							}
						},
						{
							"origin": [-1.03125, 0.23438, -2.76914],
							"size": [0.28125, 1.375, 0.56954],
							"pivot": [-0.96875, 0.92188, -2.48437],
							"rotation": [-22.5, 0, 0],
							"uv": {
								"east": {"uv": [0, 21], "uv_size": [0.5, 1.5]},
								"west": {"uv": [21, 12], "uv_size": [0.5, 1.5]},
								"up": {"uv": [35, 22], "uv_size": [0.5, 0.5]},
								"down": {"uv": [0, 36.5], "uv_size": [0.5, -0.5]}
							}
						},
						{
							"origin": [-1.03125, 0.23438, -2.76914],
							"size": [0.28125, 1.375, 0.56954],
							"pivot": [-0.96875, 0.92188, -2.48437],
							"rotation": [22.5, 0, 0],
							"uv": {
								"east": {"uv": [22, 0], "uv_size": [0.5, 1.5]},
								"west": {"uv": [2, 22], "uv_size": [0.5, 1.5]},
								"up": {"uv": [36, 0], "uv_size": [0.5, 0.5]},
								"down": {"uv": [36, 2.5], "uv_size": [0.5, -0.5]}
							}
						},
						{
							"origin": [-0.6875, 0.79336, -3.92187],
							"size": [0.075, 0.25704, 3.6875],
							"pivot": [0, 0.92188, -2.07812],
							"rotation": [0, 0, -22.5],
							"uv": {
								"north": {"uv": [4, 36], "uv_size": [0.5, 0.5]},
								"south": {"uv": [36, 4], "uv_size": [0.5, 0.5]},
								"west": {"uv": [2, 4], "uv_size": [3.5, 0.5]}
							}
						},
						{
							"origin": [-0.12852, 0.23438, -3.92187],
							"size": [0.25704, 0.075, 3.6875],
							"pivot": [0, 0.92188, -2.07812],
							"rotation": [0, 0, 22.5],
							"uv": {
								"north": {"uv": [6, 36], "uv_size": [0.5, 0.5]},
								"south": {"uv": [36, 6], "uv_size": [0.5, 0.5]},
								"up": {"uv": [2, 6], "uv_size": [0.5, 3.5]}
							}
						},
						{
							"origin": [0.6125, 0.79336, -3.92187],
							"size": [0.075, 0.25704, 3.6875],
							"pivot": [0, 0.92188, -2.07812],
							"rotation": [0, 0, -22.5],
							"uv": {
								"north": {"uv": [8, 36], "uv_size": [0.5, 0.5]},
								"east": {"uv": [6, 0], "uv_size": [3.5, 0.5]},
								"south": {"uv": [36, 8], "uv_size": [0.5, 0.5]}
							}
						},
						{
							"origin": [-0.12852, 1.53438, -3.92187],
							"size": [0.25704, 0.075, 3.6875],
							"pivot": [0, 0.92188, -2.07812],
							"rotation": [0, 0, 22.5],
							"uv": {
								"north": {"uv": [10, 36], "uv_size": [0.5, 0.5]},
								"south": {"uv": [36, 10], "uv_size": [0.5, 0.5]},
								"down": {"uv": [4, 9.5], "uv_size": [0.5, -3.5]}
							}
						},
						{
							"origin": [-0.12852, 0.23438, -3.92187],
							"size": [0.25704, 0.075, 3.6875],
							"pivot": [0, 0.92188, -2.07812],
							"rotation": [0, 0, -22.5],
							"uv": {
								"north": {"uv": [12, 36], "uv_size": [0.5, 0.5]},
								"south": {"uv": [14, 36], "uv_size": [0.5, 0.5]},
								"up": {"uv": [6, 6], "uv_size": [0.5, 3.5]}
							}
						},
						{
							"origin": [0.6125, 0.79336, -3.92187],
							"size": [0.075, 0.25704, 3.6875],
							"pivot": [0, 0.92188, -2.07812],
							"rotation": [0, 0, 22.5],
							"uv": {
								"north": {"uv": [16, 36], "uv_size": [0.5, 0.5]},
								"east": {"uv": [6, 2], "uv_size": [3.5, 0.5]},
								"south": {"uv": [18, 36], "uv_size": [0.5, 0.5]}
							}
						},
						{
							"origin": [-0.12852, 1.53438, -3.92187],
							"size": [0.25704, 0.075, 3.6875],
							"pivot": [0, 0.92188, -2.07812],
							"rotation": [0, 0, -22.5],
							"uv": {
								"north": {"uv": [20, 36], "uv_size": [0.5, 0.5]},
								"south": {"uv": [22, 36], "uv_size": [0.5, 0.5]},
								"down": {"uv": [0, 10.5], "uv_size": [0.5, -3.5]}
							}
						},
						{
							"origin": [-0.6875, 0.79336, -3.92187],
							"size": [0.075, 0.25704, 3.6875],
							"pivot": [0, 0.92188, -2.07812],
							"rotation": [0, 0, 22.5],
							"uv": {
								"north": {"uv": [24, 36], "uv_size": [0.5, 0.5]},
								"south": {"uv": [36, 24], "uv_size": [0.5, 0.5]},
								"west": {"uv": [7, 4], "uv_size": [3.5, 0.5]}
							}
						},
						{
							"origin": [-0.28477, 0.23438, -3.92187],
							"size": [0.56954, 0.075, 3.6875],
							"pivot": [0, 0.92188, -1.98437],
							"rotation": [0, 0, 45],
							"uv": {
								"north": {"uv": [26, 36], "uv_size": [0.5, 0.5]},
								"south": {"uv": [36, 26], "uv_size": [0.5, 0.5]},
								"up": {"uv": [8, 6], "uv_size": [0.5, 3.5]},
								"down": {"uv": [10, 9.5], "uv_size": [0.5, -3.5]}
							}
						},
						{
							"origin": [-0.28477, 0.23438, -3.92187],
							"size": [0.56954, 0.075, 3.6875],
							"uv": {
								"north": {"uv": [28, 36], "uv_size": [0.5, 0.5]},
								"south": {"uv": [36, 28], "uv_size": [0.5, 0.5]},
								"up": {"uv": [2, 11], "uv_size": [0.5, 3.5]},
								"down": {"uv": [4, 14.5], "uv_size": [0.5, -3.5]}
							}
						},
						{
							"origin": [-0.28477, 1.53438, -3.92187],
							"size": [0.56954, 0.075, 3.6875],
							"pivot": [0, 0.92188, -1.98437],
							"rotation": [0, 0, 45],
							"uv": {
								"north": {"uv": [30, 36], "uv_size": [0.5, 0.5]},
								"south": {"uv": [36, 30], "uv_size": [0.5, 0.5]},
								"up": {"uv": [6, 11], "uv_size": [0.5, 3.5]},
								"down": {"uv": [8, 14.5], "uv_size": [0.5, -3.5]}
							}
						},
						{
							"origin": [-0.28477, 1.53438, -3.92187],
							"size": [0.56954, 0.075, 3.6875],
							"uv": {
								"north": {"uv": [32, 36], "uv_size": [0.5, 0.5]},
								"south": {"uv": [36, 32], "uv_size": [0.5, 0.5]},
								"up": {"uv": [10, 11], "uv_size": [0.5, 3.5]},
								"down": {"uv": [0, 15.5], "uv_size": [0.5, -3.5]}
							}
						},
						{
							"origin": [0.6125, 0.63711, -3.92187],
							"size": [0.075, 0.56954, 3.6875],
							"pivot": [0, 0.92188, -1.98437],
							"rotation": [0, 0, 45],
							"uv": {
								"north": {"uv": [34, 36], "uv_size": [0.5, 0.5]},
								"east": {"uv": [11, 0], "uv_size": [3.5, 0.5]},
								"south": {"uv": [36, 34], "uv_size": [0.5, 0.5]},
								"west": {"uv": [11, 2], "uv_size": [3.5, 0.5]}
							}
						},
						{
							"origin": [0.6125, 0.63711, -3.92187],
							"size": [0.075, 0.56954, 3.6875],
							"uv": {
								"north": {"uv": [36, 36], "uv_size": [0.5, 0.5]},
								"east": {"uv": [12, 4], "uv_size": [3.5, 0.5]},
								"south": {"uv": [2, 37], "uv_size": [0.5, 0.5]},
								"west": {"uv": [12, 6], "uv_size": [3.5, 0.5]}
							}
						},
						{
							"origin": [-0.6875, 0.63711, -3.92187],
							"size": [0.075, 0.56954, 3.6875],
							"pivot": [0, 0.92188, -1.98437],
							"rotation": [0, 0, 45],
							"uv": {
								"north": {"uv": [37, 12], "uv_size": [0.5, 0.5]},
								"east": {"uv": [12, 8], "uv_size": [3.5, 0.5]},
								"south": {"uv": [37, 14], "uv_size": [0.5, 0.5]},
								"west": {"uv": [12, 10], "uv_size": [3.5, 0.5]}
							}
						},
						{
							"origin": [-0.6875, 0.63711, -3.92187],
							"size": [0.075, 0.56954, 3.6875],
							"uv": {
								"north": {"uv": [37, 16], "uv_size": [0.5, 0.5]},
								"east": {"uv": [12, 12], "uv_size": [3.5, 0.5]},
								"south": {"uv": [37, 18], "uv_size": [0.5, 0.5]},
								"west": {"uv": [12, 14], "uv_size": [3.5, 0.5]}
							}
						}
					]
				},
				{
					"name": "knobs",
					"parent": "scope_body",
					"pivot": [0, 19.7, 0]
				},
				{
					"name": "octagon3",
					"parent": "knobs",
					"pivot": [0, 19.7, 0]
				},
				{
					"name": "octagon",
					"parent": "knobs",
					"pivot": [0, 19.7, 0]
				},
				{
					"name": "screws",
					"parent": "scope_body",
					"pivot": [0, 19.65581, 1.25]
				},
				{
					"name": "bone_illuminated",
					"parent": "scope_body",
					"pivot": [0, 20.7, 0],
					"cubes": [
						{
							"origin": [0.75, 0.6875, -2.98437],
							"size": [0.001, 0.5, 2],
							"uv": {
								"north": {"uv": [4, 38], "uv_size": [0, 0.5]},
								"south": {"uv": [38, 4], "uv_size": [0, 0.5]},
								"west": {"uv": [0, 44.5], "uv_size": [64, 16]},
								"up": {"uv": [5, 38], "uv_size": [0, 1.5]},
								"down": {"uv": [6, 39.5], "uv_size": [0, -1.5]}
							}
						},
						{
							"origin": [-1.04, 0.46, -2.99],
							"size": [0, 1, 1],
							"uv": {
								"north": {"uv": [44, 6], "uv_size": [0, 0]},
								"east": {"uv": [39, 2.5], "uv_size": [25, 25]},
								"south": {"uv": [47, 4], "uv_size": [0, 0]},
								"west": {"uv": [44, 0], "uv_size": [0, 0]},
								"up": {"uv": [52, 0], "uv_size": [0, 0]},
								"down": {"uv": [64, 0], "uv_size": [0, 0]}
							}
						},
						{
							"origin": [0.699, 0.6875, -2.98437],
							"size": [0.001, 0.5, 2],
							"pivot": [0, 1, 0],
							"rotation": [0, 0, -45],
							"uv": {
								"north": {"uv": [4, 38], "uv_size": [0, 0.5]},
								"south": {"uv": [38, 4], "uv_size": [0, 0.5]},
								"west": {"uv": [44, 32.5], "uv_size": [19.5, 12]},
								"up": {"uv": [5, 38], "uv_size": [0, 1.5]},
								"down": {"uv": [6, 39.5], "uv_size": [0, -1.5]}
							}
						}
					]
				},
				{
					"name": "division",
					"pivot": [0.05, 0.95, -55]
				},
				{
					"name": "division_illuminated",
					"parent": "division",
					"pivot": [0.05, 1.05, -55]
				},
				{
					"name": "ocular",
					"pivot": [0, 2.125, 0.9625],
					"cubes": [
						{
							"origin": [-0.36076, 0.27427, -0.4815],
							"size": [0.73401, 1.27491, 0.02463],
							"uv": {
								"south": {"uv": [22, 5], "uv_size": [0.5, 1.5]}
							}
						},
						{
							"origin": [0.35799, 0.49302, -0.4815],
							"size": [0.26526, 0.80616, 0.02463],
							"uv": {
								"south": {"uv": [23, 22], "uv_size": [0.5, 1]}
							}
						},
						{
							"origin": [-0.62638, 0.49302, -0.4815],
							"size": [0.28088, 0.80616, 0.02463],
							"uv": {
								"south": {"uv": [0, 24], "uv_size": [0.5, 1]}
							}
						},
						{
							"origin": [0.35799, 0.41489, -0.4815],
							"size": [0.20276, 0.08741, 0.02463],
							"uv": {
								"south": {"uv": [37, 22], "uv_size": [0.5, 0.5]}
							}
						},
						{
							"origin": [-0.54826, 0.39927, -0.4815],
							"size": [0.18713, 0.10304, 0.02463],
							"uv": {
								"south": {"uv": [0, 38], "uv_size": [0.5, 0.5]}
							}
						},
						{
							"origin": [0.35799, 1.27427, -0.4815],
							"size": [0.17151, 0.14991, 0.02463],
							"uv": {
								"south": {"uv": [38, 0], "uv_size": [0.5, 0.5]}
							}
						},
						{
							"origin": [-0.51701, 1.27427, -0.4815],
							"size": [0.17151, 0.14991, 0.02463],
							"uv": {
								"south": {"uv": [38, 2], "uv_size": [0.5, 0.5]}
							}
						}
					]
				},
				{
					"name": "scope_view",
					"pivot": [0, 0.95, 10]
				}
			]
		}
	]
}