{
  "slot": "arip:attachment/slot/sight_eotech_hhs8_nozoom",
  "model": "arip:attachment/sight_eotech_hhs8_nozoom_geo",
  "texture": "arip:attachment/uv/sight_eotech_hhs8_nozoom",
  "lod": {
    "model": "arip:attachment/lod/sight_eotech_hhs8_lod",
    "texture": "arip:attachment/lod/sight_eotech_hhs8_lod"
  },
  "zoom": [
    1.2
  ],
  "scope": false,
  "sight": true,
  "fov": 70.0,
  "sounds": {
    "install": "tacz:attachments/scope_general_b",
    "uninstall": "tacz:attachments/scope_general_b"
  }
}