{
  "model": "zxgy:gun/g17_fs_geo",
  "texture": "zxgy:gun/uv/g17_fs_geo",
  "lod": {
    "model": "zxgy:gun/lod/g17_fs_lod",
    "texture": "zxgy:gun/lod/g17_fs_lod"
  },
  "hud": "zxgy:gun/hud/g17_fs_hud",
  "slot": "zxgy:gun/slot/g17_fs_slot",
  "animation": "zxgy:g17_fs",
  "use_default_animation": "pistol",
  "player_animator_3rd": "tacz:pistol_default.player_animation",
  "transform": {
    "scale": {
      "thirdperson": [0.6, 0.6, 0.6],
      "ground": [0.6, 0.6, 0.6],
      "fixed": [1.2, 1.2, 1.2]
    }
  },
  "shell": {
    "initial_velocity": [8.0, 5.0, -0.5],
    "random_velocity": [2.5, 1.5, 0.25],
    "acceleration": [0.0, -20, 0.0],
    "angular_velocity": [360, -720, 90],
    "living_time": 1.0
  },
  "muzzle_flash": {
    "texture": "zxgy:flash/muzzle_flash",
    "scale": 0.4
  },
  "sounds": {
    "reload_empty": "tacz:glock_17/glock17_reload_empty",
    "reload_tactical": "tacz:glock_17/glock17_reload_tactical",
    "inspect": "tacz:glock_17/glock17_inspect",
    "inspect_empty": "tacz:glock_17/glock17_inspect_empty",
    "draw": "zxgy:g17_fs/g17_fs_draw",
    "shoot": "zxgy:g17_fs/g17_fs_shoot",
    "shoot_3p": "tacz:glock_17/glock17_shoot_3p",
    "silence": "zxgy:g17_fs/g17_fs_silence",
    "silence_3p": "tacz:glock_17/glock17_silence_3p"
,    "dry_fire": "zxgy:g17_fs/g17_fs1"  },
  "offhand_show": {
    "pos": [4, 13, -1],
    "rotate": [-90, -35, 90],
    "scale": [0.5, 0.5, 0.5]
  },
  "hotbar_show": {
    "0": {
      "pos": [-5, 13, -1],
      "rotate": [-90, -35, 90],
      "scale": [0.5, 0.5, 0.5]
    }
  }
}