{
    "model": "helldiver2:gun/sg225_breaker_geo",
    "texture": "helldiver2:gun/uv/sg225_breaker",
    "lod": {
        "model": "helldiver2:gun/lod/sg225_breaker_lod",
        "texture": "helldiver2:gun/lod/sg225_breaker_lod"
    },
    "slot": "helldiver2:gun/slot/sg225_breaker",
    "animation": "helldiver2:sg225_breaker",
    "use_default_animation": "rifle",
    "hud": "helldiver2:gun/hud/sg225_breaker",
    "muzzle_flash": {
        "texture": "tacz:flash/common_muzzle_flash",
        "scale": 1
    },
    "shell": {
        "initial_velocity": [5, 2, 1],
        "random_velocity": [1, 1, 0.25],
        "acceleration": [0.0, -10, 0.0],
        "angular_velocity": [360, -1200, 90],
        "living_time": 1.0
    },
    "sounds": {
        "draw": "helldiver2:sg225_breaker/sg225_breaker_draw",
        "dry_fire": "helldiver2:sg225_breaker/sg225_breaker_dry_fire",
        "shoot": "helldiver2:sg225_breaker/sg225_breaker_shoot",
        "reload_empty": "helldiver2:sg225_breaker/sg225_breaker_reload_empty",
        "reload_tactical": "helldiver2:sg225_breaker/sg225_breaker_reload_tactical",
        "inspect": "helldiver2:sg225_breaker/sg225_breaker_inspect",
        "inspect_empty": "helldiver2:sg225_breaker/sg225_breaker_inspect_empty",
        "put_away": "helldiver2:sg225_breaker/sg225_breaker_put_away"
    },
    "transform": {
        "scale": {
            "thirdperson": [
                0.6,
                0.6,
                0.6
            ],
            "ground": [
                0.6,
                0.6,
                0.6
            ],
            "fixed": [
                1.0,
                1.0,
                1.0
            ]
        }
    },
    "third_person_animation": "default"
}