{
	"format_version": "1.12.0",
	"minecraft:geometry": [
		{
			"description": {
				"identifier": "geometry.muzzle_silence_phantom_s1",
				"texture_width": 16,
				"texture_height": 16,
				"visible_bounds_width": 2,
				"visible_bounds_height": 1.5,
				"visible_bounds_offset": [0, 0, 0]
			},
			"bones": [
				{
					"name": "bone",
					"pivot": [0, 0, -3],
					"rotation": [0, 0, 0.5]
				},
				{
					"name": "mk18_mod1_muzzle_silencer",
					"parent": "bone",
					"pivot": [-7.9932, 7.46821, 10]
				},
				{
					"name": "m4_default",
					"parent": "mk18_mod1_muzzle_silencer",
					"pivot": [-7.9932, 7.46821, 10]
				},
				{
					"name": "pull",
					"parent": "m4_default",
					"pivot": [-7.9932, 15.10884, 18.95313]
				},
				{
					"name": "pull2",
					"parent": "pull",
					"pivot": [-7.97489, 8.23656, 9.99608]
				},
				{
					"name": "body_rail",
					"parent": "m4_default",
					"pivot": [-7.90037, 9.83772, 2.40625]
				},
				{
					"name": "buffer",
					"parent": "m4_default",
					"pivot": [-8.01183, 9.51442, 7.59979]
				},
				{
					"name": "octagon",
					"parent": "buffer",
					"pivot": [-7.9932, 7.46821, 10]
				},
				{
					"name": "octagon2",
					"parent": "buffer",
					"pivot": [-7.9932, 7.46821, 10]
				},
				{
					"name": "barrel",
					"parent": "m4_default",
					"pivot": [-7.9932, 12.96821, 0.5]
				},
				{
					"name": "octagon3",
					"parent": "barrel",
					"pivot": [-7.9932, 7.46821, 10]
				},
				{
					"name": "body",
					"parent": "m4_default",
					"pivot": [0.0068, -0.53179, 1.8125]
				},
				{
					"name": "upper",
					"parent": "body",
					"pivot": [-7.97489, 8.50219, 9.80858]
				},
				{
					"name": "group",
					"parent": "upper",
					"pivot": [-8.87917, 9.21982, 14.52344]
				},
				{
					"name": "lower",
					"parent": "body",
					"pivot": [-7.97489, 8.12719, 9.55858]
				},
				{
					"name": "cap",
					"parent": "body",
					"pivot": [-7.80302, 8.29906, 9.99608]
				},
				{
					"name": "deco",
					"parent": "body",
					"pivot": [-7.9932, 7.82759, 19.57813]
				},
				{
					"name": "group2",
					"parent": "deco",
					"pivot": [-7.9932, 6.82759, 17.14063]
				},
				{
					"name": "light_part",
					"parent": "deco",
					"pivot": [-7.97489, 8.23656, 9.99608]
				},
				{
					"name": "group3",
					"parent": "light_part",
					"pivot": [-7.97489, 8.23656, 9.99608]
				},
				{
					"name": "group4",
					"parent": "light_part",
					"pivot": [-7.97489, 8.23656, 9.99608]
				},
				{
					"name": "grip",
					"parent": "m4_default",
					"pivot": [0.0068, -0.53179, 1.8125]
				},
				{
					"name": "mk18_hg",
					"parent": "m4_default",
					"pivot": [-7.9932, 7.46821, 10]
				},
				{
					"name": "screws",
					"parent": "mk18_hg",
					"pivot": [-7.27445, 9.73384, 9.25]
				},
				{
					"name": "group5",
					"parent": "mk18_hg",
					"pivot": [-7.9932, 7.46821, 10]
				},
				{
					"name": "octagon4",
					"parent": "group5",
					"pivot": [-7.9932, 7.46821, 10]
				},
				{
					"name": "octagon5",
					"parent": "group5",
					"pivot": [-7.9932, 7.46821, 10]
				},
				{
					"name": "octagon6",
					"parent": "group5",
					"pivot": [-7.9932, 7.46821, 10]
				},
				{
					"name": "octagon7",
					"parent": "group5",
					"pivot": [-7.9932, 7.46821, 10]
				},
				{
					"name": "octagon8",
					"parent": "group5",
					"pivot": [-7.9932, 7.46821, 10]
				},
				{
					"name": "group6",
					"parent": "mk18_hg",
					"pivot": [-7.9932, 7.46821, 10]
				},
				{
					"name": "rail",
					"parent": "group6",
					"pivot": [-10.28628, 8.64388, -0.75]
				},
				{
					"name": "rail2",
					"parent": "group6",
					"pivot": [-10.28628, 8.64388, -0.75]
				},
				{
					"name": "rail3",
					"parent": "group6",
					"pivot": [-9.11441, 8.64388, -0.75]
				},
				{
					"name": "rail4",
					"parent": "group6",
					"pivot": [-9.11441, 8.64388, -0.75]
				},
				{
					"name": "hg",
					"parent": "group6",
					"pivot": [-9.28647, 10.30836, 2.5]
				},
				{
					"name": "gas_tube",
					"parent": "mk18_hg",
					"pivot": [-7.9932, 9.59321, -5.07812]
				},
				{
					"name": "mb",
					"parent": "mk18_mod1_muzzle_silencer",
					"pivot": [-7.9932, 7.46821, 10]
				},
				{
					"name": "magazine",
					"parent": "mb",
					"pivot": [-7.9932, 3.24144, 6.01603]
				},
				{
					"name": "extdmagb",
					"parent": "mk18_mod1_muzzle_silencer",
					"pivot": [-7.9932, 7.46821, 10]
				},
				{
					"name": "extend_magazine",
					"parent": "extdmagb",
					"pivot": [-7.9932, 3.24144, 6.01603]
				},
				{
					"name": "muzzle_default",
					"parent": "mk18_mod1_muzzle_silencer",
					"pivot": [-7.97489, 8.61156, 9.74608]
				},
				{
					"name": "silencer",
					"parent": "mk18_mod1_muzzle_silencer",
					"pivot": [-7.9932, 7.46821, 10]
				},
				{
					"name": "octagon9",
					"parent": "silencer",
					"pivot": [-7.9932, 7.46821, 10],
					"cubes": [
						{
							"origin": [-0.32975, -0.79741, 2.5],
							"size": [0.6731, 0.5625, 0.5],
							"pivot": [0.0068, 0.01509, 0.75],
							"rotation": [0, 0, 45],
							"uv": {
								"up": {"uv": [0, 8], "uv_size": [1, 1]},
								"down": {"uv": [8, 8], "uv_size": [1, -1]}
							}
						},
						{
							"origin": [-0.32975, -0.79741, 2.5],
							"size": [0.6731, 0.5625, 0.5],
							"uv": {
								"up": {"uv": [0, 9], "uv_size": [1, 1]},
								"down": {"uv": [1, 10], "uv_size": [1, -1]}
							}
						},
						{
							"origin": [-0.32975, 0.26509, 2.5],
							"size": [0.6731, 0.5625, 0.5],
							"pivot": [0.0068, 0.01509, 0.75],
							"rotation": [0, 0, 45],
							"uv": {
								"up": {"uv": [8, 9], "uv_size": [1, 1]},
								"down": {"uv": [9, 10], "uv_size": [1, -1]}
							}
						},
						{
							"origin": [-0.32975, 0.26509, 2.5],
							"size": [0.6731, 0.5625, 0.5],
							"uv": {
								"up": {"uv": [9, 0], "uv_size": [1, 1]},
								"down": {"uv": [9, 8], "uv_size": [1, -1]}
							}
						},
						{
							"origin": [0.2568, -0.32147, 2.5],
							"size": [0.5625, 0.67311, 0.5],
							"pivot": [0.0068, 0.01509, 0.75],
							"rotation": [0, 0, 45],
							"uv": {
								"east": {"uv": [0, 10], "uv_size": [1, 1]},
								"west": {"uv": [1, 10], "uv_size": [1, 1]},
								"down": {"uv": [2, 11], "uv_size": [1, -1]}
							}
						},
						{
							"origin": [0.2568, -0.32147, 2.5],
							"size": [0.5625, 0.67311, 0.5],
							"uv": {
								"east": {"uv": [8, 10], "uv_size": [1, 1]},
								"west": {"uv": [9, 10], "uv_size": [1, 1]},
								"down": {"uv": [10, 11], "uv_size": [1, -1]}
							}
						},
						{
							"origin": [-0.8057, -0.32147, 2.5],
							"size": [0.5625, 0.67311, 0.5],
							"pivot": [0.0068, 0.01509, 0.75],
							"rotation": [0, 0, 45],
							"uv": {
								"east": {"uv": [10, 0], "uv_size": [1, 1]},
								"west": {"uv": [10, 1], "uv_size": [1, 1]},
								"down": {"uv": [10, 8], "uv_size": [1, -1]}
							}
						},
						{
							"origin": [-0.8057, -0.32147, 2.5],
							"size": [0.5625, 0.67311, 0.5],
							"uv": {
								"east": {"uv": [10, 9], "uv_size": [1, 1]},
								"west": {"uv": [0, 11], "uv_size": [1, 1]},
								"down": {"uv": [1, 12], "uv_size": [1, -1]}
							}
						}
					]
				},
				{
					"name": "octagon10",
					"parent": "silencer",
					"pivot": [-7.9932, 7.46821, 10],
					"cubes": [
						{
							"origin": [-0.35564, -0.85991, 3],
							"size": [0.72488, 0.625, 0.75],
							"pivot": [0.0068, 0.01509, -1.75],
							"rotation": [0, 0, 45],
							"uv": {
								"north": {"uv": [2, 11], "uv_size": [1, 1]},
								"south": {"uv": [3, 11], "uv_size": [1, 1]},
								"up": {"uv": [8, 11], "uv_size": [1, 1]},
								"down": {"uv": [9, 12], "uv_size": [1, -1]}
							}
						},
						{
							"origin": [-0.35564, -0.85991, 3],
							"size": [0.72488, 0.625, 0.75],
							"uv": {
								"north": {"uv": [10, 11], "uv_size": [1, 1]},
								"south": {"uv": [11, 11], "uv_size": [1, 1]},
								"up": {"uv": [11, 0], "uv_size": [1, 1]},
								"down": {"uv": [11, 2], "uv_size": [1, -1]}
							}
						},
						{
							"origin": [-0.35564, 0.26509, 3],
							"size": [0.72488, 0.625, 0.75],
							"pivot": [0.0068, 0.01509, -1.75],
							"rotation": [0, 0, 45],
							"uv": {
								"north": {"uv": [11, 2], "uv_size": [1, 1]},
								"south": {"uv": [11, 7], "uv_size": [1, 1]},
								"up": {"uv": [11, 9], "uv_size": [1, 1]},
								"down": {"uv": [11, 11], "uv_size": [1, -1]}
							}
						},
						{
							"origin": [-0.35564, 0.26509, 3],
							"size": [0.72488, 0.625, 0.75],
							"uv": {
								"north": {"uv": [0, 12], "uv_size": [1, 1]},
								"south": {"uv": [1, 12], "uv_size": [1, 1]},
								"up": {"uv": [2, 12], "uv_size": [1, 1]},
								"down": {"uv": [3, 13], "uv_size": [1, -1]}
							}
						},
						{
							"origin": [0.2568, -0.34735, 3],
							"size": [0.625, 0.72488, 0.75],
							"pivot": [0.0068, 0.01509, -1.75],
							"rotation": [0, 0, 45],
							"uv": {
								"north": {"uv": [4, 12], "uv_size": [1, 1]},
								"east": {"uv": [8, 12], "uv_size": [1, 1]},
								"south": {"uv": [9, 12], "uv_size": [1, 1]},
								"west": {"uv": [10, 12], "uv_size": [1, 1]}
							}
						},
						{
							"origin": [0.2568, -0.34735, 3],
							"size": [0.625, 0.72488, 0.75],
							"uv": {
								"north": {"uv": [11, 12], "uv_size": [1, 1]},
								"east": {"uv": [12, 12], "uv_size": [1, 1]},
								"south": {"uv": [12, 0], "uv_size": [1, 1]},
								"west": {"uv": [12, 1], "uv_size": [1, 1]}
							}
						},
						{
							"origin": [-0.8682, -0.34735, 3],
							"size": [0.625, 0.72488, 0.75],
							"pivot": [0.0068, 0.01509, -1.75],
							"rotation": [0, 0, 45],
							"uv": {
								"north": {"uv": [12, 2], "uv_size": [1, 1]},
								"east": {"uv": [12, 3], "uv_size": [1, 1]},
								"south": {"uv": [12, 7], "uv_size": [1, 1]},
								"west": {"uv": [12, 9], "uv_size": [1, 1]}
							}
						},
						{
							"origin": [-0.8682, -0.34735, 3],
							"size": [0.625, 0.72488, 0.75],
							"uv": {
								"north": {"uv": [12, 10], "uv_size": [1, 1]},
								"east": {"uv": [12, 11], "uv_size": [1, 1]},
								"south": {"uv": [0, 13], "uv_size": [1, 1]},
								"west": {"uv": [1, 13], "uv_size": [1, 1]}
							}
						}
					]
				},
				{
					"name": "octagon11",
					"parent": "silencer",
					"pivot": [-7.9932, 7.46821, 10],
					"cubes": [
						{
							"origin": [-0.32975, -0.79741, 3.75],
							"size": [0.6731, 0.5625, 0.5],
							"pivot": [0.0068, 0.01509, 2],
							"rotation": [0, 0, 45],
							"uv": {
								"south": {"uv": [2, 13], "uv_size": [1, 1]},
								"up": {"uv": [3, 13], "uv_size": [1, 1]},
								"down": {"uv": [4, 14], "uv_size": [1, -1]}
							}
						},
						{
							"origin": [-0.32975, -0.79741, 3.75],
							"size": [0.6731, 0.5625, 0.5],
							"uv": {
								"south": {"uv": [5, 13], "uv_size": [1, 1]},
								"up": {"uv": [8, 13], "uv_size": [1, 1]},
								"down": {"uv": [9, 14], "uv_size": [1, -1]}
							}
						},
						{
							"origin": [-0.32975, 0.26509, 3.75],
							"size": [0.6731, 0.5625, 0.5],
							"pivot": [0.0068, 0.01509, 2],
							"rotation": [0, 0, 45],
							"uv": {
								"south": {"uv": [10, 13], "uv_size": [1, 1]},
								"up": {"uv": [11, 13], "uv_size": [1, 1]},
								"down": {"uv": [12, 14], "uv_size": [1, -1]}
							}
						},
						{
							"origin": [-0.32975, 0.26509, 3.75],
							"size": [0.6731, 0.5625, 0.5],
							"uv": {
								"south": {"uv": [13, 13], "uv_size": [1, 1]},
								"up": {"uv": [13, 0], "uv_size": [1, 1]},
								"down": {"uv": [13, 2], "uv_size": [1, -1]}
							}
						},
						{
							"origin": [0.2568, -0.32147, 3.75],
							"size": [0.5625, 0.67311, 0.5],
							"pivot": [0.0068, 0.01509, 2],
							"rotation": [0, 0, 45],
							"uv": {
								"east": {"uv": [13, 2], "uv_size": [1, 1]},
								"south": {"uv": [13, 3], "uv_size": [1, 1]},
								"west": {"uv": [13, 4], "uv_size": [1, 1]},
								"down": {"uv": [13, 8], "uv_size": [1, -1]}
							}
						},
						{
							"origin": [0.2568, -0.32147, 3.75],
							"size": [0.5625, 0.67311, 0.5],
							"uv": {
								"east": {"uv": [13, 9], "uv_size": [1, 1]},
								"south": {"uv": [13, 10], "uv_size": [1, 1]},
								"west": {"uv": [13, 11], "uv_size": [1, 1]},
								"down": {"uv": [13, 13], "uv_size": [1, -1]}
							}
						},
						{
							"origin": [-0.8057, -0.32147, 3.75],
							"size": [0.5625, 0.67311, 0.5],
							"pivot": [0.0068, 0.01509, 2],
							"rotation": [0, 0, 45],
							"uv": {
								"east": {"uv": [0, 14], "uv_size": [1, 1]},
								"south": {"uv": [1, 14], "uv_size": [1, 1]},
								"west": {"uv": [2, 14], "uv_size": [1, 1]},
								"down": {"uv": [3, 15], "uv_size": [1, -1]}
							}
						},
						{
							"origin": [-0.8057, -0.32147, 3.75],
							"size": [0.5625, 0.67311, 0.5],
							"uv": {
								"east": {"uv": [4, 14], "uv_size": [1, 1]},
								"south": {"uv": [5, 14], "uv_size": [1, 1]},
								"west": {"uv": [6, 14], "uv_size": [1, 1]},
								"down": {"uv": [8, 15], "uv_size": [1, -1]}
							}
						}
					]
				},
				{
					"name": "octagon12",
					"parent": "silencer",
					"pivot": [-7.9932, 7.46821, 10],
					"cubes": [
						{
							"origin": [-0.35564, -0.85991, -3.75],
							"size": [0.72488, 0.625, 6.25],
							"pivot": [0.0068, 0.01509, -2.75],
							"rotation": [0, 0, 45],
							"uv": {
								"north": {"uv": [9, 14], "uv_size": [1, 1]},
								"south": {"uv": [10, 14], "uv_size": [1, 1]},
								"up": {"uv": [0, 0], "uv_size": [1, 8]},
								"down": {"uv": [1, 9], "uv_size": [1, -8]}
							}
						},
						{
							"origin": [-0.35564, -0.85991, -3.75],
							"size": [0.72488, 0.625, 6.25],
							"uv": {
								"north": {"uv": [11, 14], "uv_size": [1, 1]},
								"south": {"uv": [12, 14], "uv_size": [1, 1]},
								"up": {"uv": [2, 2], "uv_size": [1, 8]},
								"down": {"uv": [3, 11], "uv_size": [1, -8]}
							}
						},
						{
							"origin": [-0.35564, 0.26509, -3.75],
							"size": [0.72488, 0.625, 6.25],
							"pivot": [0.0068, 0.01509, -2.75],
							"rotation": [0, 0, 45],
							"uv": {
								"north": {"uv": [13, 14], "uv_size": [1, 1]},
								"south": {"uv": [14, 14], "uv_size": [1, 1]},
								"up": {"uv": [4, 4], "uv_size": [1, 8]},
								"down": {"uv": [5, 13], "uv_size": [1, -8]}
							}
						},
						{
							"origin": [-0.35564, 0.26509, -3.75],
							"size": [0.72488, 0.625, 6.25],
							"uv": {
								"north": {"uv": [14, 0], "uv_size": [1, 1]},
								"south": {"uv": [14, 1], "uv_size": [1, 1]},
								"up": {"uv": [6, 6], "uv_size": [1, 8]},
								"down": {"uv": [7, 15], "uv_size": [1, -8]}
							}
						},
						{
							"origin": [0.2568, -0.34735, -3.75],
							"size": [0.625, 0.72488, 6.25],
							"pivot": [0.0068, 0.01509, -2.75],
							"rotation": [0, 0, 45],
							"uv": {
								"north": {"uv": [14, 2], "uv_size": [1, 1]},
								"east": {"uv": [1, 0], "uv_size": [8, 1]},
								"south": {"uv": [14, 3], "uv_size": [1, 1]},
								"west": {"uv": [2, 1], "uv_size": [8, 1]}
							}
						},
						{
							"origin": [0.2568, -0.34735, -3.75],
							"size": [0.625, 0.72488, 6.25],
							"uv": {
								"north": {"uv": [14, 4], "uv_size": [1, 1]},
								"east": {"uv": [3, 2], "uv_size": [8, 1]},
								"south": {"uv": [14, 5], "uv_size": [1, 1]},
								"west": {"uv": [4, 3], "uv_size": [8, 1]}
							}
						},
						{
							"origin": [-0.8682, -0.34735, -3.75],
							"size": [0.625, 0.72488, 6.25],
							"pivot": [0.0068, 0.01509, -2.75],
							"rotation": [0, 0, 45],
							"uv": {
								"north": {"uv": [14, 7], "uv_size": [1, 1]},
								"east": {"uv": [5, 4], "uv_size": [8, 1]},
								"south": {"uv": [14, 9], "uv_size": [1, 1]},
								"west": {"uv": [6, 5], "uv_size": [8, 1]}
							}
						},
						{
							"origin": [-0.8682, -0.34735, -3.75],
							"size": [0.625, 0.72488, 6.25],
							"uv": {
								"north": {"uv": [14, 10], "uv_size": [1, 1]},
								"east": {"uv": [7, 6], "uv_size": [8, 1]},
								"south": {"uv": [14, 11], "uv_size": [1, 1]},
								"west": {"uv": [8, 8], "uv_size": [8, 1]}
							}
						}
					]
				},
				{
					"name": "m4_muzzle_c",
					"parent": "mk18_mod1_muzzle_silencer",
					"pivot": [-7.9932, 7.46821, 10]
				},
				{
					"name": "compensator",
					"parent": "m4_muzzle_c",
					"pivot": [-7.97489, 8.23656, 8.74608]
				},
				{
					"name": "octagon13",
					"parent": "compensator",
					"pivot": [-7.9932, 7.46821, 10]
				},
				{
					"name": "group7",
					"parent": "m4_muzzle_c",
					"pivot": [-7.9932, 10.62446, -7]
				},
				{
					"name": "group8",
					"parent": "group7",
					"pivot": [-7.9932, 6.62446, -6.85937]
				},
				{
					"name": "group9",
					"parent": "group7",
					"pivot": [-7.9932, 6.62446, -6.85937]
				},
				{
					"name": "m4_muzzle_b",
					"parent": "mk18_mod1_muzzle_silencer",
					"pivot": [-7.9932, 7.46821, 10]
				},
				{
					"name": "group10",
					"parent": "m4_muzzle_b",
					"pivot": [-7.9932, 10.62446, -7]
				},
				{
					"name": "group11",
					"parent": "m4_muzzle_b",
					"pivot": [-7.9932, 10.62446, -6.29687]
				},
				{
					"name": "grip2",
					"parent": "mk18_mod1_muzzle_silencer",
					"pivot": [-8.35921, 6.26683, 4.65625]
				},
				{
					"name": "handstops",
					"parent": "mk18_mod1_muzzle_silencer",
					"pivot": [-7.9932, 6.72417, 7.85706]
				},
				{
					"name": "bolt",
					"parent": "mk18_mod1_muzzle_silencer",
					"pivot": [-7.9932, 7.46821, 10]
				},
				{
					"name": "group12",
					"parent": "bolt",
					"pivot": [-8.02823, 15.99423, 13.95135]
				},
				{
					"name": "rearsight",
					"parent": "mk18_mod1_muzzle_silencer",
					"pivot": [-7.9932, 7.46821, 10]
				},
				{
					"name": "rotate",
					"parent": "rearsight",
					"pivot": [-7.9932, 7.46821, 10]
				},
				{
					"name": "group13",
					"parent": "rearsight",
					"pivot": [-7.9932, 10.71821, -0.5625]
				},
				{
					"name": "octagon14",
					"parent": "rearsight",
					"pivot": [-7.9932, 7.46821, 10]
				},
				{
					"name": "foresight",
					"parent": "mk18_mod1_muzzle_silencer",
					"pivot": [-7.9932, 7.46821, 10]
				},
				{
					"name": "group14",
					"parent": "foresight",
					"pivot": [-7.9932, 10.71821, -0.5625]
				},
				{
					"name": "rotate2",
					"parent": "foresight",
					"pivot": [0.0068, 2.71821, -8.5625]
				},
				{
					"name": "foresightfold",
					"parent": "mk18_mod1_muzzle_silencer",
					"pivot": [-7.9932, 7.46821, 10]
				},
				{
					"name": "group15",
					"parent": "foresightfold",
					"pivot": [-7.9932, 10.71821, -0.5625]
				},
				{
					"name": "rotate3",
					"parent": "foresightfold",
					"pivot": [0.0068, 2.71821, -8.5625]
				},
				{
					"name": "rearsightfold",
					"parent": "mk18_mod1_muzzle_silencer",
					"pivot": [-7.9932, 7.46821, 10]
				},
				{
					"name": "rotate4",
					"parent": "rearsightfold",
					"pivot": [-7.9932, 7.46821, 10]
				},
				{
					"name": "group16",
					"parent": "rearsightfold",
					"pivot": [-7.9932, 10.71821, -0.5625]
				},
				{
					"name": "octagon15",
					"parent": "rearsightfold",
					"pivot": [-7.9932, 7.46821, 10]
				},
				{
					"name": "B5_stock",
					"parent": "mk18_mod1_muzzle_silencer",
					"pivot": [-7.9932, 11.88328, 30.09375]
				},
				{
					"name": "group17",
					"parent": "B5_stock",
					"pivot": [-9.06723, 7.87528, 20.75]
				}
			]
		}
	]
}